ply
format ascii 1.0
element vertex 15000
property float x
property float y
property float z
property uchar red
property uchar green
property uchar blue
end_header
30.022912 -36.104019 -1.871111 1 255 253
95.331312 -68.936689 5.800189 199 0 0
66.164566 -28.960266 -0.209931 123 255 131
-65.950274 -59.782578 1.332978 237 255 17
-47.960092 -77.795254 3.696471 255 98 0
89.652827 -23.062858 -2.098000 0 240 255
-118.736327 -82.613943 -2.982549 0 175 255
77.094820 -77.912649 1.063140 217 255 37
71.296663 40.365533 -0.250004 120 255 134
-7.695611 -49.699335 1.492533 249 255 5
-47.272218 47.768571 4.074574 255 71 0
-53.177853 -15.224918 -3.036998 0 171 255
-58.831299 12.436089 -1.635464 19 255 235
-13.181687 60.290282 3.249564 255 131 0
1.091582 -70.986905 -0.502977 102 255 152
12.839364 -85.766146 -1.343213 40 255 214
118.920068 -26.341573 -0.629883 93 255 161
70.238861 81.606743 -0.179263 126 255 128
29.323015 -25.398498 1.726896 255 243 0
117.350435 -16.337023 -3.105287 0 166 255
-68.325912 19.331676 -0.393592 110 255 144
-81.549112 -89.759308 -0.488791 103 255 151
27.009505 16.658980 3.731989 255 96 0
-109.453918 28.235501 0.865378 202 255 52
-111.436733 73.606043 -4.955946 0 30 255
3.573317 26.124822 0.171067 151 255 103
-8.110554 29.981342 0.113214 147 255 107
100.120266 -73.102055 4.577322 255 34 0
31.014301 -9.963187 4.752893 255 21 0
3.388235 -52.105615 -0.942958 70 255 184
-0.750376 -35.131168 -0.488809 103 255 151
-60.596419 -76.556973 1.544443 252 255 2
-117.169434 -20.321518 2.259764 255 204 0
-73.823485 -63.005635 -1.119727 57 255 197
46.087709 -35.541715 -1.662497 17 255 237
-71.854386 -83.986325 -0.374207 111 255 143
-31.311285 85.484253 2.283262 255 202 0
-119.103782 -16.231097 3.644564 255 102 0
79.211455 -30.034929 -0.727950 85 255 169
-82.929341 33.755658 -0.966345 68 255 186
-55.776167 45.059213 1.682420 255 246 0
91.279717 32.195863 -0.205907 124 255 130
2.349794 -33.144493 -0.380285 111 255 143
83.316059 8.019692 -2.961965 0 176 255
33.532120 -12.579668 4.545985 255 36 0
58.025027 45.895027 -2.100243 0 240 255
-98.041055 -19.418703 3.170439 255 137 0
9.874517 76.208259 -1.853556 3 255 251
1.865337 -15.667186 -0.146868 128 255 126
89.121450 -50.451815 3.427234 255 118 0
-33.296626 66.353878 5.861325 194 0 0
23.564176 -77.832203 -3.385673 0 145 255
-105.779606 88.877484 -1.845352 3 255 251
-26.968368 88.156547 1.406568 242 255 12
-42.471277 -1.431862 -5.414063 0 0 251
-83.952065 -32.755591 -0.233104 122 255 132
75.921145 -69.667435 1.510763 250 255 4
-28.932919 -9.044663 -4.601158 0 56 255
114.899492 39.456138 1.830226 255 236 0
21.598006 -52.914807 -4.122044 0 91 255
25.213501 33.595672 0.040870 142 255 112
33.119179 -34.224813 -1.011732 65 255 189
42.348059 7.507012 6.036750 182 0 0
-83.810875 52.828067 -2.868305 0 183 255
-14.324768 -2.771484 -3.472420 0 139 255
-62.504649 28.496528 0.206120 154 255 100
-23.400408 -27.472675 -0.956960 69 255 185
-96.791017 14.798073 3.280565 255 129 0
112.278732 56.350744 5.442058 225 0 0
-68.399031 68.658175 0.298706 161 255 93
41.223639 80.944755 -4.064781 0 95 255
-47.899180 -38.408384 1.949675 255 227 0
89.778486 -71.664674 4.046771 255 73 0
38.931537 -84.920684 -2.964452 0 176 255
-88.412204 -62.239290 -3.707501 0 121 255
82.817837 39.128235 1.636309 255 250 0
106.787561 -56.044360 6.156342 173 0 0
96.940029 47.905453 4.745281 255 21 0
16.732595 -80.265480 -3.088641 0 167 255
-85.089611 51.258723 -2.550055 0 206 255
-73.808761 -16.742923 0.360710 165 255 89
102.697364 -61.457583 5.601137 214 0 0
12.558357 16.970006 2.240703 255 205 0
-76.667400 45.766076 -1.318850 42 255 212
92.173655 -79.714738 3.955424 255 79 0
33.977209 -15.709678 4.113881 255 68 0
16.726626 -72.897473 -3.370735 0 146 255
-29.690919 81.596501 3.443599 255 117 0
-21.370732 -12.718280 -4.217216 0 84 255
-62.522589 -5.619128 -1.950702 0 251 255
-110.866251 17.552591 3.539862 255 110 0
90.292514 57.444515 4.663353 255 27 0
-7.744748 78.885764 1.373738 240 255 14
11.432448 -17.523131 2.182592 255 210 0
-42.680806 -14.126933 -4.383917 0 72 255
60.317981 60.459717 -2.370444 0 220 255
-113.952751 42.766562 -2.387269 0 218 255
-30.675535 32.615608 0.522135 177 255 77
-112.715929 54.704572 -4.199877 0 85 255
-90.505895 77.567488 -3.521442 0 135 255
112.115576 -80.604373 3.687989 255 99 0
37.862575 12.496482 5.036451 255 0 0
-17.227141 -42.478131 2.610301 255 178 0
5.697626 75.446521 -0.957312 69 255 185
89.474210 -86.121229 1.829653 255 236 0
-37.389440 -18.022625 -3.762826 0 117 255
21.669836 -5.436529 4.653790 255 28 0
44.084250 -75.600840 -4.406577 0 70 255
-34.700694 -30.288044 -0.856161 76 255 178
4.583637 -21.211994 0.184499 152 255 102
63.659372 -71.632154 -1.875156 1 255 253
98.203035 48.306136 4.787846 255 18 0
-83.745053 -26.540438 0.942932 208 255 46
104.020654 -6.758216 -5.300502 0 4 255
-118.757072 54.582891 -4.511903 0 62 255
60.714601 74.326389 -1.887522 0 255 254
74.526439 -43.459081 0.435745 171 255 83
-87.176628 45.557567 -3.409194 0 143 255
-19.463124 -36.496551 1.073644 218 255 36
75.661507 81.236518 0.774746 196 255 58
-116.574914 76.188713 -4.267564 0 80 255
30.830867 -0.755629 5.419326 227 0 0
70.325678 -73.428024 0.322192 163 255 91
3.120860 63.509884 -0.570283 97 255 157
54.203861 33.149632 -0.148884 128 255 126
-65.658364 52.581519 1.343539 238 255 16
-72.354924 2.444459 0.397458 168 255 86
-32.849532 83.197660 3.339483 255 125 0
-76.942553 -25.880063 0.495860 175 255 79
-36.945255 48.567000 4.353305 255 50 0
107.549775 -72.205161 5.316430 234 0 0
17.599852 75.668511 -3.746220 0 119 255
-38.383664 -29.541539 -0.667466 90 255 164
-54.834091 -64.929767 3.717886 255 97 0
108.489478 -14.116499 -5.107364 0 19 255
-13.325230 -66.434239 3.846257 255 87 0
115.294740 13.526887 -3.825303 0 113 255
3.725441 24.202018 0.626601 185 255 69
5.079871 -46.928104 -0.362126 112 255 142
95.169726 -73.707270 4.898036 255 10 0
58.264180 62.475435 -2.772716 0 190 255
19.356687 32.355104 0.349164 165 255 89
-17.604119 21.580253 -2.179608 0 234 255
90.765086 82.940670 2.145043 255 213 0
-21.204924 -70.481020 4.865196 255 13 0
101.462298 4.933887 -5.836352 0 0 220
-103.508315 -80.666660 -3.408256 0 143 255
-16.800753 66.143239 4.286792 255 55 0
4.683557 61.801497 -1.490110 29 255 225
108.225167 -18.856328 -3.500781 0 137 255
-59.760181 16.149481 -2.187801 0 233 255
73.449395 43.358117 0.567123 181 255 73
42.353088 26.785161 1.244889 230 255 24
52.100617 35.412678 -0.572785 97 255 157
31.109324 -42.296945 -2.412224 0 217 255
113.174570 40.560919 2.555652 255 182 0
-40.156450 44.131220 3.372356 255 122 0
-24.413866 -2.438016 -5.259745 0 7 255
-71.301179 7.643812 0.346484 164 255 90
-107.831027 -16.714293 3.832565 255 88 0
-68.902033 19.917384 -0.047403 135 255 119
99.711455 73.992109 4.581096 255 33 0
81.640516 -83.659942 1.255095 231 255 23
-93.022622 48.197093 -3.771767 0 117 255
24.906966 41.229415 -2.218281 0 231 255
-4.992841 -11.969362 -0.923271 71 255 183
22.724369 -52.292210 -4.516337 0 62 255
38.226002 22.744705 2.879846 255 159 0
-46.401722 47.398677 3.852050 255 87 0
110.724203 -62.420453 6.377613 156 0 0
-8.198392 11.490903 -1.638091 18 255 236
30.744205 44.020817 -3.472321 0 139 255
32.454284 -42.017840 -3.422306 0 142 255
-75.866545 58.565310 -1.137383 55 255 199
-105.152300 8.214525 5.842574 196 0 0
-21.235962 -76.256727 4.311864 255 53 0
63.367221 59.974093 -1.880868 1 255 253
75.653229 -83.966269 0.401875 168 255 86
55.197420 58.420339 -3.104993 0 166 255
-92.830811 9.325534 4.614747 255 31 0
99.205167 -88.949512 0.691198 190 255 64
72.488779 -62.941174 0.947696 209 255 45
90.645928 -67.108850 4.295410 255 54 0
5.592997 26.489265 0.850519 201 255 53
99.752504 48.027696 4.697615 255 25 0
-108.803463 -24.547871 1.314065 235 255 19
-112.730680 26.030108 1.613274 255 252 0
-115.148262 10.963845 4.566210 255 35 0
-59.335517 64.388474 2.931176 255 155 0
-60.343254 -46.671661 1.302113 235 255 19
-74.999200 -67.189569 -1.840127 4 255 250
16.093396 -16.312413 3.036609 255 147 0
-110.643398 60.313759 -6.415707 0 0 177
21.693088 -43.771405 -2.910650 0 180 255
-80.157323 57.043234 -2.429095 0 215 255
42.689690 -73.966531 -4.528587 0 61 255
-114.941915 64.553027 -5.235108 0 9 255
-45.463153 -9.583203 -3.945048 0 104 255
105.201909 59.455599 6.329060 160 0 0
9.215131 -6.187748 2.252061 255 205 0
74.780977 4.822888 -1.336565 41 255 213
37.926260 35.229887 -1.375025 38 255 216
26.580189 -59.964549 -5.456064 0 0 248
-74.099357 -85.450264 0.240825 157 255 97
17.854740 -20.004593 2.579011 255 181 0
-110.475260 -65.939975 -5.758932 0 0 226
72.399457 -48.970511 0.129264 148 255 106
110.417020 -59.687906 4.879087 255 12 0
84.962177 -68.841397 3.587419 255 107 0
-107.829685 62.708133 -6.201914 0 0 193
-38.721580 21.874202 -2.583716 0 204 255
-43.679233 -26.371075 -1.763897 9 255 245
-92.947922 70.086519 -4.581966 0 57 255
30.386837 -88.249366 -1.813090 6 255 248
71.389962 74.249433 0.147915 150 255 104
-44.706847 53.789565 4.988379 255 4 0
87.074216 -5.552703 -4.206139 0 85 255
71.310459 78.564586 0.272175 159 255 95
-89.006894 -27.467446 0.640952 186 255 68
64.046198 -64.858873 -1.370026 38 255 216
91.828973 -71.793945 3.943824 255 80 0
-72.652183 41.542933 -0.405068 109 255 145
17.673883 -36.181645 -0.816803 79 255 175
33.299992 -42.046370 -2.733549 0 193 255
26.240222 54.918527 -4.932466 0 31 255
-96.901037 66.795731 -5.073819 0 21 255
38.685951 -20.802833 3.079007 255 144 0
31.669134 -28.005184 1.895735 255 231 0
77.732517 2.662925 -2.252149 0 228 255
72.843048 -17.489365 -1.218902 49 255 205
-41.479630 68.387523 4.768063 255 20 0
53.291360 5.648284 3.248573 255 131 0
88.145613 -42.117091 2.236527 255 206 0
94.307462 -88.974367 0.803969 198 255 56
-81.237042 80.225731 -2.412728 0 217 255
-113.591436 -29.263899 0.829131 200 255 54
36.193786 79.571410 -4.632805 0 53 255
-68.477695 69.636013 0.357923 165 255 89
15.290334 -13.255007 3.298741 255 128 0
106.753087 -48.718421 4.948662 255 6 0
-28.963290 40.111665 2.513407 255 185 0
-59.334108 -72.930631 1.899799 255 231 0
-10.437588 -78.782232 1.550069 253 255 1
37.738539 -84.811968 -2.214782 0 231 255
-95.736248 12.133413 5.074727 252 0 0
-28.659657 50.506364 4.551697 255 36 0
-87.906915 26.524434 1.352536 238 255 16
38.987093 76.878106 -4.247501 0 82 255
79.332608 -75.665138 1.872302 255 233 0
-29.555092 41.941085 3.283580 255 129 0
-30.786251 36.446987 1.155254 224 255 30
9.485198 39.755779 -0.807411 80 255 174
-68.386133 2.423545 -0.177783 126 255 128
-60.621698 -65.611821 2.332165 255 199 0
-40.835452 -27.850199 -1.225316 49 255 205
-10.217832 -46.280915 2.333132 255 199 0
-100.432450 82.468131 -3.549986 0 133 255
60.655713 49.553433 -2.204045 0 232 255
18.973098 74.431473 -4.270856 0 80 255
-48.073471 13.754345 -3.927178 0 105 255
-101.388823 -79.537650 -4.048870 0 96 255
63.163428 44.326157 -1.348781 40 255 214
-88.541043 -24.781954 1.843275 255 235 0
-88.030406 27.389218 0.917818 206 255 48
-88.635781 -11.181742 4.011851 255 75 0
-100.497045 12.297691 4.331220 255 52 0
97.534168 -60.996819 5.552502 217 0 0
-55.381368 71.821473 3.809647 255 90 0
-46.461461 -33.332598 0.865340 202 255 52
79.870634 65.039951 2.770766 255 167 0
28.781630 73.313659 -4.597347 0 56 255
-75.085587 12.781499 1.390749 241 255 13
-15.644781 -60.984481 3.980142 255 78 0
92.141392 -17.677891 -3.063923 0 169 255
-29.910236 1.314494 -5.661373 0 0 233
50.611573 -37.707806 -1.541987 26 255 228
-96.766150 -76.441276 -3.748627 0 118 255
54.557946 81.284292 -1.446342 33 255 221
66.353646 18.812353 0.618847 184 255 70
78.184028 2.159794 -2.190307 0 233 255
41.808238 -71.861699 -4.307864 0 77 255
-31.024129 3.818220 -5.626914 0 0 235
-104.589120 55.378222 -5.366322 0 0 255
4.506296 -57.394459 -0.980611 67 255 187
61.790378 74.775528 -1.698773 14 255 240
-74.198831 -53.496738 -1.146032 55 255 199
-56.103066 -66.228912 3.719908 255 97 0
8.668810 48.212440 -2.184204 0 233 255
59.599575 -56.461612 -2.136472 0 237 255
95.180815 69.289332 5.721076 205 0 0
-89.822036 -42.459720 -2.519217 0 209 255
-75.775149 -74.447636 -1.435357 33 255 221
71.888873 21.496820 0.443091 171 255 83
34.685190 -86.599969 -2.270945 0 227 255
53.033470 -70.299133 -3.994019 0 100 255
119.225080 15.399226 -3.068919 0 168 255
105.403190 43.655211 3.090989 255 143 0
82.326016 0.749733 -3.895400 0 108 255
66.507794 59.748016 -0.849502 76 255 178
-25.195388 -59.552034 5.210557 242 0 0
33.894987 54.229651 -5.692077 0 0 231
-75.733046 -9.075512 1.189990 226 255 28
62.278672 64.333855 -2.178280 0 234 255
61.845759 -65.005561 -2.171054 0 234 255
53.110851 6.954013 3.085482 255 143 0
-13.248234 -73.177819 3.225484 255 133 0
-29.236721 -59.494917 5.633648 211 0 0
-19.254976 -26.486859 -1.221289 49 255 205
-111.998584 9.488142 4.969738 255 5 0
82.636828 11.247075 -2.459836 0 213 255
10.168771 -46.254112 -1.661913 17 255 237
-26.995527 -35.191948 1.851220 255 234 0
11.526904 84.073450 -2.177783 0 234 255
53.193652 -85.098240 -1.492152 29 255 225
-28.449391 -18.264918 -3.151300 0 162 255
79.353762 62.448786 1.509129 250 255 4
100.671203 32.987960 0.682013 189 255 65
-27.016249 13.927736 -4.336185 0 75 255
-86.924123 -61.836825 -4.198671 0 85 255
62.489591 -44.371213 -1.156284 54 255 200
118.307726 88.898463 1.455551 246 255 8
-84.482844 12.111046 2.909816 255 156 0
51.042162 -37.949378 -1.673850 16 255 238
78.077616 77.321052 1.987975 255 224 0
100.937267 57.100130 5.689707 207 0 0
-90.388461 46.136195 -2.908851 0 180 255
-97.965621 -48.186680 -3.309137 0 151 255
117.089180 -17.225416 -3.775738 0 116 255
-91.978444 61.900769 -5.331911 0 2 255
-77.566186 -39.087664 -1.000013 65 255 189
17.988704 83.517859 -2.241027 0 229 255
-12.894471 -14.893825 -1.818738 5 255 249
60.094126 0.894952 2.709768 255 171 0
-74.266260 47.852552 -0.477262 104 255 150
99.462663 -72.403676 5.854529 195 0 0
-67.873237 21.906786 -0.919897 71 255 183
64.586638 18.329239 0.741603 193 255 61
-103.775154 -59.814729 -6.151203 0 0 197
-6.383379 -59.391262 1.836095 255 235 0
-112.186002 -84.793886 -2.926169 0 179 255
-44.685430 -23.579394 -1.491314 29 255 225
-45.064638 25.578982 -1.711689 13 255 241
52.739625 -76.762085 -3.454750 0 140 255
-10.795804 2.866836 -3.126942 0 164 255
-106.374153 -58.713830 -6.304317 0 0 186
118.886798 57.737146 4.661696 255 28 0
93.287834 -77.372931 3.706257 255 98 0
99.917744 -89.019942 1.634906 255 250 0
-60.821873 29.927744 -0.333564 114 255 140
-25.413539 -26.378786 -1.190584 51 255 203
-65.476920 73.879830 1.073892 218 255 36
-90.022468 -20.118466 2.925872 255 155 0
-112.074258 52.244063 -4.632636 0 53 255
0.800748 -3.755370 0.034136 141 255 113
-90.447923 -1.919799 5.225230 241 0 0
-77.686951 -19.978100 0.937349 208 255 46
86.514163 35.806084 0.585537 182 255 72
-3.781736 -84.128959 0.808674 198 255 56
-75.911155 56.121530 -1.966163 0 249 255
40.767494 28.943826 0.483664 174 255 80
-56.192429 41.805492 1.188263 226 255 28
6.464928 -71.377226 -2.082591 0 241 255
-52.091312 39.052350 1.708206 255 245 0
3.878685 2.786802 0.713377 191 255 63
30.848062 39.099791 -1.622041 20 255 234
8.689939 4.515839 2.740076 255 169 0
-25.055014 70.260884 5.177126 245 0 0
69.795312 55.873057 -0.233126 122 255 132
89.624988 12.705220 -3.761718 0 117 255
-76.950897 87.694119 -0.695789 88 255 166
-87.285906 3.599647 4.574330 255 34 0
-92.834006 -27.716237 0.288369 160 255 94
115.103215 65.368918 5.257456 239 0 0
105.981913 -56.436039 5.716171 205 0 0
-64.639876 48.234355 1.174119 225 255 29
112.777818 8.710759 -4.841375 0 38 255
-70.123760 86.965154 -0.165911 127 255 127
1.554244 -81.244237 -0.037501 136 255 118
-0.627589 -36.748913 -0.366812 112 255 142
99.589417 76.299243 4.958670 255 6 0
-110.273074 14.632944 4.458213 255 43 0
-44.315805 -51.956215 4.638957 255 29 0
23.993928 36.511197 -0.942667 70 255 184
-104.064428 -1.142703 5.738591 203 0 0
-63.227862 12.862291 -1.992361 0 247 255
-8.384771 -58.779425 2.340469 255 198 0
91.405686 -84.507382 2.350188 255 197 0
62.630285 73.077761 -1.779590 8 255 246
78.955313 29.760118 -0.436720 107 255 147
62.656745 84.492161 -0.729299 85 255 169
49.852986 -0.498222 4.998408 255 3 0
83.926402 -41.263602 1.363037 239 255 15
43.554406 -80.879510 -3.928580 0 105 255
56.563934 10.261368 3.172493 255 137 0
-47.605319 50.307398 3.711179 255 97 0
-79.766227 76.781714 -1.548821 25 255 229
61.565995 -21.932923 1.488340 248 255 6
-80.199049 -41.337790 -1.487121 30 255 224
100.669404 -47.141038 4.983955 255 4 0
23.194281 78.583344 -3.749070 0 118 255
-40.935813 32.106428 0.170003 151 255 103
104.794358 5.911785 -5.775382 0 0 224
-82.768735 75.581528 -2.498157 0 210 255
3.471921 44.289731 -0.268076 119 255 135
-98.027022 6.085492 5.589677 214 0 0
111.702650 49.097366 4.171015 255 64 0
18.090255 29.747436 0.252668 157 255 97
72.879983 45.198197 -0.013378 138 255 116
-52.338620 -29.700361 -0.718028 86 255 168
72.431190 36.718455 0.245764 157 255 97
48.682072 -60.853723 -4.857777 0 37 255
34.483553 -81.944726 -3.658298 0 125 255
108.135076 0.140237 -5.849390 0 0 219
-15.962079 47.372834 2.567534 255 181 0
-20.378776 -49.860117 3.783115 255 92 0
46.109071 69.925401 -4.906126 0 33 255
80.413273 -5.940316 -2.288293 0 226 255
-39.581755 29.661567 -0.157673 127 255 127
40.717693 66.521029 -6.048007 0 0 204
-69.831022 53.721720 -0.140032 129 255 125
12.407994 27.377848 0.024723 141 255 113
64.601208 -39.931749 0.118990 148 255 106
-104.324412 -58.061004 -6.569970 0 0 166
54.682096 12.829319 2.999114 255 150 0
-116.296206 16.378518 3.010414 255 149 0
110.004007 17.779727 -3.660432 0 125 255
-7.519248 -18.575664 -1.120554 57 255 197
-21.822994 -58.168344 5.063719 253 0 0
52.906716 76.758831 -3.392810 0 145 255
5.591729 31.914830 0.204789 154 255 100
55.403725 34.376409 -0.779988 82 255 172
-99.658105 -85.641013 -2.771587 0 190 255
15.070049 5.526865 3.337883 255 125 0
13.946086 5.817615 3.101408 255 142 0
103.707334 -76.400723 5.246743 240 0 0
-110.494661 -50.960021 -4.500633 0 63 255
-11.323286 -61.724084 3.137636 255 140 0
31.457499 21.307902 2.162979 255 211 0
12.179268 66.833885 -3.100507 0 166 255
-102.201337 23.546533 2.503359 255 186 0
22.374814 -31.309734 -0.592352 95 255 159
-66.672748 62.420542 1.179114 226 255 28
-73.068197 9.005297 0.405902 169 255 85
90.885812 57.853645 4.713202 255 24 0
-72.517894 14.774093 0.620505 184 255 70
-10.970220 -61.261369 2.789422 255 165 0
60.068852 -12.957210 2.019231 255 222 0
49.755693 -41.986297 -2.216350 0 231 255
12.830161 -33.518775 0.058273 143 255 111
73.690979 -79.960722 1.210334 228 255 26
-8.204118 48.835744 2.128453 255 214 0
28.892504 11.450961 4.904153 255 10 0
76.539994 -32.434654 -0.611968 94 255 160
42.741993 38.544607 -2.356471 0 221 255
34.038808 -5.028789 5.635600 211 0 0
-22.529106 -76.829079 4.113735 255 68 0
13.997630 54.650916 -2.833110 0 186 255
-24.940161 55.547819 4.915904 255 9 0
58.630141 9.679492 2.324614 255 199 0
-28.696763 26.313449 -1.425319 34 255 220
-8.010923 10.933036 -1.739771 11 255 243
61.309702 -37.944409 -0.479679 104 255 150
0.877392 -79.868401 0.109146 147 255 107
-38.872183 26.714035 -1.451375 32 255 222
78.436545 -39.250847 -0.000383 139 255 115
-28.568977 43.650875 3.157712 255 138 0
82.734984 -34.561438 -0.523706 100 255 154
68.457697 -20.432297 0.129481 148 255 106
-12.650682 72.685248 3.786599 255 92 0
51.093826 -69.960049 -3.767461 0 117 255
-111.746472 -42.292038 -2.825253 0 186 255
-26.448383 34.622759 1.665902 255 248 0
86.480085 -13.142748 -3.605203 0 129 255
19.089446 66.211043 -4.337701 0 75 255
13.878198 -67.750119 -3.216484 0 157 255
39.537333 -86.895090 -2.351573 0 221 255
42.641192 53.883363 -5.285708 0 5 255
20.063580 -61.824006 -4.461902 0 66 255
-19.048965 -38.879145 1.742030 255 242 0
-75.963915 -54.637102 -1.703333 14 255 240
-49.765912 -11.733986 -3.964712 0 103 255
-49.698678 73.183069 4.334681 255 52 0
-16.621218 -2.608346 -4.117470 0 91 255
119.774101 40.342133 1.761470 255 241 0
-35.387534 -61.908495 6.128655 175 0 0
-12.628972 6.410240 -3.108648 0 165 255
-30.809385 -50.234091 4.811954 255 17 0
19.542657 -50.518067 -4.183809 0 86 255
107.495659 -34.608694 0.928935 207 255 47
93.377494 -20.430474 -2.861855 0 184 255
-29.486701 39.180759 1.698370 255 245 0
-55.943726 -71.680720 3.707224 255 98 0
92.255665 -42.806671 2.790931 255 165 0
-1.479999 84.700364 0.271094 159 255 95
44.529875 -25.064213 2.005419 255 223 0
-102.410059 -86.248441 -1.835129 4 255 250
87.973847 66.571227 4.658119 255 28 0
-44.888361 -88.869192 1.200215 227 255 27
-1.313530 -21.875178 -0.082070 133 255 121
-72.474940 38.265520 -0.446849 106 255 148
-19.141771 79.471148 2.988120 255 151 0
78.731740 70.535057 2.310248 255 200 0
78.619019 78.515325 2.058983 255 219 0
-6.318717 16.736279 -1.497685 29 255 225
64.298568 84.079565 -0.444276 106 255 148
-10.063952 -48.049181 2.077828 255 217 0
-30.394478 -32.169063 -0.135189 129 255 125
11.013354 27.582649 1.564198 254 255 0
-71.678216 22.932843 0.172678 152 255 102
-44.025234 57.700168 5.746185 203 0 0
49.566905 -67.813753 -4.608705 0 55 255
64.923356 -22.944571 0.673605 188 255 66
-106.390048 22.721146 2.836745 255 162 0
55.878274 -74.340408 -2.929101 0 179 255
76.183185 0.820428 -1.684974 15 255 239
-13.153542 67.955055 3.683502 255 99 0
-105.011061 -85.553723 -2.132379 0 237 255
43.899181 60.321772 -4.600495 0 56 255
-60.920722 39.401958 1.022757 214 255 40
34.405759 -12.698762 4.214847 255 60 0
-29.610598 -50.919197 4.330874 255 52 0
32.919245 50.886347 -4.748864 0 45 255
-58.047629 -25.953264 -1.161548 54 255 200
-5.631115 23.077008 -1.104955 58 255 196
5.921937 -66.894534 -1.136992 55 255 199
31.443164 47.063607 -4.741242 0 45 255
-71.239718 75.129159 -0.880147 74 255 180
110.892258 75.678280 4.687090 255 26 0
-50.606862 86.538257 2.143321 255 213 0
-46.555168 -78.741532 3.927213 255 82 0
-58.485028 56.088883 2.367254 255 196 0
-103.805697 -46.271684 -3.780613 0 116 255
-18.498501 -70.678190 3.751101 255 94 0
65.240715 53.029409 -0.968711 68 255 186
50.296065 71.128634 -5.298165 0 5 255
-73.062611 -77.791744 -1.081811 59 255 195
-87.136343 -52.635948 -3.548764 0 133 255
-42.857294 -4.600709 -5.522815 0 0 243
64.381237 65.935004 -1.290244 44 255 210
-2.861247 -6.724668 -2.088937 0 240 255
101.564204 -81.497148 4.027514 255 74 0
37.532104 41.641319 -2.605695 0 202 255
29.017627 81.648068 -2.671675 0 198 255
64.245870 -61.327031 -1.674345 16 255 238
60.061979 58.343794 -2.152526 0 236 255
-37.478850 82.197189 3.596915 255 106 0
-58.317984 -14.785380 -2.258514 0 228 255
-14.970866 60.042481 3.893676 255 84 0
-2.580677 24.221585 -0.205255 124 255 130
-85.986535 86.242107 -1.307155 43 255 211
-14.080273 30.970297 -0.136196 129 255 125
33.557581 -37.701062 -1.814537 6 255 248
-87.428519 37.264665 -1.491071 29 255 225
-86.870907 -29.968206 0.162167 151 255 103
-78.306861 -26.390696 0.638176 186 255 68
-52.000463 -89.304523 1.173013 225 255 29
110.810226 -75.530957 4.793944 255 18 0
-113.810090 -56.631655 -4.919161 0 32 255
-75.902612 30.336906 -0.165378 127 255 127
-80.388519 3.301554 2.450075 255 190 0
-6.156474 -18.486386 -1.568543 24 255 230
-116.382533 19.889278 3.293665 255 128 0
-10.038427 -32.712915 0.861342 202 255 52
-80.898612 -30.850216 0.222183 155 255 99
-55.286347 19.792250 -1.769378 9 255 245
70.185745 44.702354 -0.199095 124 255 130
-75.823867 43.012879 -0.822750 78 255 176
28.110920 9.545764 5.592647 214 0 0
-22.485055 86.201444 2.114130 255 215 0
-19.777063 88.284196 0.880540 204 255 50
76.042900 77.362203 1.356303 239 255 15
-81.380411 -36.762564 -0.776014 82 255 172
101.714454 43.612948 3.726344 255 96 0
94.437806 -70.537505 5.570826 216 0 0
40.397271 88.494049 -1.619389 20 255 234
-108.132643 12.721263 4.960884 255 6 0
39.194047 -77.410445 -4.029523 0 98 255
24.083444 -67.097724 -5.473423 0 0 247
65.329418 26.411360 0.235803 156 255 98
-68.680420 32.648377 -0.551746 98 255 156
108.805442 -23.282524 -2.227770 0 230 255
92.687316 -9.685698 -4.279928 0 79 255
-92.554286 55.801607 -4.668423 0 51 255
-44.351554 50.905210 4.699043 255 25 0
-112.213395 46.113846 -4.046760 0 96 255
79.427331 -21.951820 -1.423626 34 255 220
99.622739 -27.139241 -0.769293 82 255 172
117.554220 28.544821 -0.467588 105 255 149
26.862004 -72.816656 -5.035361 0 24 255
39.836539 31.722151 0.140900 149 255 105
42.817328 33.846447 -0.932245 70 255 184
16.835624 48.075396 -3.381714 0 145 255
108.581499 -45.712077 4.013984 255 75 0
25.886695 -28.367071 0.823486 199 255 55
-39.425751 -46.373750 4.119660 255 67 0
3.090538 -10.748118 1.568266 254 255 0
-115.520910 24.672087 1.921058 255 229 0
53.790313 -8.039211 3.724835 255 96 0
46.541058 68.363492 -4.255156 0 81 255
-18.947726 15.363975 -3.509268 0 136 255
84.355462 53.106152 3.197132 255 135 0
61.326263 83.111278 -1.331829 41 255 213
-39.195696 53.300157 5.221147 241 0 0
-101.400487 -51.061085 -4.110221 0 92 255
-88.266474 -28.556119 -0.034460 136 255 118
-75.774665 -81.437551 -0.482709 103 255 151
-47.059673 -17.385788 -3.756325 0 118 255
-12.596226 -10.054228 -3.366017 0 147 255
102.719179 -31.704285 0.050285 143 255 111
-53.179705 -22.169658 -1.836352 4 255 250
95.660559 -53.371023 4.813308 255 16 0
43.310923 57.870659 -5.780432 0 0 224
84.838300 -19.093777 -1.915210 0 253 255
-23.219185 -86.472741 1.529479 251 255 3
-119.213582 -9.926499 4.432550 255 44 0
68.872167 -23.973760 1.110957 221 255 33
-61.085796 -57.515180 1.772469 255 240 0
-85.804751 36.151168 -0.813331 79 255 175
71.877984 -15.301990 -0.337960 114 255 140
44.718876 50.540729 -4.954944 0 30 255
-69.020352 20.490579 -0.085246 133 255 121
-55.780364 82.057382 2.396465 255 194 0
105.412760 -29.313494 -0.273866 119 255 135
-55.550886 -83.077669 2.169077 255 211 0
48.577411 -56.983368 -4.873529 0 36 255
-88.907221 46.199762 -3.079135 0 168 255
75.608609 -54.947414 1.139330 223 255 31
-91.778397 16.770646 3.789556 255 92 0
3.849870 -69.565062 -1.213791 50 255 204
-111.547770 63.967074 -6.067534 0 0 203
12.018851 -20.652812 1.400924 242 255 12
83.189187 -37.468161 1.639019 255 250 0
-99.744357 70.100587 -6.011741 0 0 207
-54.178421 36.651310 1.344966 238 255 16
63.526335 18.444017 1.308328 235 255 19
25.943597 72.969902 -4.992145 0 27 255
-44.928742 55.323663 5.124689 249 0 0
30.936931 -88.517131 -2.171156 0 234 255
-10.869523 73.784002 2.570153 255 181 0
86.965504 -54.316543 4.003470 255 76 0
-49.694423 40.964155 1.925567 255 229 0
61.855345 -35.850667 -0.371138 112 255 142
32.561797 -36.657685 -1.507827 28 255 226
57.702879 -13.838402 2.626685 255 177 0
-29.217213 -88.735159 1.857008 255 234 0
53.981045 61.990268 -3.507880 0 136 255
47.622263 -42.020640 -2.559647 0 206 255
-27.002666 24.489937 -1.670854 16 255 238
-113.651465 -63.997663 -5.166180 0 14 255
111.099196 -72.479804 5.719589 205 0 0
51.264095 -86.684726 -1.572392 23 255 231
-70.862724 -2.444201 0.146639 150 255 104
55.393731 -14.961770 2.456823 255 190 0
-53.115993 39.601191 1.626061 255 251 0
-7.371506 -12.221956 -2.180952 0 234 255
86.373159 1.322198 -4.408213 0 70 255
-12.462695 12.396631 -2.325483 0 223 255
-50.878423 -63.838870 5.259708 239 0 0
-46.682133 -22.443824 -1.725163 12 255 242
-101.515856 60.048498 -6.065366 0 0 203
-67.318661 87.872730 0.677455 189 255 65
-54.934505 -2.306007 -3.540617 0 134 255
-78.487413 -33.918082 -0.433483 107 255 147
-104.864228 63.634444 -5.487860 0 0 246
-8.210601 8.530863 -1.612844 20 255 234
-68.544929 -82.550217 0.544423 179 255 75
57.304923 -60.945504 -2.944992 0 177 255
101.406663 25.305358 -1.399485 36 255 218
-54.483672 -67.842159 3.632769 255 103 0
17.339590 5.175944 4.012134 255 75 0
1.614160 83.980551 -0.385753 111 255 143
-101.973951 3.299653 6.231105 167 0 0
-90.030148 -8.223950 4.549962 255 36 0
92.347070 54.226038 5.015790 255 2 0
-6.203511 4.365457 -1.690534 15 255 239
73.106378 60.761605 0.823137 199 255 55
-104.020621 -87.823277 -1.858370 2 255 252
22.755153 61.787073 -5.071724 0 21 255
87.674869 -60.142527 4.239412 255 59 0
88.095863 -50.657250 4.153879 255 65 0
-118.626617 12.160038 4.099017 255 69 0
5.212825 33.023769 -0.998081 66 255 188
-31.438860 -60.749693 5.718291 205 0 0
62.410087 53.010845 -1.600192 21 255 233
-102.427441 -3.424870 5.977611 186 0 0
-56.417625 45.162030 2.220958 255 207 0
75.034268 -25.588957 -0.435387 107 255 147
-7.306507 -25.631803 0.028782 141 255 113
-11.243923 6.124896 -3.014040 0 172 255
112.454076 28.738613 -0.440326 107 255 147
-43.226241 48.489554 4.584347 255 33 0
-109.986706 -29.463671 0.958189 209 255 45
-25.871800 21.377862 -1.828552 4 255 250
-83.190345 -43.809289 -2.238917 0 229 255
-100.345955 36.458124 -1.649045 18 255 236
16.286486 -17.373035 2.775711 255 166 0
108.858148 76.807567 4.750872 255 21 0
19.057818 41.384992 -1.918421 0 253 255
35.307491 -76.345621 -4.869880 0 36 255
-42.329073 25.011075 -1.870055 1 255 253
17.069486 -21.533281 2.582079 255 180 0
60.538683 -31.632202 0.263048 158 255 96
21.428365 -52.222722 -3.963881 0 103 255
72.666810 36.265418 0.534536 178 255 76
12.112963 63.584544 -2.420081 0 216 255
-72.445426 -9.940996 0.624435 185 255 69
19.854301 -0.393045 4.838394 255 15 0
-2.175397 -30.002557 -0.549399 98 255 156
-80.175472 56.069461 -2.613879 0 202 255
28.599804 87.501086 -1.743045 11 255 243
76.070530 -8.683816 -1.235255 48 255 206
-87.578954 -9.054842 3.664565 255 101 0
10.787007 -55.802334 -3.057345 0 169 255
56.084912 -38.615269 -1.471216 31 255 223
-23.275777 -19.282998 -3.655317 0 125 255
-55.188902 -15.494875 -2.951507 0 177 255
-30.652701 -59.951078 5.826580 197 0 0
10.007645 -25.334726 0.994023 212 255 42
44.798490 -79.136595 -3.150570 0 162 255
14.202053 -39.289010 -1.269757 46 255 208
-94.313992 28.054195 0.669072 188 255 66
76.292734 73.352857 1.608843 255 252 0
101.726331 -50.916947 4.833303 255 15 0
-95.689718 35.966598 -0.829574 78 255 176
-60.115329 -48.552810 2.336152 255 198 0
-78.316515 80.893059 -1.931103 0 252 255
83.797240 -45.258804 2.198921 255 209 0
98.466894 -81.059455 4.304535 255 54 0
-109.374299 80.976617 -3.145077 0 163 255
-40.219341 -27.689987 -1.110645 57 255 197
-73.801293 -52.642153 -1.983869 0 248 255
-7.312150 -8.123207 -1.497417 29 255 225
101.181703 61.990725 6.095242 177 0 0
-103.158422 -19.130282 3.435015 255 118 0
-78.893013 -7.463582 2.544733 255 183 0
-3.112972 27.281788 -0.034424 136 255 118
5.768327 -85.885519 -0.383250 111 255 143
58.920308 73.305539 -2.497074 0 210 255
-14.955351 38.278192 1.234308 230 255 24
-86.127180 16.412379 2.912608 255 156 0
-35.133151 -25.729347 -1.763755 9 255 245
115.702348 84.607085 2.061705 255 219 0
60.173315 -76.608380 -2.355894 0 221 255
-92.077351 -89.045565 -1.170944 53 255 201
73.970203 16.928577 -1.004768 65 255 189
-45.377649 31.789306 -0.180271 126 255 128
67.535156 -62.831571 -0.827039 78 255 176
-116.946852 62.050916 -4.842858 0 38 255
89.104837 -11.396858 -4.576435 0 58 255
-81.045522 -29.577244 -0.585315 96 255 158
-10.619857 38.766500 1.080973 218 255 36
38.821344 -16.611667 3.929614 255 81 0
1.888696 -60.667287 0.038692 142 255 112
-80.304536 -12.607064 2.114889 255 215 0
-86.611557 -83.013796 -2.693377 0 196 255
-51.711746 -34.335607 0.748311 194 255 60
-107.425978 15.163555 4.450718 255 43 0
-68.029256 -75.523778 0.524929 177 255 77
-88.774796 -11.424746 3.943405 255 80 0
-8.448717 -3.364428 -1.416233 35 255 219
-34.437617 -83.594958 2.935579 255 154 0
20.839740 -52.073014 -4.001870 0 100 255
-52.589072 -81.713743 2.458661 255 189 0
-111.861348 3.652525 5.002425 255 3 0
-40.533561 25.257105 -2.176022 0 234 255
61.243369 -89.507551 -0.842433 77 255 177
-58.598842 12.191021 -2.483175 0 211 255
-22.908376 65.290207 4.686228 255 26 0
61.193851 -82.028233 -0.798178 80 255 174
-22.396492 16.784900 -3.419045 0 143 255
92.909792 -32.287191 -0.113712 131 255 123
100.336441 -64.193673 5.614932 213 0 0
-45.472887 66.491378 5.265617 238 0 0
56.631277 -33.948655 -0.643764 92 255 162
-59.251924 62.453449 2.367227 255 196 0
-86.514391 72.350022 -4.076037 0 94 255
-14.908550 -44.993038 2.332119 255 199 0
24.593383 67.102551 -4.632173 0 53 255
104.541814 73.730117 4.153577 255 65 0
-84.983635 -89.608041 -1.010118 65 255 189
50.967042 69.053477 -4.277120 0 80 255
-5.888519 24.416911 -0.834091 78 255 176
-88.389769 -89.270052 -0.322690 115 255 139
113.437931 4.994667 -5.319717 0 3 255
46.984548 64.025837 -5.733674 0 0 228
-89.073918 63.073097 -4.490412 0 64 255
97.381300 70.097985 4.878359 255 12 0
-95.257401 2.826414 5.679230 208 0 0
-97.761784 -71.388072 -5.199592 0 12 255
-40.427761 -28.162772 -0.534807 100 255 154
105.110198 -36.375325 1.124571 222 255 32
-112.074124 22.284390 2.625101 255 177 0
100.369738 -41.891980 3.506992 255 112 0
26.786779 10.330779 4.772760 255 19 0
-103.907607 -34.415686 -1.266612 46 255 208
16.462014 -6.264543 3.715055 255 97 0
-9.890227 25.366553 -0.703252 87 255 167
15.356292 56.975568 -3.803525 0 114 255
56.928850 -82.619931 -1.659747 17 255 237
42.868583 -8.646709 5.491096 222 0 0
119.334612 -31.509142 -0.284431 118 255 136
-82.399425 23.328524 0.707861 191 255 63
75.085301 39.446378 0.220250 155 255 99
-21.337683 38.297508 1.078920 218 255 36
67.993805 -61.824310 -0.777492 82 255 172
94.027002 -63.347274 5.208445 242 0 0
118.079565 65.636411 4.280737 255 56 0
-56.149957 -33.844271 0.411738 169 255 85
-11.294815 35.412218 0.534618 178 255 76
106.267026 -86.927768 1.553747 253 255 1
106.977211 17.460215 -4.017677 0 99 255
-30.510278 -48.107022 3.747977 255 95 0
105.650269 30.256678 -0.176664 126 255 128
-22.586123 -75.173851 4.017637 255 75 0
-30.056136 68.986033 5.702363 206 0 0
61.588655 33.712772 0.193862 153 255 101
-6.909161 22.164314 -0.634466 92 255 162
-12.432371 -4.805620 -3.144835 0 163 255
-27.331442 53.052898 5.046765 254 0 0
-16.127056 -11.087290 -3.601775 0 129 255
-86.443765 25.060790 1.210050 228 255 26
-105.351085 -18.970328 4.052333 255 72 0
60.958355 -87.617788 -1.014365 64 255 190
15.479988 -7.053287 3.519675 255 111 0
41.253756 54.411357 -5.228978 0 10 255
72.560509 25.446831 -0.148451 128 255 126
-64.774521 -74.126118 1.340259 237 255 17
-63.894497 -84.079390 0.309816 162 255 92
-53.301928 -58.629041 3.735879 255 96 0
-47.058002 22.732161 -2.245883 0 229 255
62.565820 -34.947188 -0.296797 117 255 137
-30.196419 -45.734968 4.009251 255 76 0
-42.434673 67.042375 5.618196 212 0 0
32.712377 -87.982913 -1.874916 1 255 253
-75.223080 57.798220 -1.777758 8 255 246
-94.459164 -27.285788 0.644283 186 255 68
47.311977 55.574899 -5.227959 0 10 255
61.546880 -37.821519 -0.459953 105 255 149
-48.872495 3.125347 -4.312500 0 77 255
32.649882 -64.474192 -6.302496 0 0 186
-111.821624 -40.021914 -2.918565 0 179 255
-22.963445 26.286949 -1.496621 29 255 225
18.710007 32.127716 -0.145902 128 255 126
-59.179554 -59.450700 2.471709 255 188 0
-36.428424 25.121619 -1.997628 0 247 255
26.291895 86.079897 -2.040045 0 244 255
21.575483 18.884697 2.964386 255 152 0
-82.994223 -39.624063 -1.560269 24 255 230
49.579653 32.706641 -0.817602 79 255 175
-100.792974 15.375106 4.128727 255 67 0
112.733922 28.586229 -0.485582 103 255 151
-71.433130 60.627648 -1.082591 59 255 195
-59.148446 78.315490 2.444416 255 191 0
-71.927869 -62.444397 -0.574485 97 255 157
117.959750 -45.832173 3.734350 255 96 0
-51.217219 -66.195121 4.100645 255 69 0
25.270146 89.302804 -1.671216 16 255 238
117.752197 86.986635 1.247029 231 255 23
108.016285 45.638950 3.889165 255 84 0
-109.836041 22.315735 2.547672 255 183 0
5.084177 -61.569661 -1.494035 29 255 225
24.313122 -35.213254 -1.039576 62 255 192
48.574815 -66.291467 -4.736568 0 46 255
-39.381764 -25.068790 -2.171704 0 234 255
-41.301934 -72.614906 5.335595 233 0 0
-118.971836 -86.465578 -2.433259 0 215 255
-111.543192 -79.555092 -4.060073 0 96 255
12.013720 -10.358918 2.738182 255 169 0
-101.787096 -60.841505 -6.072287 0 0 203
-71.404509 -79.555163 -0.294849 117 255 137
-40.014740 45.622475 3.203011 255 135 0
-103.086898 47.436876 -4.468887 0 65 255
-112.593638 79.881128 -3.786742 0 116 255
102.460908 54.548357 4.909652 255 9 0
-15.549929 80.721306 2.548512 255 183 0
-70.827729 27.523545 -0.442804 106 255 148
50.028432 5.437156 4.137391 255 66 0
-117.733118 -15.420904 3.069077 255 145 0
-61.195861 -29.962932 -0.168252 127 255 127
110.579913 -87.105360 1.686086 255 246 0
95.445642 37.815678 1.859533 255 233 0
32.622060 -32.577547 -0.129334 129 255 125
-97.631335 41.880219 -3.038937 0 171 255
-43.667797 79.583743 3.823450 255 89 0
-113.296188 52.329565 -4.272953 0 80 255
-67.394159 1.317451 -1.294805 44 255 210
-113.895810 10.392643 4.106556 255 68 0
-89.720717 69.580028 -3.881742 0 109 255
31.971490 -46.880476 -4.528625 0 61 255
-95.893717 15.848430 4.806471 255 17 0
-82.616862 17.388001 2.339905 255 198 0
96.673916 18.622790 -4.211096 0 84 255
-39.491418 -37.790029 2.076543 255 218 0
-40.080738 -7.704042 -5.521453 0 0 243
-99.230527 1.025509 5.781053 200 0 0
71.023325 52.616639 0.512034 176 255 78
42.330538 83.678082 -3.129033 0 164 255
11.311872 -80.506115 -2.026880 0 245 255
28.299082 53.492117 -5.134513 0 17 255
-95.908634 -2.509666 4.836105 255 15 0
-57.526544 26.108547 -0.987065 66 255 188
20.073964 7.468084 4.416738 255 46 0
108.535665 54.810291 5.393539 229 0 0
76.111666 -16.641438 -1.140896 55 255 199
33.774326 -18.590990 3.526039 255 111 0
4.516459 9.067734 0.354816 165 255 89
-116.368278 84.437470 -2.809985 0 187 255
93.771904 -13.996320 -4.774335 0 43 255
-103.955017 -13.607353 4.714457 255 24 0
-89.020548 1.212749 4.832996 255 15 0
46.337217 89.352095 -1.267162 46 255 208
74.914555 -61.056446 0.605374 183 255 71
68.772159 17.919221 -0.008848 138 255 116
-11.423011 19.754807 -1.401851 36 255 218
-77.506613 70.162189 -1.788116 7 255 247
-111.527468 -27.345279 1.367923 239 255 15
84.331106 20.866516 -1.601708 21 255 233
114.647391 -44.475317 2.867432 255 159 0
-61.407479 -20.036129 -1.158848 54 255 200
87.858319 -76.419449 3.446222 255 117 0
-23.392580 -39.629599 1.683474 255 246 0
-45.277498 -19.974195 -3.148755 0 162 255
1.237041 -36.283971 -0.168987 126 255 128
-118.039636 -15.509066 4.163873 255 64 0
-13.748527 -38.027737 1.447825 245 255 9
-72.106808 -44.115015 -0.401992 109 255 145
50.989726 -28.282871 0.678806 189 255 65
0.617131 30.798856 -0.588619 96 255 158
88.524631 22.122841 -2.033964 0 244 255
95.195566 86.338151 2.408641 255 193 0
-43.977857 -65.339730 5.283145 237 0 0
-52.707887 55.187453 4.019827 255 75 0
105.391292 -75.571435 5.258950 239 0 0
0.959414 -49.125753 -0.344985 114 255 140
-96.836274 -86.842945 -2.605794 0 202 255
-108.987569 -0.075180 5.816037 198 0 0
117.702126 -87.729661 1.511847 250 255 4
18.999271 -78.192238 -2.359875 0 220 255
-106.921686 26.324434 1.433838 244 255 10
2.701308 26.852022 0.088274 145 255 109
0.985081 -72.840568 0.078387 145 255 109
-15.506918 21.765856 -2.083951 0 241 255
108.307296 -13.053030 -4.859711 0 37 255
107.705287 66.323481 5.763757 202 0 0
-90.007757 13.776644 3.550621 255 109 0
-83.587031 4.600901 3.484552 255 114 0
-22.202735 88.463099 1.457013 246 255 8
80.166353 -40.266697 0.305611 161 255 93
29.700623 -8.312686 5.686507 207 0 0
55.159231 49.200122 -3.051509 0 170 255
18.254012 40.332224 -1.692548 14 255 240
-69.586335 -82.543341 0.024996 141 255 113
76.263703 -87.772391 0.717277 192 255 62
-116.634964 -39.750221 -1.668128 16 255 238
47.636222 84.836363 -2.389832 0 218 255
-73.358492 -78.166117 -0.877084 74 255 180
-6.938045 -86.209152 0.817818 199 255 55
114.031969 75.772502 4.302932 255 54 0
9.368606 -64.641028 -1.863264 2 255 252
-106.332283 -33.013666 -0.589572 96 255 158
-17.092841 65.221699 3.907001 255 83 0
38.464105 -18.325109 4.260472 255 57 0
-106.390394 -81.901615 -3.732254 0 120 255
-59.363106 -15.072946 -1.742732 11 255 243
-115.599327 41.288434 -2.747243 0 192 255
9.616380 -61.337915 -2.309938 0 224 255
-28.445381 -42.105953 3.448836 255 117 0
0.885604 -29.765739 0.471323 174 255 80
-48.999164 -87.936198 1.335593 237 255 17
37.633683 33.801739 -0.539055 99 255 155
-78.459323 -73.344593 -1.577736 23 255 231
97.596486 -51.090367 4.762104 255 20 0
110.419549 -9.646327 -4.517934 0 62 255
-1.681522 46.571519 0.833743 200 255 54
-8.306370 -75.026862 2.370923 255 196 0
86.308009 84.105911 1.961602 255 226 0
-50.438929 1.150002 -4.462445 0 66 255
72.745363 -59.874582 0.345012 164 255 90
-51.046174 -57.933135 4.028778 255 74 0
52.791551 6.829984 4.105860 255 68 0
-39.837278 -73.716882 4.743117 255 22 0
24.624401 -60.624095 -5.336330 0 2 255
102.208379 81.923974 3.059942 255 145 0
-106.962052 67.445084 -6.069007 0 0 203
73.741111 20.846888 -0.968322 68 255 186
10.042937 44.651325 -1.517733 27 255 227
-29.023769 -70.086232 5.146027 247 0 0
-35.933890 -40.399093 2.636884 255 176 0
-103.341114 -87.133963 -1.893550 0 255 254
-57.989113 14.628223 -2.402589 0 217 255
29.552886 -89.136919 -1.478861 30 255 224
-96.578410 -71.015018 -4.352911 0 74 255
40.657762 89.294595 -1.242098 48 255 206
110.940801 -73.843387 5.456243 224 0 0
115.386265 87.250844 2.335071 255 199 0
93.417892 7.114094 -4.618987 0 54 255
73.586605 -2.178634 -0.833781 78 255 176
-77.291205 -66.953667 -2.513226 0 209 255
112.837429 -19.046701 -3.088161 0 167 255
-71.346431 -27.016148 -0.265515 119 255 135
88.571942 35.252978 0.378823 167 255 87
90.689680 86.783330 1.732076 255 243 0
29.257996 -31.677617 0.312092 162 255 92
5.113616 -85.383258 -0.389600 110 255 144
-71.897955 83.689405 -0.039347 136 255 118
4.672409 -2.891218 1.502076 249 255 5
-50.251225 -16.076982 -2.947656 0 177 255
-89.788630 46.677840 -3.621133 0 128 255
-89.234117 25.476884 0.955696 209 255 45
72.281031 7.045290 -0.603114 95 255 159
101.376811 -64.707465 6.260513 165 0 0
-85.951490 53.758394 -3.603904 0 129 255
-116.817350 -45.957769 -3.681628 0 123 255
-56.728151 19.354966 -2.087181 0 240 255
-87.734642 -56.050389 -4.259988 0 81 255
-74.729634 -48.253860 -1.218895 49 255 205
19.998456 22.531946 1.631184 255 250 0
-18.649410 44.133663 3.201369 255 135 0
-16.985017 84.927582 1.920712 255 229 0
-70.652963 32.945014 -0.601428 95 255 159
39.501307 24.652351 2.003073 255 223 0
-50.517547 17.997499 -2.672658 0 197 255
-24.204749 -37.933796 1.988013 255 224 0
-8.780630 74.688262 1.549412 253 255 1
97.061874 14.674537 -4.852997 0 37 255
-60.874632 -80.300478 2.299444 255 201 0
52.479846 -4.214846 3.664298 255 101 0
-45.751506 -28.719661 -1.215853 50 255 204
94.662315 -61.733398 5.440806 225 0 0
-25.420922 34.359630 1.178066 225 255 29
1.238817 55.371738 0.026487 141 255 113
90.531665 71.511793 4.073031 255 71 0
41.462616 67.204658 -5.606254 0 0 237
-97.353878 87.509767 -2.144582 0 236 255
-87.159394 -55.578316 -3.959686 0 103 255
117.775784 12.665146 -4.274668 0 80 255
-113.014735 -16.638764 4.626048 255 30 0
-47.790738 40.790993 2.672202 255 174 0
110.134648 34.205119 0.731213 193 255 61
-116.374551 -76.597693 -4.071331 0 95 255
-81.264509 -40.460967 -0.818207 79 255 175
-68.792571 -50.528291 -0.028938 137 255 117
-99.266215 -77.096636 -4.505352 0 63 255
-6.729273 -41.038318 0.653458 187 255 67
22.185102 -3.541354 4.961966 255 5 0
-43.602828 -34.063459 1.316702 236 255 18
-93.924081 -62.943283 -5.543413 0 0 242
74.629459 54.335653 0.727581 192 255 62
73.073132 -78.278012 0.220348 155 255 99
14.903976 -46.088391 -2.727692 0 193 255
-86.941894 33.061167 -0.843035 77 255 177
10.058714 -17.063941 1.276894 233 255 21
31.085746 26.179557 1.221391 229 255 25
-17.209841 -75.875734 3.496260 255 113 0
87.327213 78.636879 3.068961 255 145 0
-26.389104 -19.262579 -3.316003 0 150 255
2.612897 58.774514 -0.573026 97 255 157
-92.605593 -14.887973 3.774092 255 93 0
15.252192 59.564944 -3.805031 0 114 255
63.947531 -84.375659 -1.066498 60 255 194
55.501997 -40.122173 -1.253223 47 255 207
-58.324600 88.629532 0.797022 197 255 57
118.047893 -76.847608 3.698170 255 98 0
52.784195 63.529925 -4.300408 0 78 255
-18.299419 -21.941596 -1.970312 0 249 255
-20.421954 -3.191523 -4.755641 0 44 255
67.038085 -38.664329 -0.710067 87 255 167
-77.836237 -27.269055 0.211261 154 255 100
33.510579 87.111408 -2.524106 0 208 255
52.521475 -5.906954 2.988800 255 150 0
3.921605 -64.759877 -1.520038 27 255 227
89.567618 46.939382 4.147653 255 65 0
-7.527365 -51.688439 1.054939 216 255 38
-8.425740 6.230490 -2.168334 0 235 255
-51.676889 51.200341 3.901003 255 83 0
100.649192 -8.000490 -5.511163 0 0 244
-44.095248 -72.902849 4.757569 255 21 0
46.865105 41.501946 -2.864054 0 183 255
-21.755295 76.698541 3.558803 255 109 0
104.501792 31.818400 -0.147073 128 255 126
107.510248 77.893747 3.914822 255 82 0
-112.791544 -5.942949 5.293316 236 0 0
118.688065 -53.343858 4.522521 255 38 0
25.184663 -29.998171 0.687518 189 255 65
-102.275166 53.345115 -4.718500 0 47 255
-0.712603 78.411824 0.331354 163 255 91
-108.126734 -41.781451 -1.799921 7 255 247
11.734516 58.096099 -2.886807 0 182 255
-75.490923 46.821547 -1.453322 32 255 222
-31.694319 -49.425025 4.136363 255 66 0
-46.871972 58.258972 5.100649 250 0 0
24.530884 -14.195937 4.355439 255 50 0
77.366876 -63.932622 2.321840 255 200 0
104.768790 11.148545 -5.083437 0 20 255
-41.074060 -44.414261 3.957496 255 79 0
16.725587 6.966869 3.873849 255 85 0
-118.584199 81.827399 -2.971633 0 175 255
-30.680753 -54.080992 5.279899 237 0 0
110.568918 9.375456 -5.136918 0 16 255
-91.478748 2.351659 5.149595 247 0 0
88.758666 -59.493302 4.023675 255 74 0
36.601247 19.650881 2.947938 255 154 0
-49.465505 -45.283676 3.453142 255 116 0
66.758627 73.244048 -0.841000 77 255 177
-50.572472 64.104815 4.975909 255 4 0
94.755614 5.346931 -4.984715 0 28 255
-100.137802 -45.888631 -3.778042 0 116 255
-91.441667 -64.200784 -4.521528 0 62 255
60.002923 -48.725986 -2.002773 0 247 255
-12.197207 4.840670 -2.803797 0 188 255
-84.608798 15.349856 2.958539 255 153 0
3.224171 -65.472287 -0.484878 103 255 151
-48.727410 44.737013 2.682020 255 173 0
11.835668 -2.451957 3.018186 255 148 0
58.491342 85.429814 -0.710693 87 255 167
85.641446 -18.785190 -2.056150 0 243 255
-105.839960 -6.758093 6.141250 174 0 0
22.165147 52.411386 -3.819856 0 113 255
116.079800 -16.024381 -3.840857 0 112 255
-9.648617 50.782905 2.080468 255 217 0
64.695950 7.039261 1.805976 255 237 0
-96.657441 -68.840750 -5.159396 0 15 255
89.641891 72.792617 3.803106 255 91 0
19.692680 71.870207 -4.012623 0 99 255
93.183165 -67.229012 5.235891 240 0 0
68.908299 -30.531537 -0.165655 127 255 127
88.617546 12.063392 -3.826548 0 113 255
-106.248989 -71.027572 -5.156858 0 15 255
51.725786 -17.348699 3.081099 255 144 0
-72.724582 -78.097141 -0.945346 69 255 185
-56.205518 5.677008 -3.625166 0 127 255
-42.052109 -3.112152 -5.724688 0 0 228
21.915516 77.105568 -3.769682 0 117 255
30.686620 54.813348 -5.444103 0 0 249
103.546211 -41.434883 2.589613 255 180 0
-116.947586 32.575192 -0.176805 126 255 128
-73.574765 82.330515 -1.276829 45 255 209
-33.119396 -66.905714 5.561746 216 0 0
76.321642 5.759621 -1.649358 18 255 236
11.978097 -64.012677 -3.073208 0 168 255
2.877744 -44.363028 -0.504494 102 255 152
62.444615 -1.076179 2.078150 255 217 0
37.214217 -88.281319 -1.689245 15 255 239
-50.434605 -3.387120 -4.638455 0 53 255
-99.092059 -36.687207 -0.948843 69 255 185
-9.046379 -78.667529 1.635158 255 250 0
91.239935 5.677441 -3.808279 0 114 255
23.553854 -53.902618 -5.308977 0 4 255
-107.210625 -53.907224 -5.063376 0 22 255
-14.381509 79.430007 1.997627 255 223 0
-27.693100 -11.452230 -5.379560 0 0 254
19.781986 8.410176 3.911900 255 83 0
20.910415 -71.543585 -5.422963 0 0 250
108.319687 81.298483 3.387925 255 121 0
-38.857475 15.605246 -4.231967 0 83 255
-22.057081 -36.963172 1.015411 213 255 41
27.243339 29.339529 0.418310 170 255 84
92.733749 25.929957 -1.236767 48 255 206
49.474548 -2.598492 4.490213 255 40 0
-6.987495 -13.251143 -1.135176 55 255 199
75.495852 -72.987684 1.064212 217 255 37
-3.526538 46.813981 1.315700 236 255 18
111.245495 -83.019819 3.046883 255 146 0
-52.200133 -78.488437 2.554670 255 182 0
-89.425945 22.466178 2.256137 255 204 0
79.295975 67.229352 2.506361 255 186 0
-48.648237 71.879381 3.867369 255 86 0
83.375102 -50.286223 3.472763 255 115 0
26.257159 56.698473 -5.448175 0 0 249
2.150235 -57.124980 -0.354954 113 255 141
-99.112371 -55.458760 -4.464009 0 66 255
68.715721 -6.818799 0.037142 142 255 112
-104.178148 13.476245 4.432770 255 44 0
111.636274 5.574744 -5.327345 0 2 255
90.473903 74.664417 3.149302 255 139 0
-47.287538 -0.427545 -4.703487 0 48 255
-89.312120 -24.856543 1.178839 225 255 29
92.561868 -6.694284 -4.331174 0 76 255
-4.835864 -56.694024 1.673389 255 247 0
-90.030293 39.794849 -2.321843 0 223 255
-0.354676 -58.182892 -0.371741 112 255 142
-60.763374 -3.134710 -1.898339 0 254 255
-22.119505 -73.466643 3.905161 255 83 0
33.657852 39.856477 -2.441035 0 214 255
99.687548 -24.668401 -1.764491 9 255 245
72.223159 51.385018 0.859247 202 255 52
-81.357864 -59.826381 -2.923899 0 179 255
-5.439425 -2.159739 -1.726146 12 255 242
-1.937280 67.252342 0.812225 199 255 55
117.475866 41.338750 2.571185 255 181 0
-99.144518 -52.788464 -4.698009 0 49 255
2.584235 -72.381931 -0.982067 67 255 187
99.447142 17.426511 -3.195342 0 159 255
-24.276181 86.287427 2.257522 255 204 0
-57.187718 -17.105579 -2.224316 0 230 255
13.424035 36.500437 -0.632263 92 255 162
-43.178787 32.695487 0.330827 163 255 91
102.498992 85.986797 1.744768 255 242 0
-99.648295 -16.750179 3.683691 255 99 0
-70.390110 -73.833527 -0.005785 138 255 116
-99.870967 -72.219817 -5.119201 0 18 255
50.853408 73.740829 -3.779323 0 116 255
-49.645953 -51.348071 3.701243 255 98 0
96.040563 15.128535 -4.402016 0 70 255
94.471542 24.705935 -1.921485 0 253 255
104.732797 72.120179 5.431597 226 0 0
-58.529158 -13.499950 -2.315218 0 224 255
-119.842378 -44.839280 -2.778509 0 190 255
-26.974700 73.296537 4.627979 255 30 0
111.015130 20.445030 -3.212636 0 158 255
63.298062 88.568127 -0.702960 87 255 167
-105.681629 50.109758 -4.925868 0 32 255
48.617338 29.500763 0.251924 157 255 97
100.095248 -4.810604 -5.724604 0 0 228
112.252792 -89.784267 1.085887 219 255 35
51.837277 57.954319 -3.739690 0 119 255
87.118903 -25.702974 -1.443130 33 255 221
82.008505 -79.688136 1.745178 255 242 0
-33.998931 43.062848 3.445436 255 117 0
-96.229472 87.404208 -1.281673 45 255 209
54.591400 42.483619 -2.052328 0 243 255
-87.140804 -58.657434 -4.558165 0 59 255
-27.792293 -28.104948 -0.669830 90 255 164
118.976630 -28.532799 -1.065969 61 255 193
14.348526 -35.265912 -0.714775 86 255 168
5.217609 32.912169 -0.203602 124 255 130
107.491187 39.998787 2.054362 255 219 0
-51.830379 -39.835722 2.059857 255 219 0
119.863422 -19.655679 -2.467642 0 213 255
98.875154 -32.196086 0.167123 151 255 103
-32.663038 -43.553142 3.499517 255 113 0
-41.462444 28.138786 -1.358909 39 255 215
-89.624792 54.222582 -4.354491 0 74 255
99.753628 38.765577 2.212946 255 208 0
-75.405618 83.166496 -0.541602 99 255 155
-117.845122 79.467195 -4.017580 0 99 255
93.618380 83.357765 2.886459 255 158 0
23.547632 50.888174 -4.708516 0 48 255
41.243677 -23.527547 1.454016 246 255 8
55.953877 44.287516 -1.821630 5 255 249
-109.761215 84.143733 -2.445435 0 214 255
-97.954800 -40.522280 -2.890643 0 181 255
-0.039143 -26.695720 0.279257 159 255 95
-107.937372 -85.749675 -2.431080 0 215 255
1.037183 73.244724 0.033856 141 255 113
56.721284 53.320813 -2.297381 0 225 255
37.778196 -67.976927 -5.318839 0 3 255
27.995437 -9.953805 5.074993 252 0 0
-108.862628 -37.699700 -2.234675 0 230 255
-63.202828 -27.411616 -0.608555 94 255 160
95.398727 -11.155885 -4.766837 0 44 255
-90.427080 79.578742 -3.437661 0 141 255
7.973690 -33.785016 -0.123156 130 255 124
-107.988381 13.798862 4.789432 255 18 0
105.408627 44.030013 4.191542 255 62 0
-78.824770 37.373278 -0.284027 118 255 136
-21.594743 -83.284754 2.123693 255 214 0
11.227474 -27.617429 1.431757 244 255 10
52.476408 59.000733 -4.147481 0 89 255
104.988568 -58.550509 5.712635 205 0 0
56.727186 -8.908549 2.375052 255 196 0
-36.631591 51.856074 5.151772 247 0 0
-101.918493 -52.985646 -4.424463 0 69 255
49.777226 -1.989908 4.682268 255 26 0
113.402477 81.300272 3.545725 255 110 0
-115.916149 -72.545576 -4.491379 0 64 255
65.923104 -38.540128 0.012932 140 255 114
-77.725942 -85.344110 -1.156348 54 255 200
-9.611120 -79.560494 1.401757 242 255 12
5.432802 54.839266 -1.100260 58 255 196
27.462295 5.505501 5.804156 199 0 0
117.488838 20.823420 -2.775687 0 190 255
44.976506 -42.926803 -2.785063 0 189 255
-25.827019 36.934472 1.865716 255 233 0
51.604990 -63.922059 -4.237908 0 82 255
-7.984491 -53.916120 1.759964 255 241 0
-20.851203 -78.866618 4.128882 255 67 0
-32.243228 80.305661 4.357181 255 50 0
-1.582537 -30.827353 0.225873 155 255 99
-52.516282 -37.844503 1.286969 233 255 21
-61.895918 -13.993424 -2.045283 0 244 255
-84.368003 -48.118209 -2.860853 0 184 255
-14.346091 73.961981 3.087863 255 143 0
-49.617285 -39.500253 1.522765 251 255 3
80.865965 -81.812987 2.046071 255 220 0
83.494597 61.445809 3.018405 255 148 0
-37.469599 40.821854 3.296665 255 128 0
28.594100 -57.097734 -5.660138 0 0 233
96.549800 -22.382925 -2.716689 0 194 255
-33.801137 -61.359855 5.881976 193 0 0
13.131775 71.947238 -2.813695 0 187 255
-13.545931 74.320841 3.266150 255 130 0
36.063655 -80.346711 -4.223901 0 83 255
110.345010 -50.830725 5.034323 255 0 0
-86.730315 -16.005910 2.726723 255 170 0
111.692479 21.521922 -3.185764 0 160 255
39.776044 59.434522 -6.182339 0 0 195
71.008923 71.655167 0.727724 192 255 62
32.429235 77.898484 -4.834312 0 39 255
88.876079 13.480182 -3.770325 0 117 255
-41.702703 43.585345 3.284705 255 129 0
49.931436 70.887060 -3.764486 0 117 255
-56.612872 43.460711 1.136661 222 255 32
2.077736 -6.457874 0.584300 182 255 72
43.557711 58.984801 -5.389805 0 0 253
-71.730170 23.059645 -0.389976 110 255 144
-105.321740 -38.450491 -2.228868 0 230 255
69.827547 -84.658172 -0.118847 130 255 124
74.147110 47.473068 1.034481 215 255 39
39.759566 -86.355825 -2.370075 0 220 255
-42.856412 52.094876 4.631184 255 30 0
37.961521 50.429239 -4.767171 0 44 255
-99.868708 -55.390764 -5.072801 0 21 255
39.002311 64.094671 -6.364454 0 0 181
18.287652 10.279606 3.843340 255 88 0
28.129038 81.504531 -3.491973 0 137 255
-12.723776 77.984416 2.335302 255 199 0
-65.962003 -85.797351 0.751254 194 255 60
54.210526 -47.648702 -3.034827 0 171 255
-8.608726 56.586883 1.613483 255 252 0
58.891183 4.905425 2.661327 255 175 0
-32.596778 -63.743690 5.491999 222 0 0
-98.930578 2.087766 6.347385 159 0 0
10.189823 -27.368741 1.025209 214 255 40
29.462726 -20.626179 2.596113 255 179 0
101.226506 -70.149582 5.525992 219 0 0
93.061139 19.253935 -3.561628 0 132 255
-106.284203 59.167385 -5.957620 0 0 211
65.241693 -20.566984 0.453291 172 255 82
-57.272928 -33.097526 0.945966 208 255 46
47.327611 72.800230 -4.299727 0 78 255
-28.924328 23.574312 -2.132882 0 237 255
-42.701195 85.612158 2.755748 255 168 0
-2.811905 61.777952 0.606170 183 255 71
7.327478 -51.892492 -1.419295 35 255 219
46.675979 36.073800 -1.447505 32 255 222
33.092028 -61.870473 -6.192810 0 0 194
42.781321 -60.395668 -4.892221 0 34 255
-27.821562 24.797175 -2.872690 0 183 255
42.561691 -84.665760 -2.388477 0 218 255
-37.107042 -48.526136 4.231447 255 59 0
25.807979 84.456913 -2.255523 0 228 255
-9.712088 -36.892491 0.405258 169 255 85
15.071655 39.161622 -1.367327 38 255 216
-115.790835 37.488618 -2.068171 0 242 255
-0.291259 7.342114 0.317599 162 255 92
-67.207693 61.276885 0.426389 170 255 84
-27.404992 -53.531729 4.531762 255 37 0
-102.295016 -64.960496 -7.101562 0 0 127
37.656265 52.815661 -5.892145 0 0 216
94.445193 -27.967003 -0.670906 90 255 164
-34.896672 -53.898775 4.941880 255 7 0
-94.783731 3.130169 4.854483 255 13 0
28.864271 33.972800 -0.741065 84 255 170
-89.511252 4.556381 4.456678 255 43 0
93.989118 55.613116 5.005296 255 2 0
-90.610364 -27.468345 0.826698 200 255 54
-33.151084 54.235384 6.090871 178 0 0
-1.281650 75.357983 -0.151955 128 255 126
-91.710527 14.932872 3.411137 255 119 0
-43.500579 31.254306 -0.151143 128 255 126
-53.933024 12.754779 -2.972993 0 175 255
51.192098 -36.116656 -0.511392 101 255 153
116.705613 -45.305149 3.295636 255 128 0
-32.919032 39.884710 2.737888 255 169 0
69.772675 -63.696216 0.127915 148 255 106
-86.318155 -17.053471 3.741675 255 95 0
19.179301 -22.940941 1.626999 255 251 0
-16.148820 70.370070 4.202158 255 61 0
-50.835899 6.552017 -4.301264 0 78 255
77.210474 -42.072074 1.078058 218 255 36
59.141222 -11.282375 2.584555 255 180 0
-87.840736 -79.139226 -2.533814 0 208 255
-49.822274 -39.908410 1.684715 255 246 0
76.681172 32.881417 0.076440 144 255 110
118.183587 -45.832365 2.905741 255 157 0
26.775578 -36.040460 -2.272712 0 227 255
89.207707 74.327154 4.620632 255 31 0
116.213166 -41.180266 2.495694 255 187 0
57.730911 13.549164 2.388647 255 195 0
34.735728 88.468361 -2.015844 0 246 255
-66.902619 -73.934622 0.569448 181 255 73
-31.098091 -16.362472 -3.916180 0 106 255
29.653119 54.181769 -4.860262 0 37 255
102.336315 47.957395 4.487736 255 40 0
-47.556688 21.850262 -2.284245 0 226 255
-25.149824 37.981754 1.349619 238 255 16
-114.663148 -64.039740 -5.633719 0 0 235
47.214475 -79.080099 -3.514817 0 136 255
-13.543144 -67.620942 2.645112 255 176 0
71.455649 71.881893 0.201695 154 255 100
-63.922804 -57.889171 1.526492 251 255 3
38.315071 34.398096 -0.308600 116 255 138
41.542230 -75.979920 -5.177702 0 13 255
-8.562208 69.959078 1.608930 255 252 0
-74.734620 48.626068 -0.721548 86 255 168
-23.304216 61.929344 4.295507 255 54 0
58.810298 86.049791 -0.335450 114 255 140
-74.595454 26.833336 0.357137 165 255 89
-98.390157 69.152340 -5.153865 0 15 255
-8.932215 89.452865 0.762990 195 255 59
-63.714872 -73.471348 0.779984 196 255 58
72.132261 -81.582172 0.576687 181 255 73
76.139048 43.760519 0.617309 184 255 70
106.867294 15.343562 -4.386965 0 71 255
81.542968 -45.949583 2.000459 255 223 0
35.386520 31.827273 -0.054194 135 255 119
-75.107536 28.682351 0.469918 173 255 81
77.521556 -28.547908 -0.286548 118 255 136
54.742649 -80.762917 -1.949466 0 251 255
59.247981 87.503682 -0.805605 80 255 174
47.384094 7.610998 4.506036 255 39 0
79.205568 -72.629221 2.325331 255 199 0
-48.517575 53.634313 4.233361 255 59 0
41.388165 67.813969 -5.284279 0 6 255
4.151785 -22.779536 0.320657 162 255 92
-38.917484 53.090012 5.083739 252 0 0
-41.558543 -77.815073 4.543920 255 36 0
-82.687692 36.132289 -1.435547 33 255 221
-2.031521 85.633691 0.387462 167 255 87
-31.507800 44.775222 3.482615 255 114 0
-18.836083 -41.642444 2.445606 255 190 0
84.400299 -18.969171 -1.917333 0 253 255
43.562898 30.705721 -0.154579 128 255 126
43.259590 -11.342372 4.866286 255 13 0
116.171051 88.909303 1.952825 255 227 0
-67.721917 50.978368 0.317549 162 255 92
1.894903 -12.098070 0.687863 189 255 65
-97.795516 36.567719 -0.590345 95 255 159
-25.730103 -77.430965 3.395740 255 121 0
108.084376 -29.994028 -0.510053 101 255 153
-99.379128 -82.965447 -2.453829 0 214 255
61.853467 -28.643629 0.224635 155 255 99
87.704198 -58.181455 4.149771 255 65 0
2.147084 -2.481786 0.189182 153 255 101
71.426565 -30.568188 -1.019785 64 255 190
-14.149045 -79.346574 2.683174 255 173 0
-35.194953 -61.268672 6.204980 169 0 0
1.375398 -16.166068 0.711979 191 255 63
-73.261611 18.231056 0.767023 195 255 59
-46.203281 -42.219840 2.319890 255 200 0
-46.709712 -17.802973 -3.960264 0 103 255
117.218089 80.264365 3.347205 255 124 0
-39.560857 -16.288555 -3.510227 0 136 255
-65.071532 -3.163807 -1.116649 57 255 197
105.544108 -0.499978 -5.809643 0 0 222
-86.740241 76.603307 -2.575567 0 205 255
111.792301 -59.909826 5.445023 225 0 0
84.794731 -5.933764 -3.655957 0 125 255
35.294057 55.826248 -5.301499 0 4 255
-17.326101 5.574443 -4.219055 0 84 255
-72.662328 -29.860613 -0.219089 123 255 131
-94.511245 -22.170500 2.234308 255 206 0
-95.117915 -54.742604 -4.780067 0 43 255
-36.205940 30.633758 -0.523419 100 255 154
-22.284388 61.959319 4.916623 255 9 0
101.690440 41.019163 2.840887 255 161 0
8.694578 -81.053348 -1.728139 12 255 242
117.751389 51.394618 3.989326 255 77 0
53.013158 44.500760 -2.444936 0 214 255
-84.889304 -21.875194 1.804121 255 238 0
12.856157 -38.817118 -1.480247 30 255 224
-81.751074 83.006040 -1.851388 3 255 251
-110.591381 -65.009255 -5.439889 0 0 249
106.508920 52.230946 4.977950 255 4 0
-38.915037 -41.410373 2.805199 255 164 0
-74.499359 7.814190 1.099365 220 255 34
-95.570004 36.441561 -1.619175 20 255 234
36.513776 74.733174 -4.714211 0 47 255
-9.324231 49.146609 1.777221 255 240 0
-117.197775 -75.532700 -4.729649 0 46 255
51.643520 65.972394 -3.749119 0 118 255
-58.396971 84.987435 1.212557 228 255 26
67.333918 -83.382934 -0.309462 116 255 138
-2.734615 -36.681783 0.286919 160 255 94
8.539443 68.932841 -2.317278 0 224 255
-10.272503 5.662510 -2.979157 0 175 255
42.235659 -88.395608 -1.992722 0 247 255
117.610842 48.277997 3.514194 255 112 0
71.489431 87.637168 0.372792 166 255 88
-103.415554 -63.191256 -6.123598 0 0 199
-1.247469 66.036547 0.484824 174 255 80
-63.770970 21.667861 -1.614528 20 255 234
-95.424253 19.788223 2.632019 255 177 0
-73.157871 -81.606463 -0.513527 101 255 153
-60.452561 85.074427 0.661352 187 255 67
110.334713 89.665897 1.562719 254 255 0
58.767527 -66.695551 -2.905924 0 180 255
84.712617 57.148878 3.450834 255 117 0
47.717364 -26.983133 0.721856 192 255 62
-44.243010 -84.735904 2.419216 255 192 0
-26.134682 3.874780 -5.991218 0 0 209
-14.236441 61.691162 3.886546 255 85 0
-49.582221 14.791403 -3.412895 0 143 255
-18.853791 -79.784436 2.844603 255 161 0
65.084834 65.405983 -1.670029 16 255 238
-101.831178 -12.675142 4.925818 255 8 0
-53.622043 10.710342 -3.763573 0 117 255
-5.033754 -16.784076 -0.557119 98 255 156
42.293933 83.826720 -2.603493 0 203 255
35.022820 7.281715 5.326468 234 0 0
53.996536 57.128319 -3.859232 0 110 255
-94.737095 80.614679 -2.794622 0 189 255
-76.619306 16.896175 1.401990 242 255 12
-45.844741 62.945596 5.614626 213 0 0
-52.394951 -52.125777 3.431289 255 118 0
61.341838 -55.371987 -1.827645 5 255 249
118.396271 43.263993 2.247677 255 205 0
43.947514 31.814127 0.099824 146 255 108
-112.068851 81.723805 -3.006743 0 173 255
-48.577348 -25.419308 -1.550990 25 255 229
72.726540 -57.525798 0.892413 204 255 50
101.841618 -14.734130 -4.563918 0 58 255
22.778931 70.447062 -4.883289 0 35 255
-36.282590 8.462778 -5.395864 0 0 252
-34.771601 -33.534315 0.767755 195 255 59
32.025432 0.061162 5.981896 186 0 0
87.405751 41.648215 2.234510 255 206 0
-38.200472 -71.058996 5.054325 254 0 0
-74.232459 36.276499 -0.830574 78 255 176
-119.330279 -11.447549 4.128362 255 67 0
-87.006997 67.892720 -4.939433 0 31 255
84.285088 54.722654 2.729174 255 170 0
29.900321 48.213270 -4.858199 0 37 255
117.752951 -81.376093 3.241200 255 132 0
-103.329170 6.303726 5.903576 191 0 0
-32.156078 -80.244844 4.906396 255 10 0
70.970213 -26.205264 -0.210976 123 255 131
38.689528 -59.119036 -5.955873 0 0 211
-103.999026 -1.690485 5.906896 191 0 0
-23.654400 -51.377587 3.893015 255 84 0
33.031827 -33.085337 -0.166765 127 255 127
45.061053 45.299603 -3.794032 0 115 255
-11.594106 49.352023 2.028899 255 221 0
-74.839780 45.846523 -0.846158 77 255 177
111.822549 41.680027 2.589157 255 180 0
-8.039790 -26.055092 -0.409299 109 255 145
52.162434 -83.009437 -2.042770 0 244 255
8.358562 -78.997010 -1.269409 46 255 208
-100.633642 14.339058 4.413880 255 46 0
-63.193679 83.694457 0.555509 180 255 74
-104.873914 2.091738 5.936981 189 0 0
-74.213369 -6.322821 0.705008 191 255 63
-71.955176 64.975865 -1.141116 55 255 199
-20.433492 -22.812287 -2.577361 0 204 255
-42.792591 -49.693258 4.785886 255 18 0
-32.987239 81.135035 3.119572 255 141 0
76.052921 -89.627734 0.764194 195 255 59
-114.873614 5.936822 5.098044 250 0 0
-95.185089 -58.275646 -5.467047 0 0 247
73.872723 -45.321274 0.692320 190 255 64
8.151623 79.226522 -0.923324 71 255 183
-14.666535 31.103524 -0.591839 95 255 159
-55.843854 8.789203 -3.058446 0 169 255
10.156845 -70.773726 -2.637560 0 200 255
-66.824772 76.711568 0.215016 155 255 99
86.006571 -11.548639 -4.120184 0 91 255
77.769527 -71.897731 1.517553 250 255 4
-42.755788 8.541026 -5.496630 0 0 245
-114.120063 -74.872076 -4.529262 0 61 255
93.040261 63.402884 5.468987 223 0 0
-48.318769 -16.891528 -3.162258 0 161 255
37.650147 -37.619271 -1.936516 0 252 255
85.957326 -44.513657 3.012755 255 149 0
71.606858 -52.537989 0.175806 152 255 102
87.000247 -55.246641 3.885032 255 85 0
-2.607731 18.475941 -0.566911 97 255 157
82.150289 -59.653239 3.337042 255 125 0
-9.322546 8.316888 -2.087338 0 240 255
-56.683746 67.709765 3.215896 255 134 0
-4.568034 42.890710 0.863272 202 255 52
-39.505422 7.185028 -5.415249 0 0 251
64.115237 -12.687164 0.970980 210 255 44
79.610124 -27.710525 -0.152061 128 255 126
-86.119846 -44.612239 -2.658809 0 198 255
-80.537568 -14.731958 1.818957 255 236 0
-27.921286 87.746711 2.062326 255 219 0
-8.811271 8.979093 -2.277505 0 227 255
109.517160 -37.513409 1.755279 255 241 0
106.006104 -41.102375 3.688170 255 99 0
112.089738 -9.934652 -4.692016 0 49 255
55.141304 -8.621826 3.144860 255 139 0
42.534518 -27.565685 0.878191 203 255 51
-55.106123 8.932541 -2.987782 0 174 255
-30.562893 43.394567 3.433332 255 118 0
-119.356006 36.156962 -1.451287 32 255 222
79.909256 40.800825 1.413807 243 255 11
-53.739582 4.229930 -4.463387 0 66 255
-100.972539 59.570105 -5.385893 0 0 253
-44.258126 -75.064673 4.923869 255 8 0
-42.439203 14.302213 -3.697256 0 122 255
53.756553 59.851427 -4.392806 0 71 255
-118.630398 42.085994 -2.261308 0 228 255
-64.796759 82.275688 1.452915 246 255 8
95.152626 -64.537430 5.580630 215 0 0
85.170269 28.664247 -0.591970 95 255 159
30.967514 51.842910 -4.570675 0 58 255
14.147975 -17.728470 1.745687 255 242 0
-66.571793 -44.805619 0.504649 176 255 78
90.023395 -10.156506 -3.987304 0 101 255
62.573156 58.334462 -2.038715 0 244 255
3.103838 -49.576889 -0.641303 92 255 162
-81.355608 51.399992 -2.183105 0 233 255
-68.198591 44.426578 0.552648 179 255 75
-28.969554 8.898472 -5.247239 0 8 255
-40.530090 2.994565 -6.172968 0 0 195
-105.346548 80.098683 -4.442123 0 67 255
-22.469672 -66.196548 4.684434 255 26 0
-12.307854 -78.401337 2.055108 255 219 0
-51.100838 3.762185 -4.671799 0 51 255
-27.767305 -74.824712 5.692499 207 0 0
-40.229351 -43.898044 3.329882 255 125 0
-29.559445 -66.185389 5.691577 207 0 0
28.567434 80.334254 -3.470945 0 139 255
-0.640633 1.140994 -0.639418 92 255 162
-72.578535 -43.393756 -0.631698 92 255 162
70.862317 -31.346416 0.203582 154 255 100
3.164760 -56.748350 -1.070479 60 255 194
-9.992457 -23.625084 -0.640489 92 255 162
51.202255 -57.272630 -4.517541 0 62 255
60.513109 61.298594 -2.355197 0 221 255
83.774280 10.739492 -2.521594 0 209 255
74.699194 -70.731708 1.591222 255 253 0
40.563655 63.143364 -5.760769 0 0 226
53.071043 -8.778828 3.761589 255 94 0
-82.289551 -84.060235 -1.302548 43 255 211
47.820768 46.399730 -3.563422 0 132 255
-58.930124 29.061559 -0.718791 86 255 168
-58.119420 0.352411 -2.665706 0 198 255
-91.168377 -15.295702 3.946984 255 80 0
-24.741834 41.336760 2.658929 255 175 0
-115.229357 85.453715 -2.356706 0 221 255
37.675089 0.081367 5.553333 217 0 0
59.544642 71.373328 -2.655591 0 199 255
66.131891 8.683642 0.773379 196 255 58
-89.073123 -46.862827 -3.100018 0 166 255
33.860789 38.547763 -1.797412 7 255 247
81.190377 51.566592 2.503508 255 186 0
-111.367286 -67.345850 -5.450192 0 0 248
-73.591506 -51.320882 -1.306289 43 255 211
-55.733807 -69.053931 3.422691 255 119 0
-9.123701 -83.296981 1.654508 255 249 0
-78.680355 -29.357709 -0.000002 139 255 115
9.329254 -1.414861 1.773304 255 240 0
-37.451582 14.338255 -4.256624 0 81 255
37.226510 -0.810676 6.484172 149 0 0
7.517893 58.819453 -1.697888 14 255 240
44.711509 -58.207694 -5.455178 0 0 248
-60.878148 82.101410 1.547980 253 255 1
49.696520 46.309530 -3.933522 0 105 255
56.312747 -80.812094 -2.109033 0 239 255
53.272203 -79.703690 -2.966836 0 176 255
-103.571981 -70.368269 -5.179005 0 13 255
107.076080 20.532162 -3.439750 0 141 255
18.447324 11.592346 4.419129 255 45 0
-54.643421 -43.955835 3.063208 255 145 0
-15.807232 31.447340 0.686853 189 255 65
4.224373 -28.889296 0.487931 175 255 79
4.264720 51.877889 -1.236954 48 255 206
-60.489967 41.727753 1.100470 220 255 34
-56.408571 -47.841515 2.832610 255 162 0
-32.738897 -77.428267 4.583780 255 33 0
67.421957 20.431602 0.112362 147 255 107
-15.013428 -74.757550 3.021840 255 148 0
-110.728486 12.364968 4.422253 255 45 0
-11.469635 30.343646 -0.023193 137 255 117
-71.672975 -63.092477 -0.527983 100 255 154
-117.021024 48.507696 -3.401504 0 144 255
114.487209 -17.738191 -3.179727 0 160 255
-49.507085 23.339470 -1.994741 0 247 255
8.999165 3.125287 2.818359 255 163 0
-34.032056 38.449030 1.256705 231 255 23
-107.182384 -1.272382 5.444729 225 0 0
96.212148 3.942515 -5.670035 0 0 232
104.557781 -5.317348 -5.604536 0 0 237
-75.256148 -61.541298 -0.789641 81 255 173
-19.680730 23.450242 -1.524278 27 255 227
-30.326221 -85.687291 2.538666 255 184 0
-79.867922 -14.846819 1.927265 255 229 0
38.798552 50.049235 -5.366900 0 0 254
67.679055 64.095065 -0.785698 81 255 173
62.327524 61.969096 -1.605242 21 255 233
42.060469 43.499996 -3.121754 0 164 255
-115.802302 84.434147 -2.692692 0 196 255
-64.896621 88.023145 0.389765 168 255 86
3.504272 -17.506664 0.370545 166 255 88
48.681743 31.461434 -0.687555 88 255 166
-27.258330 -61.783636 5.558477 217 0 0
-12.175966 23.421819 -1.444671 33 255 221
81.772594 -30.716491 -0.547350 99 255 155
-114.348726 67.376177 -5.379459 0 0 254
-55.538656 -65.759508 3.439800 255 117 0
-50.415562 -60.812320 4.624241 255 30 0
118.267829 26.121567 -1.285717 44 255 210
-65.391334 10.658629 -0.965046 68 255 186
-108.692841 21.845450 2.630808 255 177 0
-20.048590 16.945549 -3.384081 0 145 255
35.886927 -81.645792 -3.575979 0 131 255
-83.179835 17.710056 2.137654 255 213 0
81.526757 -11.012872 -2.243362 0 229 255
-72.850488 -54.645871 -0.741891 84 255 170
49.027024 58.675061 -4.974967 0 28 255
-81.166078 42.191085 -1.228768 49 255 205
91.614040 27.839134 -0.906573 72 255 182
-71.683094 -15.469818 0.640260 186 255 68
55.526133 -61.380394 -2.841838 0 185 255
81.286569 -89.964351 0.903273 205 255 49
-58.812861 66.652779 2.344136 255 198 0
-97.721747 -5.439058 5.162212 246 0 0
20.673902 -2.840136 4.933671 255 8 0
-0.234955 -36.903028 -0.571453 97 255 157
-4.963281 -14.837615 -1.154778 54 255 200
67.520256 22.662812 0.327381 163 255 91
-8.853685 -10.461304 -2.201500 0 232 255
-0.712463 57.603550 -0.126599 130 255 124
-3.056579 -55.379971 0.736342 193 255 61
-10.898849 -67.914523 2.589271 255 180 0
-22.625288 63.542985 4.908221 255 9 0
-81.382982 -54.422508 -2.556183 0 206 255
-49.125473 -34.553871 0.508536 176 255 78
-56.426024 42.960613 1.759725 255 241 0
-60.436720 -84.821359 1.538967 252 255 2
67.877937 3.460788 0.806207 198 255 56
-92.630914 -31.974547 -0.145896 128 255 126
-70.699118 78.788932 -0.246779 121 255 133
6.339291 4.814154 1.720070 255 244 0
-44.990049 2.579964 -5.278908 0 6 255
-62.360930 26.005247 -0.990224 66 255 188
-30.388075 54.073558 5.040154 255 0 0
0.485104 -37.444012 0.337964 164 255 90
41.840426 -85.587265 -2.742467 0 192 255
113.333304 16.068695 -3.288930 0 152 255
84.633315 -9.535895 -3.065017 0 169 255
-16.801824 -51.906025 3.498803 255 113 0
-11.607110 39.450636 0.996732 212 255 42
-20.228801 42.187822 2.465254 255 189 0
-62.655912 86.348362 1.003999 213 255 41
108.423704 80.385006 3.936928 255 81 0
-103.521663 -47.686794 -3.891121 0 108 255
-70.812649 -20.731138 0.300076 161 255 93
38.875471 44.401204 -3.799374 0 115 255
21.494981 -86.695495 -1.627106 19 255 235
-53.124654 58.109038 4.243014 255 58 0
104.869109 28.045833 -1.041326 62 255 192
-21.730815 -34.580024 0.466644 173 255 81
23.100860 68.119299 -5.264581 0 7 255
-98.153677 -6.096702 5.672504 208 0 0
93.813323 -47.233780 3.452485 255 116 0
-95.279139 56.118498 -4.540714 0 60 255
-25.428781 74.866763 4.766362 255 20 0
92.537814 -63.750239 4.484082 255 41 0
106.798562 80.245821 3.470433 255 115 0
96.954156 -59.728024 5.593921 214 0 0
78.622354 33.576100 -0.190509 125 255 129
-64.007813 -1.526943 -1.598304 21 255 233
-112.355031 66.833920 -5.223686 0 10 255
-11.565709 88.404788 1.081833 218 255 36
-104.836899 -71.734136 -5.797530 0 0 223
110.528214 -8.046962 -5.070546 0 21 255
-118.035014 65.664391 -4.557133 0 59 255
-41.884657 -17.081690 -3.999498 0 100 255
-71.209848 -59.058741 -0.150505 128 255 126
-116.714177 -2.967185 4.872712 255 12 0
-0.221266 -82.094442 -0.432045 107 255 147
-101.748047 -58.061860 -5.363479 0 0 255
95.985397 63.535269 5.937338 189 0 0
45.030701 60.303463 -5.673821 0 0 232
-31.199824 55.019920 4.547763 255 36 0
81.975378 -79.222296 2.484121 255 188 0
71.245833 27.410088 -0.293608 117 255 137
-41.654138 -8.359093 -5.106689 0 19 255
83.334760 30.092817 -0.693055 88 255 166
103.055472 -28.737413 -0.627853 93 255 161
28.774017 -36.771129 -1.152032 54 255 200
-35.572081 76.951641 4.609626 255 31 0
96.140652 34.217971 1.054346 216 255 38
106.287949 23.742859 -2.133944 0 237 255
-36.651861 1.987792 -5.616002 0 0 236
-99.289939 -36.717195 -1.718703 13 255 241
88.274427 -10.819955 -4.001903 0 100 255
39.550410 70.371812 -6.148962 0 0 197
-64.320522 63.006735 1.306468 235 255 19
16.062531 -72.056778 -3.666429 0 124 255
-46.033519 51.597336 4.046466 255 73 0
100.605210 30.544260 0.092591 146 255 108
-37.892468 27.736215 -1.189433 51 255 203
-72.898077 -32.325406 1.002696 213 255 41
-109.629798 79.165964 -3.804783 0 114 255
-37.795899 11.755406 -5.243526 0 9 255
117.467361 61.909842 5.025343 255 1 0
-67.598461 -75.071122 0.739668 193 255 61
-10.067686 0.848227 -2.251804 0 228 255
113.305589 -46.726641 4.371784 255 49 0
-118.388598 -15.911048 3.265384 255 130 0
-49.184842 -30.302734 0.077686 145 255 109
77.084181 10.324652 -1.698067 14 255 240
-97.024395 -66.129124 -5.239062 0 9 255
102.791070 -9.656376 -5.341339 0 1 255
80.293785 -31.915986 0.048977 142 255 112
-85.667602 32.998983 -0.196134 124 255 130
22.163025 -45.334980 -3.461161 0 140 255
13.319580 -28.115836 0.551759 179 255 75
46.486445 -43.305156 -2.782401 0 189 255
-46.358317 79.084137 2.947482 255 154 0
-27.802893 -72.754109 4.822835 255 16 0
-62.207752 -56.199668 1.733525 255 243 0
-49.944121 67.727763 4.888337 255 11 0
-77.825102 -22.579287 0.951796 209 255 45
97.056722 45.002979 3.538409 255 110 0
92.981795 -75.730534 3.880522 255 85 0
-33.596017 -64.569996 6.116746 176 0 0
46.372311 18.560475 3.018494 255 148 0
-2.333877 -60.260682 0.960710 209 255 45
-52.612146 -46.456674 2.765330 255 167 0
-36.094989 -24.331387 -2.097297 0 240 255
111.637366 22.219336 -2.327324 0 223 255
-38.049249 -60.228361 6.048141 181 0 0
18.879945 -78.271053 -3.775888 0 116 255
106.824597 -19.598927 -3.260781 0 154 255
-48.577471 31.398051 -0.026490 137 255 117
74.145608 55.348033 0.428294 170 255 84
-92.620611 12.086044 3.791657 255 91 0
55.999324 -31.955012 0.234027 156 255 98
73.605050 76.615208 0.902950 205 255 49
80.986514 -33.654652 0.154787 150 255 104
114.012723 48.173760 4.399821 255 47 0
50.625297 47.058145 -3.825997 0 113 255
114.530657 28.940852 -0.190820 125 255 129
-53.195200 5.352207 -4.138600 0 90 255
5.174610 -52.370023 -0.679243 89 255 165
-68.622195 12.149509 -0.408020 109 255 145
-99.953105 -88.353106 -1.885305 0 255 254
-14.655275 81.053115 2.353115 255 197 0
52.723289 4.470824 3.975610 255 78 0
66.827247 -3.812690 1.145644 223 255 31
-115.922770 80.913436 -2.970001 0 176 255
106.132578 63.935469 5.856190 195 0 0
-60.663970 -36.887053 0.581088 182 255 72
-49.871948 78.214788 3.368416 255 123 0
79.778877 74.281132 2.790293 255 165 0
94.611566 -59.657891 5.309544 235 0 0
56.744848 -12.558781 3.053746 255 146 0
-40.124014 -20.492287 -3.044043 0 170 255
-8.917804 10.395748 -2.327485 0 223 255
80.305219 27.399305 -1.119756 57 255 197
-34.245950 -17.151521 -3.844198 0 111 255
73.273442 29.421576 0.074928 144 255 110
67.682270 21.941060 0.346109 164 255 90
-7.518852 0.012212 -1.544517 25 255 229
95.173211 -85.089874 2.664433 255 174 0
-27.715259 -42.589294 3.655679 255 101 0
59.979677 -21.944199 1.389926 241 255 13
33.539718 38.643625 -2.436597 0 215 255
-40.499840 -24.870696 -1.473631 31 255 223
7.628148 -44.291347 -1.584790 22 255 232
25.449570 -82.549320 -3.067590 0 168 255
8.838222 37.594003 -1.160912 54 255 200
-93.427422 -23.443812 2.355998 255 197 0
117.948142 4.578648 -4.341594 0 75 255
111.985102 68.131192 5.002012 255 3 0
-111.006125 28.372351 0.555955 180 255 74
106.627153 -45.878134 3.701883 255 98 0
7.557323 -39.707268 -1.479871 30 255 224
-89.830919 22.131732 2.051797 255 219 0
76.936574 59.288803 1.752746 255 241 0
-16.088379 -57.426703 3.326433 255 126 0
51.165760 -14.904599 2.461982 255 189 0
78.533596 -52.821838 1.470201 247 255 7
9.129513 -68.596998 -2.231674 0 230 255
-108.080330 34.769771 -1.552137 25 255 229
77.392995 -17.376872 -1.322316 42 255 212
46.569198 -15.984306 3.673939 255 100 0
98.433947 61.698760 5.969956 186 0 0
-55.167098 -87.472470 1.166856 225 255 29
68.441119 -48.850242 -0.233505 122 255 132
89.548231 -80.278368 3.483305 255 114 0
-34.787736 -86.421662 2.052755 255 219 0
-21.554878 5.502899 -4.783483 0 42 255
-39.843008 -31.798968 0.530817 178 255 76
-118.625389 32.298703 -0.651627 91 255 163
-64.426225 -55.421457 1.537270 252 255 2
-40.431277 -66.685531 4.768068 255 20 0
-93.983087 42.205207 -3.321972 0 150 255
63.733499 -80.802442 -1.597642 21 255 233
-17.531372 9.178364 -3.912953 0 106 255
16.371429 -80.588271 -2.575904 0 205 255
-51.694412 78.128022 2.314786 255 200 0
-33.516406 70.516960 6.176773 171 0 0
60.812172 -79.870265 -0.840119 77 255 177
-7.243687 79.708113 1.699746 255 245 0
23.165285 9.933108 4.465763 255 42 0
-18.556676 43.111452 2.604978 255 179 0
13.688370 61.794127 -3.725825 0 120 255
95.365988 -8.474715 -5.206595 0 11 255
-55.823590 -7.530556 -3.569947 0 132 255
4.574871 -29.862434 0.185583 153 255 101
44.934266 20.484125 2.607647 255 179 0
-99.170523 -84.353227 -2.937687 0 178 255
110.881821 33.095342 1.095094 219 255 35
-0.298142 41.845992 -0.091284 132 255 122
-61.119067 34.460433 0.547843 179 255 75
62.503388 21.513839 1.047471 216 255 38
75.739417 -32.060763 -0.118914 130 255 124
31.348735 32.807107 -0.570363 97 255 157
99.879066 -20.560604 -2.636005 0 200 255
-98.661434 25.762904 1.417604 243 255 11
6.623637 -44.710642 -0.860502 76 255 178
58.293620 -42.310135 -1.699490 14 255 240
100.036352 27.166480 -1.377242 38 255 216
33.947228 -59.042657 -5.374833 0 0 254
24.554841 60.130895 -5.930097 0 0 213
-26.825277 57.642577 5.162194 246 0 0
17.186408 9.407324 3.514921 255 112 0
13.151255 -43.287769 -1.735414 11 255 243
97.205997 -28.167596 -1.166793 53 255 201
78.504290 -63.260123 2.314183 255 200 0
56.926918 44.243453 -1.742301 11 255 243
101.708363 82.113380 4.067289 255 71 0
-104.120994 -68.838606 -5.402176 0 0 252
64.708226 -77.038095 -1.537249 26 255 228
-8.732004 -11.912367 -1.307411 43 255 211
60.433151 84.903090 -1.119263 57 255 197
-48.917399 -52.676104 3.880790 255 85 0
-7.838813 -53.121657 1.900688 255 230 0
77.901773 -17.879511 -1.696718 14 255 240
-111.556750 -29.670190 0.347405 164 255 90
-50.129629 -42.157224 2.045337 255 220 0
-2.769169 13.458905 -0.769383 82 255 172
84.360519 -70.518263 2.499073 255 186 0
-55.192033 -73.820726 3.559643 255 109 0
77.537857 -1.424601 -2.035279 0 244 255
-61.309334 80.592635 1.689400 255 246 0
-47.243773 -54.662570 4.799019 255 17 0
12.916342 -48.856058 -2.572693 0 205 255
36.937249 -49.330114 -4.209078 0 85 255
91.216799 -74.819327 4.508298 255 39 0
91.072097 -72.413768 4.206756 255 61 0
-59.961180 -32.617381 0.421572 170 255 84
58.944520 -38.549805 -1.126234 56 255 198
32.398325 15.775254 4.010882 255 75 0
-27.325552 -60.553487 5.753780 202 0 0
66.250048 73.786117 -0.808948 79 255 175
95.404649 12.480228 -4.507836 0 63 255
-4.993302 54.661616 0.494787 175 255 79
99.865283 -67.127316 5.404482 228 0 0
-89.371019 56.987608 -4.413975 0 70 255
-80.114235 -16.615577 2.033243 255 221 0
63.408260 -30.436733 0.292991 160 255 94
-46.667595 68.205496 4.778459 255 19 0
20.487804 -10.782193 4.247933 255 58 0
-0.702934 -37.183898 -0.404391 109 255 145
-85.011495 -17.923296 2.502642 255 186 0
61.016078 16.274274 2.221254 255 207 0
57.943810 -46.393573 -2.180925 0 234 255
-85.151179 0.444397 3.439572 255 117 0
-57.654806 -30.950849 0.275770 159 255 95
72.140325 -67.041354 0.549193 179 255 75
98.935414 -84.828367 2.612269 255 178 0
88.821629 58.234964 4.580212 255 34 0
0.446864 71.607403 -0.245284 121 255 133
-31.825094 -38.796520 2.374123 255 196 0
-13.139541 47.473278 2.135637 255 213 0
-77.666761 -16.652281 1.110890 221 255 33
-0.962677 -26.885324 0.022346 141 255 113
-64.586991 -38.386707 0.610924 184 255 70
-81.132086 -30.621519 0.173713 152 255 102
-28.650513 -26.177593 -1.279356 45 255 209
-104.655508 -68.719184 -5.781074 0 0 224
-7.115007 58.140595 1.589141 255 253 0
47.072792 -13.660126 4.118377 255 67 0
36.337563 -55.291412 -6.137900 0 0 198
114.062097 -15.819997 -3.871970 0 109 255
92.590696 -4.209527 -4.698793 0 49 255
32.100420 44.964796 -3.554163 0 133 255
95.429437 -60.820139 5.835893 196 0 0
-13.332794 -0.080438 -3.491767 0 137 255
71.729790 47.632409 0.271505 159 255 95
-51.724904 56.535002 3.961940 255 79 0
6.408681 -62.811724 -1.898487 0 254 255
115.168313 -24.342061 -1.797271 7 255 247
23.711927 36.416677 -0.973866 67 255 187
1.629912 -29.064952 0.021820 140 255 114
68.953822 28.866953 0.561981 180 255 74
-45.034249 -42.762908 3.044460 255 146 0
79.450565 -31.726911 -0.688899 88 255 166
-115.549021 -76.550604 -3.886507 0 108 255
-62.818478 25.718475 -0.700899 87 255 167
-77.460670 -37.162598 -0.554139 98 255 156
-58.235895 -74.381034 2.234293 255 206 0
106.927558 -42.783113 3.014016 255 149 0
-114.265191 -57.595636 -4.560166 0 59 255
-48.301180 -22.691167 -1.735026 11 255 243
17.853783 81.797811 -2.652588 0 199 255
48.741471 75.402650 -4.216151 0 84 255
65.708140 60.933580 -1.238683 48 255 206
-28.011284 54.099028 4.949909 255 6 0
-67.158278 72.968387 0.833725 200 255 54
84.564618 -59.569865 4.039447 255 73 0
-90.697879 -0.292709 4.294719 255 55 0
-104.394746 51.387629 -4.892942 0 34 255
-64.420857 79.186591 0.955422 209 255 45
-1.779148 19.943188 -0.360352 112 255 142
106.118089 -65.699853 6.196813 170 0 0
54.924492 -27.422246 0.469515 173 255 81
15.353362 -56.116017 -3.911089 0 106 255
5.092578 47.877208 -1.037323 63 255 191
46.420175 54.769565 -5.053413 0 23 255
30.352002 -18.718859 3.297030 255 128 0
-39.285277 -89.873273 1.557345 253 255 1
-97.744783 76.179363 -4.938183 0 31 255
-71.778715 68.364753 -0.075352 133 255 121
67.850012 77.317400 0.078807 145 255 109
32.268786 44.438114 -3.725427 0 120 255
71.322623 88.102029 0.353752 165 255 89
-109.322167 -40.863628 -3.038880 0 171 255
96.196729 -67.271431 5.336838 233 0 0
-28.259605 59.973076 5.523404 219 0 0
102.280185 56.564063 5.390520 229 0 0
22.684520 -42.046750 -2.249992 0 229 255
11.355077 17.984951 1.963264 255 226 0
76.338533 -73.311124 1.849996 255 234 0
30.103521 -63.442008 -6.389772 0 0 179
41.897237 84.809479 -2.622491 0 201 255
-82.175652 67.009661 -3.237539 0 156 255
25.069685 -58.788669 -5.833322 0 0 220
-34.440134 27.523688 -0.768939 82 255 172
-101.858943 37.987249 -1.874179 1 255 253
-88.034155 5.430717 4.371702 255 49 0
-4.848192 0.217912 -0.752426 84 255 170
-56.998861 32.549371 0.016583 140 255 114
63.677489 -85.204554 -0.140557 129 255 125
-90.624364 83.589877 -3.076527 0 168 255
-116.683459 19.729689 3.350054 255 124 0
119.275116 -4.123414 -4.354570 0 74 255
-44.886723 -39.462482 1.727565 255 243 0
2.349561 -40.810609 -0.710894 87 255 167
-69.588690 21.046739 0.890338 204 255 50
-69.888298 -55.311367 -0.204373 124 255 130
-23.447165 36.143275 1.668655 255 248 0
69.551777 -74.579856 0.109592 147 255 107
-110.639424 -20.465866 3.084742 255 143 0
80.952941 -39.095479 1.055362 216 255 38
117.664173 -89.632389 0.736787 193 255 61
14.198932 35.297705 -1.072057 60 255 194
-33.597294 69.936011 5.355137 232 0 0
-63.855409 -20.140226 -0.499399 102 255 152
-76.091759 -46.674684 -1.806580 6 255 248
-42.399425 28.189963 -1.262505 46 255 208
84.397722 -69.604431 3.623345 255 104 0
-119.218640 63.256872 -4.783795 0 42 255
68.634864 1.017225 0.165556 151 255 103
40.183519 32.580796 -0.670065 90 255 164
-115.436151 -34.862960 -1.509126 28 255 226
-103.308520 4.827175 5.557126 217 0 0
56.414932 11.924670 2.418903 255 192 0
41.561045 21.800243 2.481384 255 188 0
-44.761757 52.368108 4.366979 255 49 0
86.709617 -12.399988 -3.895551 0 108 255
-69.562300 -12.319053 0.423396 170 255 84
-17.541879 -12.929795 -4.127922 0 91 255
-92.398954 -82.881173 -2.465104 0 213 255
34.966655 -23.267608 2.227683 255 206 0
-99.114360 76.903112 -4.636187 0 53 255
-76.924327 32.412933 -0.527174 100 255 154
63.924066 -22.723284 0.323697 163 255 91
0.057290 57.491187 -0.175385 126 255 128
38.848229 -40.686486 -3.376996 0 146 255
56.148765 -15.093897 2.870978 255 159 0
25.572215 -37.855387 -1.686777 15 255 239
-72.537634 -16.595701 0.475933 174 255 80
47.638749 -64.889986 -5.043090 0 23 255
-92.174914 13.169057 4.386283 255 48 0
-55.245045 -64.634309 3.625456 255 104 0
-12.447101 -8.492555 -2.647667 0 199 255
-92.534156 47.042653 -3.847261 0 111 255
-94.562244 71.348148 -4.303110 0 78 255
36.544801 28.909801 0.502963 176 255 78
58.069798 -21.338670 1.075943 218 255 36
-31.034196 -53.414643 5.018799 255 1 0
-26.434939 -39.591746 2.524163 255 185 0
-70.175760 -41.120166 0.498594 176 255 78
5.190673 29.673794 0.238487 156 255 98
19.288440 48.228431 -2.672686 0 197 255
104.065563 -64.300387 5.608320 213 0 0
-110.260789 -8.217424 5.057277 253 0 0
98.093998 46.438493 3.732861 255 96 0
117.755441 35.636277 1.496405 249 255 5
-36.891837 -70.484266 5.201793 243 0 0
54.193907 13.294737 3.038442 255 147 0
77.962715 78.249789 1.115948 221 255 33
36.270367 64.352893 -5.916679 0 0 214
-50.662898 -47.359324 2.942147 255 154 0
29.497585 61.348306 -4.760041 0 44 255
90.458110 87.136152 1.937480 255 228 0
-94.308604 78.160454 -4.052406 0 96 255
-4.806411 66.331033 1.550968 253 255 1
-114.565103 -68.268142 -5.255634 0 8 255
82.790444 -11.733269 -2.988848 0 174 255
66.837618 28.522336 0.282575 160 255 94
-108.951902 66.325482 -6.337948 0 0 183
58.994712 59.521513 -2.256531 0 228 255
45.973692 -15.624019 4.170023 255 64 0
-89.699696 -25.966180 0.851682 201 255 53
6.040420 35.993880 -0.428691 107 255 147
45.446353 -40.306487 -2.979431 0 175 255
-39.483486 -14.312889 -4.250946 0 81 255
0.935592 63.506676 -0.158106 127 255 127
114.223741 -39.498469 2.213977 255 207 0
32.563643 62.729099 -6.169893 0 0 195
0.478397 -79.658864 -0.120577 130 255 124
-104.160614 -74.404346 -5.277826 0 6 255
-90.918855 -24.506607 1.556478 253 255 1
84.184815 32.346355 -0.086318 133 255 121
58.223660 -49.867552 -2.627403 0 201 255
80.422763 83.046539 1.206396 228 255 26
18.740531 17.654131 1.926535 255 229 0
18.242261 -75.840178 -3.794162 0 115 255
7.338587 -47.695182 -1.122469 56 255 198
56.419598 64.737204 -2.892066 0 181 255
-40.749471 -69.789807 5.226771 241 0 0
-0.790558 -85.594900 0.091328 146 255 108
-7.255725 -45.475385 1.682315 255 247 0
38.792945 -84.976606 -3.229588 0 157 255
-68.109417 -53.705604 0.531820 178 255 76
-113.982173 -1.841996 4.842832 255 14 0
-98.745507 59.386927 -5.575758 0 0 239
-76.981861 -7.634178 1.669500 255 247 0
85.738729 9.949791 -3.521635 0 135 255
52.040882 -69.311082 -4.181692 0 87 255
59.993042 -27.837027 1.122888 221 255 33
-13.385067 27.089308 -1.688721 15 255 239
-95.334921 -3.297592 4.873966 255 12 0
-8.334432 79.087495 1.571957 254 255 0
87.116848 -14.717668 -3.053985 0 169 255
2.197185 76.258784 -0.744609 84 255 170
31.640861 -52.182206 -5.008952 0 26 255
-30.193580 32.056673 0.167614 151 255 103
-83.979191 48.472807 -2.670303 0 198 255
30.390863 83.858901 -2.527621 0 208 255
-3.605381 -59.076460 0.624096 185 255 69
-37.049710 21.352050 -2.822050 0 186 255
-57.955301 77.405714 2.586754 255 180 0
47.037922 -0.225112 4.914437 255 9 0
-43.701239 86.963809 2.395824 255 194 0
18.231962 73.025955 -4.154165 0 89 255
-57.662044 -36.753148 0.213239 155 255 99
60.818789 -2.385405 1.937282 255 228 0
-30.012011 -31.591924 0.063097 144 255 110
-5.161463 55.087903 1.622188 255 251 0
102.619033 -80.119109 3.721543 255 97 0
52.411647 33.877455 -0.560029 98 255 156
56.719611 -89.201509 -0.864665 75 255 179
-38.557955 -79.921929 4.087622 255 70 0
81.680985 50.079512 2.080121 255 217 0
-27.417963 -51.647408 4.733275 255 22 0
117.193401 12.641249 -4.449197 0 67 255
95.015895 74.254824 4.714633 255 24 0
38.189920 -58.139184 -5.494799 0 0 245
79.551342 -19.083226 -2.303158 0 225 255
10.570427 49.968705 -2.144682 0 236 255
55.940725 20.779315 1.686381 255 246 0
-90.054167 22.576782 2.262969 255 204 0
117.260550 -55.450612 4.442582 255 44 0
72.050695 4.494545 -0.601295 95 255 159
-85.813829 61.096645 -4.399169 0 71 255
-61.772547 4.697684 -1.807436 6 255 248
17.993297 25.151173 2.132774 255 213 0
63.060335 35.725241 -0.315524 116 255 138
-84.275106 -24.145275 1.822287 255 236 0
110.553039 2.901771 -5.200737 0 12 255
-36.974079 -25.854493 -1.752461 10 255 244
118.793887 -40.304480 2.091404 255 216 0
60.620586 -76.465813 -1.833315 4 255 250
-3.474759 69.665257 1.234581 230 255 24
-32.951880 -28.234965 -1.205956 50 255 204
-96.842764 38.141902 -1.612369 20 255 234
-98.903885 -52.901589 -5.417887 0 0 251
31.068786 17.310011 4.046047 255 73 0
65.645017 43.597018 -0.667996 90 255 164
97.810103 35.542372 0.542174 179 255 75
-32.402564 -4.347774 -5.981115 0 0 209
105.031252 87.763176 2.066232 255 218 0
-48.749969 -62.580281 4.796139 255 18 0
105.571853 43.766233 3.540822 255 110 0
100.520496 -68.156034 6.468126 150 0 0
-82.800282 0.321738 2.830839 255 162 0
86.590566 -88.898725 0.809695 198 255 56
48.885857 -78.818621 -3.674566 0 124 255
48.585055 72.201286 -4.386009 0 72 255
81.698971 43.479810 1.546011 252 255 2
8.799382 -83.157719 -1.315014 42 255 212
1.624321 -74.903778 -0.674288 89 255 165
-31.912832 -70.882028 5.181606 244 0 0
87.660044 61.626648 4.972951 255 5 0
96.263571 -3.920177 -4.583676 0 57 255
-81.469250 60.111863 -3.053449 0 169 255
65.320601 18.334562 0.747635 194 255 60
-53.877282 48.228715 2.324358 255 199 0
-75.874249 -66.442513 -1.750840 10 255 244
-72.669977 39.737627 -0.060705 134 255 120
17.593349 -36.716460 -0.986743 66 255 188
-52.855156 24.607967 -1.476813 30 255 224
-61.853086 -62.628839 2.737611 255 169 0
-96.360968 -30.817107 1.208683 228 255 26
-42.069111 54.197786 5.086160 251 0 0
65.782500 -76.425072 -1.226701 49 255 205
-114.816325 -62.222677 -5.184812 0 13 255
-4.161537 -38.570974 0.687883 189 255 65
24.673492 -52.136757 -4.946398 0 30 255
-108.091391 59.443147 -5.881647 0 0 217
-49.446659 68.060915 4.974663 255 5 0
97.554279 59.286396 5.730205 204 0 0
118.640858 -11.304119 -4.425204 0 69 255
84.073758 23.787770 -1.031177 63 255 191
-79.272452 12.779070 1.680153 255 247 0
63.397630 25.505221 1.034389 215 255 39
-11.792226 20.599788 -1.577606 23 255 231
-79.045358 76.112653 -2.593180 0 203 255
-4.587616 26.967624 -0.593759 95 255 159
101.491318 -84.263637 3.113484 255 141 0
90.540638 45.195736 3.700736 255 98 0
-26.031606 10.221677 -4.702918 0 48 255
-104.795473 51.567640 -5.189216 0 13 255
96.132784 -29.365301 0.242021 157 255 97
116.708506 -52.610033 4.006996 255 76 0
2.734625 1.166178 1.093407 219 255 35
-65.932813 -49.124779 0.246448 157 255 97
10.510273 16.086264 1.257467 231 255 23
47.105652 7.927780 4.321303 255 53 0
-4.270262 34.299598 0.445129 172 255 82
-35.388416 -85.521497 2.613221 255 178 0
-60.531766 51.749548 1.986859 255 224 0
-48.753576 -68.202532 4.836514 255 15 0
-108.043035 -4.489486 5.516775 220 0 0
-58.782197 -14.785846 -1.580079 23 255 231
108.751238 86.460006 2.265043 255 204 0
-118.056586 53.470308 -4.238946 0 82 255
54.592414 74.336373 -3.664525 0 125 255
69.339129 -41.817102 -0.101370 131 255 123
-22.869595 0.226346 -5.587689 0 0 238
22.857789 67.425173 -4.772978 0 43 255
-66.988198 64.211120 0.163954 151 255 103
40.330854 16.691708 4.160498 255 64 0
49.878182 0.517220 5.049693 254 0 0
56.296408 -44.607963 -1.910608 0 253 255
-1.985573 5.207170 -0.075300 133 255 121
112.899820 65.782360 6.075458 179 0 0
87.915724 39.477968 1.595048 255 253 0
17.389919 57.825443 -4.283873 0 79 255
43.767040 18.773314 3.086627 255 143 0
-54.051280 -72.624024 3.433181 255 118 0
106.470708 -56.402765 5.586963 215 0 0
34.834134 -14.229847 4.449327 255 43 0
94.781773 70.030775 5.665754 209 0 0
-50.730133 -4.111741 -4.433851 0 68 255
115.771491 78.771557 3.516786 255 112 0
-94.693451 -4.029963 5.808909 198 0 0
7.283780 41.845355 -1.378226 38 255 216
-93.486620 34.641294 -0.881919 74 255 180
-74.450926 -87.831783 -0.208585 124 255 130
63.396169 -11.956514 1.632525 255 250 0
-104.137193 13.084907 4.294528 255 55 0
-28.149525 86.986530 1.529473 251 255 3
-74.002659 56.942476 -1.525111 27 255 227
84.065137 -47.132095 2.226958 255 206 0
-100.229881 -36.868161 -1.179842 52 255 202
-39.221546 -2.150642 -5.901491 0 0 215
85.498506 -25.148048 -1.094831 58 255 196
44.859339 -24.220987 1.584773 255 254 0
48.798757 12.001427 3.809518 255 90 0
117.885198 -81.468371 3.180206 255 136 0
-114.379043 -12.852993 4.463904 255 42 0
39.556374 -76.991923 -4.578476 0 57 255
58.789813 -87.155288 -0.663311 90 255 164
59.561748 63.251656 -2.897401 0 181 255
51.365151 -79.071264 -3.261857 0 154 255
-102.669003 28.263500 0.764601 195 255 59
-99.854770 48.910655 -4.725602 0 47 255
65.472478 -75.251582 -0.677698 89 255 165
26.824908 -75.851369 -5.003721 0 26 255
-56.958214 -84.711960 1.639620 255 250 0
-117.770306 67.541670 -5.536055 0 0 242
8.029917 -4.030121 1.441075 245 255 9
-98.298295 -63.116224 -5.771978 0 0 225
59.611624 86.182009 -0.960537 68 255 186
-38.226741 20.640974 -3.115548 0 165 255
73.794862 69.124647 0.270815 159 255 95
-97.066621 -72.333522 -4.625136 0 54 255
-1.445742 14.981039 0.081928 145 255 109
-96.056405 46.257443 -4.071430 0 95 255
67.286430 -10.017515 1.041966 215 255 39
14.395945 -0.851623 3.382974 255 122 0
-63.674983 -80.669002 1.022564 214 255 40
111.084727 -51.520279 4.562848 255 35 0
43.678791 -43.823922 -3.601198 0 129 255
-39.277900 -10.418216 -5.665367 0 0 233
85.279777 -87.267630 1.193237 227 255 27
-28.804248 -74.281223 5.069897 253 0 0
106.191600 16.051993 -4.310534 0 77 255
-48.692217 87.364199 1.846653 255 234 0
116.246685 -43.707988 3.288484 255 128 0
-105.004069 5.016017 6.325510 160 0 0
56.296992 -0.588980 3.771957 255 93 0
-50.063776 49.000933 3.585573 255 107 0
-18.263485 5.849497 -4.131499 0 90 255
32.684507 2.008712 5.877221 193 0 0
-109.000780 -82.544289 -3.566616 0 132 255
-66.350499 -87.306678 -0.124453 130 255 124
-95.035957 -10.119974 5.344545 232 0 0
57.514937 -67.805368 -3.386278 0 145 255
-66.902004 -32.454877 0.224243 155 255 99
-0.400228 -63.131724 0.614833 184 255 70
-41.156781 52.712618 5.103670 250 0 0
-63.331974 -37.308688 0.291753 160 255 94
104.442672 26.786256 -1.251868 47 255 207
1.798689 16.597069 0.864891 202 255 52
36.112846 35.893323 -1.676255 16 255 238
49.051918 -41.004402 -2.552784 0 206 255
77.076303 -60.993592 1.728083 255 243 0
-56.827375 66.642227 3.511377 255 112 0
-101.137264 -1.253512 6.183488 171 0 0
-7.861020 38.960466 0.554164 180 255 74
-79.198528 -10.116096 2.167466 255 211 0
-115.096342 -85.242434 -2.026356 0 245 255
100.724232 -67.911081 5.284829 237 0 0
30.380600 -63.480498 -5.930917 0 0 213
-20.552463 -84.276984 2.430887 255 191 0
-87.253179 38.881113 -1.313129 42 255 212
62.699665 82.832836 -0.789886 81 255 173
7.921259 -17.422837 0.839134 201 255 53
-78.169257 84.710032 -1.047431 62 255 192
115.745238 -69.845769 4.741082 255 22 0
108.195530 -27.213250 -1.165177 53 255 201
102.513866 18.266399 -3.506686 0 136 255
78.395816 26.224033 -0.626875 93 255 161
7.580165 -84.838313 -0.837019 77 255 177
-47.891863 71.034176 5.347699 232 0 0
36.409987 89.056341 -0.896168 73 255 181
-83.676369 -36.863224 -0.617344 94 255 160
28.035041 -36.759677 -1.498461 29 255 225
-104.143822 23.674361 2.975437 255 151 0
-116.739531 -14.694392 3.583048 255 107 0
51.723889 3.773796 3.651155 255 102 0
-37.749422 65.484215 5.820841 197 0 0
47.340231 25.744878 1.082751 218 255 36
67.187244 -68.753370 -1.506036 28 255 226
80.472881 -30.612352 -0.505957 102 255 152
27.799039 65.644217 -5.795443 0 0 223
83.216945 77.958528 2.302957 255 201 0
38.128748 -34.653757 -0.840828 77 255 177
102.547305 -76.072298 4.913209 255 9 0
95.243944 50.784407 4.701985 255 25 0
-109.612369 -50.783899 -5.243818 0 9 255
-55.764582 -49.387581 3.017448 255 148 0
-26.681731 -15.866175 -3.371954 0 146 255
-59.472214 -75.067397 2.103733 255 216 0
-77.546085 32.000965 -0.154262 128 255 126
89.633615 64.369321 4.807673 255 17 0
-113.999639 -29.389810 0.754278 194 255 60
-76.353734 31.140697 0.018108 140 255 114
62.458333 -66.074307 -1.794336 7 255 247
-66.405393 -25.358484 -0.621695 93 255 161
-57.995253 -62.051667 2.397074 255 194 0
112.193202 -71.205302 4.947525 255 7 0
63.036501 -40.459337 -0.947354 69 255 185
-12.320371 -23.755900 -1.226594 49 255 205
-87.311569 -85.828328 -1.947045 0 251 255
-55.428820 25.497718 -1.405900 36 255 218
115.479137 25.870489 -1.402352 36 255 218
69.858731 -38.220083 0.156404 150 255 104
-103.229072 -11.890636 4.844370 255 14 0
49.642258 -41.004356 -2.338441 0 222 255
-29.752644 -71.732565 5.273074 238 0 0
52.777100 81.624172 -2.671093 0 198 255
-49.092932 77.734474 3.690613 255 99 0
-88.760394 -7.207315 4.017774 255 75 0
-115.272027 57.558263 -5.856970 0 0 218
-49.035424 1.323782 -4.198369 0 85 255
86.482585 82.329396 2.414321 255 193 0
93.895403 20.280860 -2.504220 0 210 255
43.961344 64.691884 -5.569230 0 0 240
59.492724 10.790382 2.236937 255 206 0
-73.289109 10.740648 0.813110 199 255 55
-34.977088 22.793539 -2.476671 0 212 255
95.815980 61.167632 5.443063 225 0 0
116.707240 -67.815770 4.674978 255 27 0
-13.666831 38.714225 1.433103 244 255 10
66.233911 38.620451 -0.332857 114 255 140
104.027216 89.796156 1.994119 255 224 0
119.280543 -26.537330 -1.443629 33 255 221
-49.018519 33.861942 0.445478 172 255 82
36.976953 -23.392790 2.300950 255 201 0
-26.404901 16.793584 -4.404109 0 70 255
-8.379937 -88.584426 0.302093 161 255 93
-9.139533 57.796874 1.613241 255 252 0
-53.156325 -55.806519 3.596121 255 106 0
-115.424398 -2.119580 5.324195 234 0 0
63.967563 -60.753444 -1.520788 27 255 227
47.032206 80.033032 -2.992123 0 174 255
81.743304 40.359473 1.393562 241 255 13
-83.206996 65.119911 -3.037325 0 171 255
-63.111360 46.394660 1.388341 241 255 13
23.071199 71.616336 -5.466621 0 0 247
104.790419 27.925374 -1.000665 65 255 189
-6.774090 -74.990024 0.928368 207 255 47
-71.801428 -77.246211 -0.186256 125 255 129
22.725718 44.977960 -2.776916 0 190 255
109.801103 -38.102617 2.385249 255 195 0
88.338125 38.712120 1.693756 255 246 0
95.749602 -11.683341 -4.605941 0 55 255
-21.474707 63.517949 4.443306 255 44 0
-57.049268 -28.975780 -0.145533 128 255 126
88.939970 -73.581205 3.978553 255 78 0
69.140908 60.753268 -0.286320 118 255 136
84.330534 -35.793196 0.320995 162 255 92
-26.105546 -18.596993 -3.800019 0 115 255
-51.322088 49.685559 3.329589 255 125 0
-62.328105 -44.827651 1.509553 250 255 4
88.948890 79.056967 3.113659 255 141 0
100.661350 -84.838572 2.355396 255 197 0
-31.880576 46.982789 4.437742 255 44 0
89.889938 63.579407 5.074846 252 0 0
-28.465738 22.108089 -2.506893 0 210 255
-12.501882 -54.967124 2.861307 255 160 0
15.955562 -71.130213 -3.529042 0 135 255
-66.887731 48.795486 0.542526 179 255 75
-55.812129 41.406690 1.877755 255 232 0
-56.003727 50.500496 2.455629 255 190 0
-57.583060 85.920999 1.689589 255 246 0
3.724994 18.873401 0.593364 182 255 72
-95.879561 80.527368 -2.703566 0 195 255
67.291054 87.326187 -0.976998 67 255 187
-78.048431 15.932482 1.203735 227 255 27
-13.447906 49.168253 2.107803 255 215 0
34.037378 -60.478292 -5.953076 0 0 211
-86.874306 89.764861 -0.798283 80 255 174
-21.793924 -0.666915 -5.201087 0 12 255
15.158841 0.298684 3.833939 255 88 0
12.074035 33.395698 -0.248108 121 255 133
94.205762 64.067709 5.041213 255 0 0
68.402100 -40.137145 -0.186795 125 255 129
-90.981684 45.420085 -3.571039 0 131 255
79.973655 59.794809 2.447754 255 190 0
11.950457 -18.696848 1.606849 255 252 0
42.759198 -10.913573 4.549442 255 36 0
-81.605695 68.794889 -3.297778 0 152 255
-6.724619 -29.808175 -0.043055 136 255 118
47.979794 55.068485 -4.648856 0 52 255
71.388645 70.223373 1.009203 213 255 41
73.394736 -24.471594 -1.086610 59 255 195
-67.888470 -33.131765 -0.011213 138 255 116
79.854177 -56.293485 2.491871 255 187 0
16.422537 -53.701649 -3.452809 0 140 255
40.485075 65.040909 -5.706144 0 0 230
84.372555 -39.728568 2.274984 255 203 0
-22.687676 -41.451289 2.179500 255 210 0
100.713004 27.188405 -1.829137 4 255 250
91.501205 -38.984252 2.016248 255 222 0
73.858785 -39.135359 0.096690 146 255 108
-28.814045 77.613685 4.304501 255 54 0
6.769617 88.165530 -0.660900 90 255 164
-78.451502 47.372669 -0.917759 71 255 183
62.249791 51.281736 -2.041960 0 244 255
93.824323 -22.752654 -1.677417 16 255 238
-81.397340 -27.078781 0.782772 196 255 58
58.739322 57.309503 -2.708731 0 195 255
46.600933 4.728938 5.069204 253 0 0
-111.234869 -52.256698 -5.335561 0 2 255
100.062388 -31.392460 -0.008657 138 255 116
-5.004421 40.949719 0.647310 186 255 68
-55.396991 -20.267695 -2.058877 0 243 255
-112.755228 55.778637 -5.718418 0 0 229
67.642659 -49.882448 -0.672030 89 255 165
-38.929741 -89.658087 1.242992 230 255 24
3.238546 -64.229157 -0.946689 69 255 185
-73.262587 -70.725228 -1.372650 38 255 216
25.679512 -56.088107 -5.144397 0 16 255
-24.663521 85.970670 2.544945 255 183 0
73.584093 27.404200 -0.272844 119 255 135
39.919425 -11.939766 5.326387 234 0 0
53.214959 -64.342779 -3.982146 0 101 255
-59.723660 55.781197 2.297837 255 201 0
-104.675608 24.991935 1.524596 251 255 3
91.190237 -42.755081 2.201312 255 208 0
104.556052 -3.722051 -6.163883 0 0 196
34.440524 62.583023 -6.079726 0 0 202
101.222497 83.033788 2.759244 255 167 0
49.510678 81.194727 -2.995883 0 174 255
25.397292 15.380798 4.519410 255 38 0
-19.427890 5.379914 -5.134766 0 17 255
-34.653409 -14.498419 -4.414441 0 69 255
-2.479780 -88.579446 0.223569 155 255 99
-66.614860 -36.898215 0.348090 164 255 90
-17.357249 58.613638 4.229612 255 59 0
1.833965 -25.179323 0.132440 149 255 105
-112.509058 28.276488 0.744984 194 255 60
-25.536468 86.616315 1.945691 255 227 0
-51.730571 52.729062 3.487122 255 114 0
32.199167 -32.941129 -0.714942 86 255 168
74.827136 -47.326357 0.976121 211 255 43
27.465916 76.586456 -4.366009 0 73 255
39.346967 -51.960934 -4.986748 0 27 255
27.336444 38.532960 -2.236223 0 230 255
-58.501948 24.870086 -1.374163 38 255 216
-29.688946 11.379490 -4.189536 0 86 255
82.607833 -33.990688 0.581974 182 255 72
107.045768 85.356879 2.865782 255 160 0
-76.511631 48.640497 -1.277791 45 255 209
-117.461797 -15.830779 3.790995 255 92 0
110.750563 -60.304340 6.078141 178 0 0
86.306069 -16.514214 -2.277242 0 227 255
25.822536 -81.928280 -3.208981 0 158 255
76.060237 -56.561903 1.763148 255 241 0
22.622403 -47.195878 -3.331676 0 149 255
97.154943 -61.868405 5.101062 250 0 0
-61.597074 6.522125 -2.057287 0 243 255
-13.408456 -63.896186 3.523458 255 111 0
40.938660 -73.771652 -5.259287 0 7 255
-68.248616 -77.487286 0.098646 146 255 108
51.556410 69.198534 -3.781327 0 116 255
-57.030266 -75.708216 2.757631 255 167 0
50.405241 82.713269 -2.532518 0 208 255
73.011855 77.290027 0.454418 172 255 82
-18.197478 1.937847 -4.305004 0 78 255
117.626723 69.436367 5.913771 191 0 0
31.528315 -85.903821 -2.360729 0 220 255
61.579833 45.701492 -1.774894 8 255 246
-115.057177 5.505921 4.580696 255 34 0
-92.925210 20.122503 3.141790 255 139 0
50.756824 89.982644 -0.787126 81 255 173
106.347713 -61.130191 5.632646 211 0 0
30.774936 -34.448754 -0.404720 109 255 145
99.082489 33.644502 1.092092 219 255 35
-105.797900 -57.553014 -6.053505 0 0 204
93.995908 75.676648 4.000126 255 76 0
90.555475 -60.719365 4.936827 255 7 0
30.928293 -19.236301 3.365726 255 123 0
-16.926447 44.741398 2.731855 255 169 0
49.187506 66.178407 -4.358006 0 74 255
-61.459881 51.866844 1.671057 255 247 0
40.235070 57.385425 -5.516329 0 0 243
46.622196 -16.680886 3.026159 255 148 0
9.576572 -22.291562 1.324750 236 255 18
-57.582046 8.326462 -2.497097 0 210 255
-119.494338 -58.554252 -5.587761 0 0 238
-73.013222 6.521273 0.390551 168 255 86
80.106128 9.648700 -2.258796 0 228 255
-69.054145 -32.386556 -0.557669 98 255 156
-102.160576 -63.859744 -5.945377 0 0 212
-60.807674 -73.794366 2.218483 255 207 0
4.601471 -25.553440 0.394701 168 255 86
20.705704 7.300084 4.738258 255 22 0
90.515322 87.193714 1.627954 255 251 0
85.141522 -54.665278 3.876772 255 85 0
112.497601 -86.374858 2.051872 255 219 0
92.224373 -36.045575 0.991196 212 255 42
-11.938176 -5.578056 -3.284705 0 152 255
-85.949047 14.233560 2.388092 255 195 0
109.387296 -29.197022 -0.702645 87 255 167
-65.097072 74.489382 1.058223 217 255 37
29.308725 -51.305746 -4.950516 0 30 255
-56.527990 -42.645460 1.446601 245 255 9
76.037986 -43.666810 0.796632 197 255 57
-71.814221 84.161841 0.072761 144 255 110
-19.011709 -3.928252 -4.382155 0 72 255
-67.272020 -26.654381 0.255512 158 255 96
86.535771 -80.882675 2.685432 255 173 0
28.661490 -20.548547 2.820896 255 163 0
31.397052 54.746128 -4.679246 0 50 255
-44.520648 60.989257 5.096914 251 0 0
-77.641980 81.228862 -1.842918 3 255 251
85.760993 -54.211957 3.357173 255 123 0
63.504035 -83.016544 -0.818998 79 255 175
56.266893 -57.957928 -3.065666 0 169 255
119.313317 -77.490946 3.617000 255 104 0
14.287814 65.597609 -3.765052 0 117 255
-77.146369 -38.309382 -0.167650 127 255 127
26.289787 60.501632 -5.390567 0 0 253
-51.048770 -37.929291 1.501397 249 255 5
3.105373 -71.326218 -0.932333 70 255 184
-9.762402 -41.128183 1.787465 255 239 0
15.246606 20.196046 2.467044 255 189 0
101.130297 85.020942 2.338480 255 198 0
74.448190 24.637353 0.013502 140 255 114
-20.364107 54.592958 4.458936 255 42 0
76.159845 2.268178 -1.766934 9 255 245
86.525285 76.230832 3.624925 255 104 0
65.754535 64.434841 -1.302158 43 255 211
12.333261 87.903865 -0.945518 69 255 185
95.842876 61.948221 5.966742 187 0 0
-1.929382 35.637182 0.186376 153 255 101
-94.570715 59.719657 -5.793733 0 0 223
-54.690028 70.900444 3.249073 255 131 0
37.803113 31.974324 -0.075453 133 255 121
-29.009663 -75.829918 4.367047 255 49 0
-18.523340 -11.157739 -3.754221 0 118 255
-23.469868 84.185569 2.769925 255 167 0
-73.911216 34.553287 -0.362189 112 255 142
-97.552312 -18.154664 3.071917 255 144 0
-108.220601 69.679340 -5.454946 0 0 248
41.401795 -25.304659 2.319000 255 200 0
-42.213598 -19.363648 -3.255223 0 155 255
-10.354205 6.637666 -2.385475 0 219 255
104.446401 31.802944 0.319513 162 255 92
30.399648 12.728543 4.857214 255 13 0
74.556974 -29.995714 -0.510411 101 255 153
62.958960 11.255787 1.716704 255 244 0
108.890452 -26.584893 -1.201046 51 255 203
-103.963060 30.572159 -0.006029 138 255 116
-27.805965 10.384963 -4.782691 0 42 255
107.906866 -70.652745 5.225587 241 0 0
-8.536006 23.525105 -1.226726 49 255 205
107.472023 79.180485 3.784504 255 92 0
-75.633269 22.100978 1.097574 220 255 34
-105.541033 -76.757267 -4.270272 0 80 255
94.911915 9.435347 -4.762132 0 44 255
-21.299254 -60.615910 5.472184 223 0 0
1.986036 -14.809374 0.148089 150 255 104
104.706172 -60.290372 6.278454 164 0 0
-67.336953 75.206529 0.398195 168 255 86
112.367292 49.221259 3.675101 255 100 0
-24.827994 12.759411 -4.031974 0 98 255
-60.619609 -36.438292 0.712610 191 255 63
-63.910991 -71.409841 0.942147 208 255 46
4.427717 37.797909 -0.495983 102 255 152
-7.928151 -46.508537 1.614522 255 251 0
92.664106 73.569593 4.298903 255 54 0
-107.807494 67.999509 -5.464634 0 0 247
-109.445803 -60.777518 -6.363859 0 0 181
-83.331656 89.449713 -0.042487 136 255 118
25.359450 84.387431 -2.621971 0 201 255
67.522706 -75.795594 -0.743636 84 255 170
-4.837535 1.944795 -1.468946 31 255 223
27.301336 -37.570154 -1.940815 0 251 255
34.212801 23.244079 1.822626 255 236 0
-115.369197 61.272273 -5.700187 0 0 230
-60.893651 -42.351411 1.285331 233 255 21
119.461942 -77.325444 3.825310 255 89 0
-40.610958 -24.025463 -2.513818 0 209 255
107.190483 -54.265603 5.562310 216 0 0
-1.853731 37.690701 0.011318 140 255 114
-66.586459 -36.884046 1.016707 214 255 40
-119.420345 17.761384 3.210862 255 134 0
-67.787886 -70.124561 0.781668 196 255 58
-42.839261 -41.472570 2.835630 255 162 0
-14.567416 48.194938 2.894725 255 157 0
-12.678807 59.634757 3.127538 255 140 0
11.602692 9.402315 2.397986 255 194 0
-6.204322 13.744609 -0.695450 88 255 166
-112.112685 -79.872348 -3.232559 0 156 255
-55.927869 16.470442 -1.998407 0 247 255
110.884564 15.227895 -4.537117 0 60 255
-113.420421 -50.282990 -4.486533 0 64 255
56.174012 40.419960 -1.252260 47 255 207
-5.670578 -67.350300 1.516315 250 255 4
49.661458 5.814484 3.913280 255 83 0
-40.199660 -73.334620 5.040030 255 0 0
-31.166888 62.332202 5.448282 225 0 0
4.027174 -17.551059 0.302796 161 255 93
98.318016 83.346836 3.176747 255 137 0
-41.186797 -9.040238 -6.288841 0 0 187
-99.392682 49.469156 -4.172730 0 87 255
-110.818404 0.488163 5.409404 228 0 0
91.576340 -81.112000 2.870063 255 159 0
-44.703436 -32.753272 0.300707 161 255 93
-91.313818 15.693567 3.354128 255 124 0
23.141416 52.754115 -4.625483 0 54 255
82.774887 -78.485662 2.073167 255 218 0
23.891360 1.578861 5.306364 235 0 0
-83.589199 49.329224 -3.103712 0 166 255
-22.624189 -50.892134 4.189471 255 62 0
-56.042566 -27.809276 -0.624545 93 255 161
-116.022714 -38.290519 -1.858721 2 255 252
111.764476 43.346215 3.622514 255 104 0
-9.787958 -38.335878 0.807153 198 255 56
-87.666748 73.463690 -3.918836 0 106 255
92.377351 59.665831 5.789012 200 0 0
116.431175 8.739659 -4.191125 0 86 255
75.841380 85.996781 0.849763 201 255 53
-59.124982 -32.619367 0.071539 144 255 110
-74.269712 -87.747139 0.157936 150 255 104
6.026952 32.524299 0.031395 141 255 113
20.039286 56.368927 -4.510489 0 62 255
90.816346 79.458662 3.232817 255 133 0
112.138306 -59.580929 5.924681 190 0 0
98.492877 -83.758848 2.995897 255 150 0
-37.900968 16.322930 -4.279881 0 79 255
20.543834 -18.358183 2.159886 255 211 0
-90.274463 -48.479088 -3.329272 0 149 255
4.530367 30.337286 0.093974 146 255 108
-103.015199 4.249165 6.145391 174 0 0
-93.288766 20.330812 2.836224 255 162 0
-90.733766 76.037869 -3.480940 0 138 255
-47.656233 64.749584 5.200886 243 0 0
-45.676891 -58.148649 5.157431 246 0 0
49.209685 -78.483723 -3.460940 0 140 255
-101.751907 26.395317 0.815679 199 255 55
-93.325412 -88.177125 -2.098974 0 240 255
37.516947 -52.341603 -4.431286 0 68 255
41.469349 75.124324 -4.993472 0 27 255
50.504860 -19.706886 2.293706 255 202 0
52.833410 41.745804 -1.328931 41 255 213
39.101803 28.532870 0.945018 208 255 46
12.622465 -69.861893 -3.728756 0 120 255
57.926916 43.988325 -2.693696 0 196 255
-100.433319 45.455061 -4.405463 0 70 255
-69.165306 -87.414802 -0.093201 132 255 122
57.948799 82.288634 -1.431032 34 255 220
-73.787489 -71.451126 -0.820571 79 255 175
7.380573 -4.488419 1.715962 255 244 0
-57.527666 -3.341195 -2.819588 0 187 255
-16.493995 -5.316587 -4.416419 0 69 255
80.202696 88.772415 0.598337 183 255 71
38.553605 -58.736353 -5.409656 0 0 251
-13.154738 55.402505 4.084581 255 70 0
-54.352848 68.203843 3.463930 255 116 0
73.204420 -63.996844 0.538525 178 255 76
37.685409 -89.535146 -1.317103 42 255 212
-14.412279 -43.471095 2.140310 255 213 0
88.625367 -82.047513 2.843782 255 161 0
46.190518 -77.818713 -3.638358 0 126 255
115.338529 59.077013 5.810799 198 0 0
39.452729 -85.335470 -1.854238 3 255 251
95.976329 -42.213834 3.094746 255 143 0
12.098217 -76.112894 -2.786704 0 189 255
50.400297 -64.526278 -4.667191 0 51 255
82.183581 7.514053 -2.878193 0 182 255
-98.290289 73.511690 -5.017903 0 25 255
-6.186411 66.820459 2.050821 255 219 0
25.344635 -69.591783 -4.895029 0 34 255
-106.131956 59.814173 -5.810413 0 0 222
69.413776 66.309021 -0.082333 133 255 121
51.731048 -45.190128 -2.424037 0 216 255
104.696598 -52.650128 4.985782 255 4 0
-30.711130 -24.254579 -2.478227 0 212 255
-7.402481 50.232015 1.440439 245 255 9
98.854679 88.462852 1.303573 235 255 19
-21.242219 7.154930 -4.764676 0 44 255
80.244433 -17.069267 -2.640679 0 200 255
-18.861870 -24.878364 -1.463114 31 255 223
-38.938054 -9.186435 -5.523266 0 0 243
-53.458996 -46.082642 2.963415 255 152 0
-68.761453 36.925790 0.428750 170 255 84
-16.456582 14.804157 -2.772678 0 190 255
-81.220489 -27.297690 0.052382 143 255 111
78.716494 36.903296 0.710207 191 255 63
113.863290 50.560088 4.605524 255 32 0
-96.614499 -56.396070 -5.700330 0 0 230
-106.843380 -19.836662 3.442641 255 117 0
-119.102964 22.291351 1.821513 255 236 0
103.695182 44.289598 3.068318 255 145 0
-102.286957 -78.120643 -4.149799 0 89 255
43.243192 -70.900106 -5.307928 0 4 255
-47.079213 50.028781 4.857542 255 13 0
-72.427021 46.646580 -0.405470 109 255 145
-60.879396 -52.080624 1.837904 255 235 0
45.518764 -19.967248 2.944085 255 154 0
-115.684468 32.689165 -0.326026 115 255 139
87.556169 1.554177 -4.330750 0 76 255
16.272411 50.642815 -3.603065 0 129 255
-63.457659 -52.869347 1.214271 228 255 26
-69.998738 -14.326063 0.588665 182 255 72
37.135806 -30.810253 -0.093956 132 255 122
31.039375 60.695102 -5.291216 0 5 255
-43.652223 -30.552943 -0.513527 101 255 153
-39.835300 40.843002 2.950563 255 153 0
-8.774198 -11.511927 -1.929762 0 252 255
98.513293 -57.461679 6.056066 180 0 0
9.193879 22.969354 1.036904 215 255 39
81.616821 -61.250200 3.054320 255 146 0
33.804404 -68.790836 -5.902363 0 0 215
14.907111 64.594487 -3.623185 0 128 255
-2.481620 71.340892 0.831862 200 255 54
43.350871 -27.349300 1.448570 245 255 9
-2.033283 -24.316838 -0.248620 121 255 133
54.234253 18.665855 2.299534 255 201 0
-76.304827 21.259562 0.797016 197 255 57
-42.644444 15.348255 -4.777803 0 43 255
89.562834 -42.020738 2.439555 255 191 0
-25.145689 52.125364 4.251207 255 58 0
82.337400 -35.675419 0.693718 190 255 64
105.109388 66.936903 5.678172 208 0 0
18.832436 79.763976 -3.150883 0 162 255
-95.552649 -41.075785 -2.573043 0 205 255
61.663688 18.932276 0.821743 199 255 55
39.807115 36.931223 -1.586970 22 255 232
-50.210864 -48.892691 4.109878 255 68 0
87.114878 83.683746 2.688879 255 173 0
-4.146852 -9.654420 -0.346313 113 255 141
-106.319869 2.124180 6.370983 157 0 0
-103.685715 -26.883230 1.513022 250 255 4
-65.200041 -18.525574 -0.048382 135 255 119
26.359866 -74.128640 -4.692707 0 49 255
75.643086 78.823699 1.420558 243 255 11
-96.230129 67.967450 -5.165041 0 14 255
-114.646092 48.447877 -3.987448 0 101 255
29.400679 89.689814 -1.594056 22 255 232
-21.728578 66.152923 5.033460 255 0 0
-14.009029 20.964346 -1.088747 59 255 195
76.968803 -85.611984 0.936543 208 255 46
100.563967 82.688476 3.129567 255 140 0
112.137576 50.306361 4.689065 255 26 0
66.997797 5.499361 0.623357 185 255 69
-119.216468 0.333204 4.764054 255 20 0
-83.878521 23.360527 1.125681 222 255 32
20.946036 40.824277 -1.917596 0 253 255
109.268459 8.766339 -5.421133 0 0 250
-100.452810 -26.415702 1.420413 243 255 11
3.584457 -75.919034 -0.767930 82 255 172
-24.845858 -18.347352 -3.822541 0 113 255
-22.360281 -72.931528 4.964500 255 5 0
-55.546212 -21.471000 -1.092010 59 255 195
-55.018524 67.253886 3.403807 255 120 0
-62.792596 54.050629 2.607281 255 179 0
-95.241339 1.527395 5.492748 221 0 0
12.976835 34.505184 -0.643014 92 255 162
-12.972574 -12.914724 -2.517856 0 209 255
51.104437 10.939286 3.995885 255 76 0
33.584687 69.749447 -5.806842 0 0 222
108.671541 82.075629 3.539852 255 110 0
-38.491334 -39.619544 1.927718 255 228 0
91.797858 48.120406 4.001028 255 76 0
-27.655509 -21.313195 -2.956178 0 177 255
38.564977 -8.518660 4.886062 255 11 0
73.194836 -17.844756 -0.571008 97 255 157
-24.772884 -60.800676 4.927915 255 8 0
-12.922141 -49.152754 2.894877 255 157 0
31.500565 67.834958 -5.191865 0 12 255
-93.412529 13.434851 3.712577 255 97 0
7.622601 -61.678235 -2.180885 0 234 255
-97.214080 87.368416 -2.313887 0 224 255
-66.031198 50.037885 0.406063 169 255 85
29.533946 47.404999 -4.484523 0 64 255
113.319401 7.754507 -5.172126 0 14 255
119.846869 18.045655 -3.390046 0 145 255
-57.435258 -63.847717 3.449238 255 117 0
-84.883668 -57.505644 -2.837894 0 185 255
4.461441 29.588772 -0.234331 122 255 132
-14.070034 30.228679 -0.196715 124 255 130
-28.935730 -18.660990 -3.631253 0 127 255
64.432917 56.774959 -2.263592 0 228 255
50.325404 -49.394196 -4.296917 0 78 255
14.838298 -61.560056 -3.076710 0 168 255
29.150202 -79.150250 -3.988935 0 101 255
19.645031 78.013200 -2.796836 0 188 255
42.449880 5.220464 5.500522 221 0 0
102.673629 13.864313 -4.280490 0 79 255
107.200395 27.579188 -0.737441 85 255 169
115.078910 -68.543394 4.976858 255 4 0
86.332687 68.428676 4.404709 255 46 0
-94.861937 85.885413 -1.722871 12 255 242
-11.598488 -47.092327 2.030276 255 221 0
67.579583 -47.709190 -0.400061 109 255 145
-49.360002 63.293973 4.380115 255 48 0
25.613602 1.522274 6.045715 181 0 0
-106.742159 -55.135282 -5.854606 0 0 219
-71.127958 84.895898 -0.124080 130 255 124
-23.947093 60.783166 5.076388 252 0 0
-103.153599 -22.957146 2.320454 255 200 0
-18.161407 23.281432 -1.386136 37 255 217
-64.773289 41.131437 0.710053 191 255 63
86.825918 -25.555540 -0.780598 82 255 172
-43.485129 15.397792 -3.974222 0 102 255
-28.625774 -21.834447 -2.241472 0 229 255
72.487036 61.948356 0.360906 165 255 89
14.320307 -48.981237 -3.017636 0 172 255
-107.979113 -8.920624 4.159913 255 64 0
-67.781434 -79.827372 0.801665 198 255 56
26.609227 17.706989 3.911819 255 83 0
-72.152501 -79.286607 -0.890515 73 255 181
-60.405010 -28.561313 -0.678897 89 255 165
29.504291 46.710346 -4.054984 0 96 255
-1.299561 7.900900 -0.680022 89 255 165
-55.415744 -28.231789 -0.102016 131 255 123
14.207935 -2.061971 4.191390 255 62 0
32.099493 -68.971088 -5.571821 0 0 239
-110.550609 -44.552207 -3.418484 0 143 255
-54.276746 75.377225 3.055518 255 146 0
-46.149488 -64.552904 4.771196 255 20 0
90.893018 51.390335 3.566795 255 108 0
-107.682323 43.130391 -3.539017 0 134 255
-36.687791 24.447753 -2.075414 0 241 255
-73.307924 50.095402 -0.329639 115 255 139
46.833718 -65.925067 -5.333896 0 2 255
74.696210 -25.341780 -0.239355 121 255 133
-106.215066 -28.240399 1.641571 255 250 0
87.192466 -49.910851 4.049327 255 73 0
47.030507 -47.813411 -3.379445 0 146 255
-67.925077 -34.983647 0.437233 171 255 83
99.799860 83.339194 2.201196 255 208 0
-49.669843 -21.168151 -2.467737 0 213 255
69.231626 52.492958 -0.029484 137 255 117
-102.009693 44.831828 -3.688226 0 123 255
-10.548248 43.505593 1.845831 255 234 0
1.381266 -1.700918 0.742394 193 255 61
95.180557 1.472585 -5.237260 0 9 255
80.766154 -57.306638 2.375969 255 196 0
11.132220 69.217581 -2.891448 0 181 255
-107.631339 -22.530045 2.236777 255 206 0
-16.805391 38.311437 1.787282 255 239 0
-29.929768 66.452172 5.903253 191 0 0
118.918660 12.872002 -3.389841 0 145 255
43.372539 -24.443497 1.970522 255 225 0
-22.786549 67.390610 4.635166 255 30 0
-32.444137 -72.396946 5.258555 239 0 0
64.219043 46.014186 -1.337916 41 255 213
-97.012854 -37.867542 -2.291271 0 225 255
76.084276 36.182307 -0.172161 126 255 128
41.016129 -50.630019 -4.394934 0 71 255
-15.528453 69.869718 3.519421 255 112 0
50.479329 -4.768455 4.080361 255 70 0
-24.524530 -69.378228 4.857402 255 13 0
-85.638524 54.630833 -3.605036 0 129 255
-19.934420 -27.957485 -0.865517 75 255 179
-107.671977 -72.649789 -5.351437 0 1 255
-99.092432 61.880650 -6.003176 0 0 208
-14.635638 -74.791993 3.309757 255 127 0
78.017878 -52.805379 1.763568 255 241 0
-71.118823 -55.365146 0.308284 162 255 92
0.196020 -16.908127 -0.276063 119 255 135
114.947625 85.335497 1.337647 237 255 17
78.588365 -76.954164 1.444859 245 255 9
96.461988 87.607053 2.015590 255 222 0
41.992326 -40.224108 -2.320063 0 223 255
21.377282 -14.748566 3.882120 255 85 0
19.642592 52.221271 -3.725546 0 120 255
24.296617 63.472159 -4.702638 0 48 255
-8.406083 -66.676830 1.992311 255 224 0
-33.449826 34.416757 1.299643 234 255 20
-62.714672 -8.762905 -1.625806 19 255 235
-104.326653 -74.928316 -4.997804 0 27 255
-31.408042 89.651694 1.921851 255 229 0
64.776014 -15.963061 1.473747 247 255 7
12.644703 35.185510 -1.143953 55 255 199
-80.642925 44.465846 -1.356852 39 255 215
75.408716 -46.480829 1.336054 237 255 17
-110.048767 -38.825121 -2.534107 0 208 255
103.470550 -19.546181 -3.596105 0 130 255
36.433242 69.005373 -5.770528 0 0 225
13.466610 60.657934 -3.451827 0 140 255
-20.973985 27.709799 -0.522543 100 255 154
78.007447 -27.812829 0.045592 142 255 112
-118.372250 -33.628706 -0.996748 66 255 188
-116.180785 -25.843609 0.495517 175 255 79
4.875542 -20.388005 0.399950 168 255 86
-48.703269 -6.459400 -4.484562 0 64 255
-23.627568 -17.125085 -3.305394 0 151 255
8.783614 -28.768464 0.806601 198 255 56
-109.494363 45.495422 -3.319984 0 150 255
115.934629 68.101758 5.502977 221 0 0
42.633836 67.395449 -5.863605 0 0 218
-96.265634 -62.374115 -5.063227 0 22 255
57.266448 14.449368 2.107048 255 215 0
7.896180 -58.730889 -1.433970 33 255 221
44.867210 68.122945 -4.848481 0 38 255
57.050161 1.753326 3.473140 255 115 0
117.927791 -87.523526 1.933350 255 228 0
-91.583956 56.276103 -4.480651 0 65 255
119.092046 30.971738 -0.132782 129 255 125
-5.554046 -68.932185 0.966484 210 255 44
-71.773824 64.675526 -0.185968 125 255 129
-30.333799 -79.004516 4.286510 255 55 0
-32.563563 71.083708 5.706349 206 0 0
94.884507 89.728226 1.143819 223 255 31
5.829417 -10.157354 1.728179 255 243 0
-103.987981 18.010038 3.535548 255 110 0
51.570095 -19.561105 2.014312 255 222 0
-0.534132 -3.754487 0.270450 159 255 95
75.504939 59.168194 1.431114 244 255 10
-108.850097 52.308968 -5.299549 0 4 255
87.601027 -15.624402 -3.190845 0 159 255
94.286821 60.156020 5.873643 194 0 0
-118.023749 -32.167909 -0.038991 136 255 118
-5.539057 51.521184 1.113231 221 255 33
-90.821577 -33.232358 -0.774642 82 255 172
7.060775 59.912394 -2.134589 0 237 255
-98.593597 -42.264572 -3.005309 0 173 255
92.890741 2.780067 -5.623021 0 0 236
-75.925807 -57.429581 -1.673522 16 255 238
40.367041 -77.443039 -4.429562 0 68 255
36.857571 -15.782961 3.798090 255 91 0
-43.003589 -75.600595 4.375305 255 49 0
-68.527215 -64.673044 0.040449 142 255 112
99.657695 -21.994919 -2.608640 0 202 255
-110.448826 47.444576 -3.605927 0 129 255
-59.010988 -23.906668 -0.375729 111 255 143
-41.588587 -82.904994 2.730621 255 169 0
20.200835 -13.488704 3.663007 255 101 0
-31.394149 -13.965177 -4.326883 0 76 255
-93.272794 -45.140386 -3.420627 0 142 255
16.880519 -29.134965 -0.046070 135 255 119
53.780400 -4.421477 3.625332 255 104 0
49.147883 2.719150 4.438186 255 44 0
-2.498634 19.373548 -0.767728 82 255 172
-46.354553 79.998462 3.478799 255 114 0
-117.536384 80.457188 -3.214089 0 158 255
7.871711 33.144537 -0.478880 104 255 150
30.850194 -23.675037 2.786129 255 165 0
-14.098086 -87.240780 1.141582 223 255 31
110.211566 -11.004062 -4.358999 0 74 255
-71.463599 -40.419870 -0.308894 116 255 138
75.385294 21.718630 -0.609843 94 255 160
52.507012 -51.978486 -3.738766 0 119 255
95.838162 18.713755 -3.363725 0 147 255
101.892877 -42.548596 2.792055 255 165 0
-63.187489 -59.772755 1.287306 233 255 21
101.234173 -80.034094 3.524209 255 111 0
-23.225216 -3.574288 -4.858068 0 37 255
42.979186 -67.550507 -5.167962 0 14 255
108.695122 -55.320208 5.786845 200 0 0
22.885955 -40.943672 -2.820962 0 187 255
19.902903 -61.665986 -4.165478 0 88 255
-102.994600 -87.676332 -1.782036 8 255 246
23.196121 -67.843675 -5.367479 0 0 254
-62.132252 41.258985 0.862246 202 255 52
-26.818467 -14.176278 -4.301689 0 78 255
-29.314312 31.292683 0.035814 141 255 113
113.604636 34.961292 0.261166 158 255 96
33.070879 18.710492 3.009519 255 149 0
53.991660 12.294149 3.414092 255 119 0
-78.536415 62.487330 -2.115502 0 238 255
-46.971691 -75.555043 3.792661 255 91 0
90.591334 -33.394621 0.442459 171 255 83
-91.142355 -89.126434 -0.932201 70 255 184
108.748253 -9.093241 -5.292199 0 5 255
-17.422302 66.034183 4.069053 255 71 0
-26.412697 3.884131 -6.073236 0 0 203
3.514000 63.647447 -1.342784 40 255 214
-13.618624 20.369799 -1.660280 17 255 237
-7.072245 -81.790491 1.100277 220 255 34
-18.243393 -74.445987 3.804611 255 91 0
48.422670 30.527470 -0.168217 127 255 127
-53.689550 81.836970 1.457298 246 255 8
-80.041535 -61.667154 -2.892300 0 181 255
-15.711070 76.634786 2.835515 255 162 0
-98.808152 34.485575 -1.002775 65 255 189
-12.629584 -65.117230 3.687159 255 99 0
-1.358973 -36.348336 0.545701 179 255 75
68.241083 62.427922 -0.317957 116 255 138
-93.829173 65.040302 -5.246303 0 8 255
-24.749420 33.958123 0.782106 196 255 58
67.333436 80.995597 -0.482352 103 255 151
-38.818723 50.718330 5.231233 241 0 0
80.692946 77.235230 1.547078 253 255 1
52.414045 -19.775145 2.599330 255 179 0
-109.986848 -10.826304 5.111004 250 0 0
-27.533142 -31.580108 -0.061881 134 255 120
63.928237 -51.056799 -1.863066 2 255 252
6.369492 -35.288036 -0.226479 122 255 132
41.491032 -64.051581 -6.125181 0 0 199
117.606443 80.492128 2.754957 255 168 0
42.061218 21.968333 2.528696 255 184 0
11.051756 81.841917 -1.754156 10 255 244
83.067848 -64.982027 3.327192 255 126 0
-16.749482 22.790565 -1.994347 0 247 255
-117.500370 -9.587224 4.428789 255 45 0
-54.605963 74.091771 3.790090 255 92 0
22.734418 -86.682281 -1.910788 0 253 255
107.579467 19.001089 -3.801722 0 114 255
25.712513 4.358440 5.059716 253 0 0
-51.910355 -80.166925 2.564839 255 182 0
118.369862 -4.726698 -4.268797 0 80 255
-23.962450 -37.971047 1.864446 255 233 0
-65.327121 -37.228004 0.836958 200 255 54
12.700701 -82.539543 -1.664788 17 255 237
-37.426726 58.973805 6.424111 153 0 0
-93.224606 -54.882157 -5.451947 0 0 248
51.067715 73.941503 -4.378871 0 72 255
45.950573 -65.022980 -5.184180 0 13 255
113.324783 67.976640 5.536488 218 0 0
-87.157881 83.237257 -2.628229 0 201 255
98.529709 -2.773156 -5.863898 0 0 218
71.324044 64.499781 0.224095 155 255 99
-59.258256 -43.478255 1.773127 255 240 0
-4.973408 -64.852254 1.011697 213 255 41
31.234591 42.727093 -3.566105 0 132 255
-44.412805 12.334641 -4.677652 0 50 255
-94.187316 63.397710 -5.648861 0 0 234
80.899471 9.331707 -2.541373 0 207 255
-80.473094 87.466857 -0.963828 68 255 186
-2.227303 -14.069205 -0.186488 125 255 129
-14.951744 -16.700570 -2.729877 0 193 255
96.726763 48.091707 4.003888 255 76 0
14.142950 88.849659 -1.271008 45 255 209
-18.142914 -31.210672 0.675624 189 255 65
114.433621 -45.402543 3.208202 255 134 0
-35.389200 56.491054 5.899469 192 0 0
54.357381 -38.174399 -1.099322 58 255 196
-63.850313 -61.821833 1.218979 228 255 26
61.732506 11.434140 2.054084 255 219 0
60.300463 -36.823659 -0.527829 100 255 154
78.757237 -70.739661 1.891133 255 231 0
-3.665333 21.687730 -1.012510 64 255 190
-66.683095 -19.245142 -0.635163 92 255 162
31.676243 -71.178102 -5.622772 0 0 236
98.453851 -34.526965 0.519123 177 255 77
-45.643146 -14.869545 -4.240670 0 82 255
-115.161453 -63.686236 -5.199910 0 12 255
-75.600695 35.087699 -0.574031 97 255 157
103.900163 -81.138364 3.258774 255 131 0
-118.546351 -14.103209 3.738728 255 95 0
-107.073451 -33.457662 -0.153874 128 255 126
-96.400220 74.914072 -4.982808 0 28 255
94.041703 -67.856244 4.725866 255 23 0
-28.004065 -76.200877 4.937522 255 7 0
45.986630 -31.336335 -0.727272 85 255 169
49.410028 82.486616 -2.773064 0 190 255
-15.838985 -3.901030 -3.414559 0 143 255
55.771853 67.253013 -3.519624 0 135 255
-9.305792 -82.366692 1.131853 222 255 32
10.042657 52.001044 -2.254841 0 228 255
-46.364590 38.215512 1.956484 255 226 0
-119.534252 85.743433 -2.215604 0 231 255
22.393943 -56.737701 -4.870883 0 36 255
-56.248574 -69.768248 3.039893 255 147 0
-53.960730 85.544966 1.793454 255 238 0
90.911581 78.203873 3.588129 255 106 0
-33.155882 2.563935 -6.187553 0 0 194
-95.435088 72.203428 -4.945152 0 30 255
31.288776 58.000637 -5.700035 0 0 230
9.225734 14.059694 2.265165 255 204 0
-106.183415 -6.125103 5.681427 208 0 0
-36.261333 -85.458567 2.250640 255 205 0
26.689847 31.448259 0.010026 140 255 114
-52.867382 44.462305 3.212173 255 134 0
116.676629 15.797839 -3.183966 0 160 255
71.752214 46.454134 0.833466 200 255 54
1.010884 -3.455380 -0.219359 123 255 131
99.727061 -47.538528 4.903093 255 10 0
-111.662221 80.944299 -3.354777 0 147 255
-66.110572 -75.498475 0.904683 205 255 49
99.559821 -41.399259 2.816893 255 163 0
2.092238 -53.019711 -0.315102 116 255 138
-79.150290 19.696344 0.652918 187 255 67
16.821688 -6.608007 4.240604 255 59 0
55.255413 12.973262 2.424151 255 192 0
24.819844 -5.909459 5.746362 203 0 0
-108.988943 20.037329 3.273552 255 130 0
-111.184893 -70.816851 -5.533506 0 0 242
-22.299063 -23.316062 -2.351859 0 221 255
-116.097395 8.589072 4.660201 255 28 0
-99.820779 19.396419 3.840619 255 88 0
34.215473 -11.232939 5.063977 253 0 0
-14.771736 -80.679985 2.354225 255 197 0
-99.475309 35.987928 -1.614353 20 255 234
90.349054 0.224576 -4.249335 0 82 255
-31.563149 83.502461 2.930261 255 155 0
91.961195 -28.165905 -1.056394 61 255 193
26.217484 32.432763 -0.167244 127 255 127
29.032260 -82.394235 -3.459730 0 140 255
-18.232657 33.476962 0.359573 165 255 89
41.278713 -77.910244 -4.791008 0 42 255
-61.552163 20.532256 -1.706656 13 255 241
-58.217500 24.286568 -0.866865 75 255 179
89.978084 38.360054 1.313120 235 255 19
-71.103049 0.137627 0.518531 177 255 77
-27.348513 -2.783000 -5.460657 0 0 248
58.732774 -68.646231 -2.517837 0 209 255
-40.799636 -44.610388 3.767159 255 93 0
-32.164758 55.141503 5.887017 193 0 0
98.202576 82.138761 3.204590 255 135 0
-70.447419 -29.779084 -0.119625 130 255 124
-62.117027 6.869252 -1.556837 24 255 230
92.815531 -38.858415 1.466839 247 255 7
-53.943570 -39.210728 1.154242 224 255 30
-40.654871 52.726653 4.618095 255 31 0
91.677343 60.225181 4.661900 255 28 0
-42.928213 21.129347 -2.339664 0 222 255
119.274778 66.482888 5.142558 247 0 0
77.107406 -89.143981 0.319021 162 255 92
83.200860 73.371010 2.416877 255 193 0
-65.837453 -71.425291 0.690360 190 255 64
-67.904547 -86.002387 0.262134 158 255 96
60.618305 -69.173278 -1.754330 10 255 244
78.415102 -44.476084 1.289140 234 255 20
-66.109728 7.304310 -0.609690 94 255 160
-70.564201 -79.458071 0.131355 149 255 105
-61.546314 74.265125 1.317378 236 255 18
-86.973298 -11.377565 3.921620 255 82 0
-18.911918 86.919610 2.064598 255 218 0
0.699070 38.024817 0.130964 148 255 106
30.759972 -43.759653 -3.449490 0 140 255
-106.715168 -53.522875 -4.920953 0 32 255
-73.873162 57.065101 -0.850388 76 255 178
-91.902793 13.535710 3.978507 255 78 0
-55.197743 -73.017122 3.356996 255 123 0
-75.411526 -41.532742 -0.214042 123 255 131
104.705454 -67.630718 5.486864 222 0 0
-30.397631 16.731858 -4.011695 0 99 255
-86.664545 70.444797 -4.001189 0 100 255
39.945992 -23.775462 2.268055 255 203 0
113.497483 -85.156578 2.484592 255 188 0
70.659006 78.878386 0.024860 141 255 113
35.570302 59.497776 -5.826595 0 0 221
-29.241240 -83.856017 2.838338 255 162 0
-23.208660 -39.446071 2.473245 255 188 0
-47.488122 -21.062211 -2.120002 0 238 255
73.493073 87.261994 0.322221 163 255 91
72.801362 -84.179647 0.420088 170 255 84
-2.545278 89.209891 0.059224 143 255 111
86.863928 21.910546 -2.203711 0 232 255
36.527737 -18.035557 3.862952 255 86 0
44.534692 -17.001973 3.936675 255 81 0
-55.493487 29.589216 -0.992656 66 255 188
-62.024355 -33.968446 -0.088346 132 255 122
-65.345101 -36.106488 0.657598 187 255 67
99.002574 52.535515 5.538506 218 0 0
72.059413 -31.719722 -0.316900 116 255 138
95.822536 55.858652 4.796446 255 18 0
77.457365 -28.895213 -0.760597 83 255 171
73.180420 32.847036 0.427764 170 255 84
-15.346484 -89.870759 0.881316 204 255 50
63.748142 7.265204 1.464557 246 255 8
-80.004699 -10.569537 1.997937 255 223 0
37.386004 50.953976 -4.690721 0 49 255
-109.736987 19.640678 3.082221 255 144 0
111.785918 27.964526 -0.504072 102 255 152
91.067834 -58.852511 4.727806 255 23 0
-80.410459 64.738569 -2.457163 0 213 255
64.490431 58.545085 -1.211989 50 255 204
77.675721 3.236952 -2.009840 0 246 255
-109.918553 28.320776 0.787144 197 255 57
15.866527 -41.342313 -1.273560 45 255 209
-19.175790 -40.589970 2.460008 255 189 0
28.499418 9.163723 4.811237 255 17 0
92.728094 -10.533091 -3.866184 0 110 255
53.509046 -67.298625 -4.373862 0 72 255
-69.323093 67.690951 0.323556 163 255 91
13.130314 38.832683 -0.970009 68 255 186
14.818627 -55.338585 -3.453412 0 140 255
-117.266655 77.839246 -4.060035 0 96 255
-88.354695 12.959911 3.219035 255 134 0
-33.724660 -5.446394 -5.462157 0 0 247
-77.276499 65.554543 -2.228787 0 230 255
-63.056830 -71.387868 1.635571 255 250 0
42.266836 -73.541596 -4.807334 0 41 255
110.711849 85.800639 2.141243 255 213 0
-10.065482 -68.134955 2.156808 255 212 0
35.056392 -9.243176 4.926030 255 8 0
62.737882 85.747930 -0.919548 71 255 183
41.510084 -33.262080 -0.170956 126 255 128
37.683083 76.861683 -4.591583 0 56 255
-119.718538 -60.662170 -4.757349 0 44 255
88.780100 69.227480 4.890946 255 11 0
-81.296706 -89.767158 -0.175478 126 255 128
-76.681555 1.027089 2.119889 255 214 0
2.354383 78.322206 -0.303819 117 255 137
20.847775 50.312312 -3.722393 0 120 255
61.337708 32.637046 0.211262 154 255 100
-49.698217 -4.221129 -4.513486 0 62 255
106.842494 49.477295 5.026934 255 1 0
30.776612 38.851488 -2.058381 0 243 255
82.593935 -61.094290 3.602581 255 105 0
-5.516187 39.090427 0.076877 145 255 109
-102.924764 55.921635 -5.999972 0 0 208
-117.093562 31.508548 0.495346 175 255 79
33.661154 -47.528886 -3.862694 0 110 255
-17.727154 -19.617714 -2.679465 0 197 255
-14.285515 -51.882802 2.699238 255 172 0
-41.762790 -22.818942 -2.015334 0 246 255
-77.208854 -16.783911 1.225911 229 255 25
-6.317223 54.748994 1.575496 255 254 0
-58.849142 44.579599 2.212151 255 208 0
94.260743 -58.297314 5.409321 228 0 0
-77.102534 55.421863 -1.769522 9 255 245
112.242604 36.112859 1.772677 255 240 0
86.468010 -30.142552 -0.842946 77 255 177
-27.927808 14.999416 -4.392243 0 71 255
65.485655 -70.454012 -0.019054 137 255 117
19.370788 -60.152911 -4.288364 0 79 255
-8.176398 -42.338665 1.677131 255 247 0
74.878191 49.485544 0.773400 196 255 58
79.389978 -56.799272 3.089713 255 143 0
-71.638405 -40.337332 -0.657604 91 255 163
97.442531 2.664784 -5.423536 0 0 250
-112.300107 -15.243571 4.207780 255 61 0
-118.674441 -52.494218 -4.538547 0 60 255
-3.917523 4.261473 -0.822772 78 255 176
-47.679876 89.666656 0.071863 144 255 110
-18.559306 1.286382 -4.162327 0 88 255
-5.037538 65.297180 1.329711 237 255 17
-7.600802 61.039582 1.774723 255 240 0
97.882089 -62.517077 5.204676 243 0 0
100.367688 -0.580380 -6.350077 0 0 182
-36.911065 -11.290702 -5.454923 0 0 248
-50.973420 56.995468 3.935031 255 81 0
36.959607 36.215372 -1.434310 33 255 221
-72.379505 23.440125 -0.265191 119 255 135
-23.885026 71.361833 4.540774 255 36 0
52.309639 -70.340156 -4.597400 0 56 255
-118.634453 -68.656925 -3.953276 0 103 255
65.238256 -2.653437 1.373869 240 255 14
56.121719 27.923290 -0.328564 115 255 139
-27.056848 29.960920 -0.189563 125 255 129
-60.518685 64.824862 3.351095 255 124 0
9.610061 -58.315587 -2.361655 0 220 255
-49.046037 -71.109544 4.581042 255 33 0
77.060572 -27.152771 -0.228812 122 255 132
21.746463 34.824992 -0.183515 125 255 129
-46.384558 -35.937416 1.929321 255 228 0
73.843573 40.585644 0.574669 181 255 73
25.821210 8.159663 4.348769 255 51 0
-88.329050 -37.975024 -1.469555 31 255 223
-20.638790 10.573444 -4.744718 0 45 255
-2.463849 -6.542788 -1.142603 55 255 199
106.738163 62.153466 6.319846 161 0 0
-43.040290 54.507472 5.048320 254 0 0
-12.355803 -48.384280 2.235882 255 206 0
114.430641 -50.908539 4.672219 255 27 0
-17.723002 62.230299 4.574926 255 34 0
78.505959 62.759504 1.984597 255 224 0
-96.728299 65.363211 -5.046358 0 23 255
-25.484317 -22.953683 -2.553944 0 206 255
-75.886840 -67.069365 -1.348449 40 255 214
92.156654 8.257025 -4.743578 0 45 255
12.628132 81.496935 -1.980502 0 248 255
-67.549048 15.574927 -0.551118 98 255 156
-97.877526 33.149760 -0.136978 129 255 125
-18.982231 -84.623358 2.397007 255 194 0
-96.862946 -16.139633 3.897168 255 84 0
-3.541217 -58.229020 1.339659 237 255 17
54.909065 -75.355651 -3.503599 0 136 255
-45.507275 -50.542956 4.507838 255 39 0
-79.804390 -38.169859 -1.343106 40 255 214
-33.233880 0.068645 -6.962470 0 0 137
-80.121953 20.272009 0.841534 201 255 53
82.521389 7.449090 -2.738712 0 193 255
-96.930111 -25.669694 1.547603 253 255 1
57.826172 -62.542003 -3.047247 0 170 255
-39.878590 -0.807868 -6.161734 0 0 196
54.810307 71.742387 -3.647800 0 126 255
65.030413 71.775940 -1.581361 23 255 231
-87.586688 74.651331 -3.627150 0 127 255
61.561636 70.387737 -1.967691 0 249 255
106.948969 13.249136 -4.719826 0 47 255
16.092634 3.321329 3.889649 255 84 0
34.784196 -50.160234 -4.918638 0 32 255
-42.579394 44.097400 3.370436 255 122 0
-78.124306 14.704480 1.857280 255 234 0
58.652787 -17.651031 1.531216 251 255 3
76.911804 -79.018138 1.471545 247 255 7
-70.525817 -57.537282 0.195358 153 255 101
-92.774342 33.728869 -1.079894 60 255 194
-35.452999 2.809257 -6.216794 0 0 192
30.260060 49.761818 -4.793736 0 42 255
-32.384152 -69.256823 5.278412 237 0 0
111.362965 31.810417 -0.063852 134 255 120
69.953999 68.308098 -0.186737 125 255 129
99.885789 -84.467242 3.315665 255 126 0
23.914121 85.819482 -2.061684 0 242 255
61.381162 -79.107022 -0.989930 66 255 188
108.236874 41.035613 2.679504 255 173 0
-111.450290 6.087814 5.459224 224 0 0
17.978552 -34.115595 -0.639208 92 255 162
-75.097619 -26.795331 0.241642 157 255 97
70.826947 -83.547999 1.074625 218 255 36
-64.167087 46.458477 1.466303 247 255 7
57.987160 -86.073982 -1.155965 54 255 200
-40.171280 82.976875 2.379927 255 195 0
36.365716 84.665104 -2.919791 0 179 255
42.950409 60.439019 -5.236926 0 9 255
98.116510 -67.135165 5.715180 205 0 0
89.371176 21.790518 -2.243472 0 229 255
-14.927295 56.171685 3.817842 255 90 0
45.364486 -17.149852 3.599103 255 106 0
-76.225325 -13.723855 1.055466 216 255 38
-96.462614 52.740666 -4.826332 0 39 255
51.375228 -86.239689 -1.463306 31 255 223
97.640446 -22.439439 -2.206182 0 232 255
59.195835 61.836386 -2.815204 0 187 255
4.023133 54.109653 -1.183255 52 255 202
31.099917 76.743236 -4.564833 0 58 255
55.218916 66.056055 -3.405495 0 144 255
16.638935 -53.952935 -3.583667 0 131 255
-32.863777 76.540465 5.026470 255 1 0
84.182568 -45.281371 2.185247 255 210 0
-31.375478 9.105600 -5.338108 0 2 255
96.883606 13.693726 -4.426820 0 69 255
71.856930 30.704305 0.119925 148 255 106
70.324731 21.768031 -0.448529 106 255 148
80.095895 -48.652875 2.485152 255 188 0
116.834950 66.380575 4.953375 255 6 0
117.567235 -63.233112 5.519766 220 0 0
0.336897 43.869118 0.459916 173 255 81
-29.452863 -89.274358 0.953186 209 255 45
55.962270 71.080089 -3.118889 0 165 255
112.301719 68.109976 5.661286 209 0 0
31.220081 -42.889278 -3.222457 0 157 255
-113.831425 9.464338 5.105056 250 0 0
-110.746961 -2.950374 5.417414 227 0 0
-8.600476 77.788604 2.003802 255 223 0
69.048618 -37.578107 0.032184 141 255 113
92.999939 -76.236801 3.987864 255 77 0
-29.998184 -18.526820 -4.394420 0 71 255
4.120631 -34.297567 0.124328 148 255 106
3.128215 -42.808226 -0.955772 69 255 185
-97.300716 49.730322 -3.992415 0 100 255
-119.786257 -20.929625 2.711990 255 171 0
5.682704 -64.679475 -1.976619 0 249 255
1.027991 -56.671041 -0.787309 81 255 173
87.267418 66.550957 4.320074 255 53 0
-76.396135 -6.442779 2.115612 255 215 0
84.609572 -53.705596 3.412193 255 119 0
-54.898570 -4.069029 -3.552613 0 133 255
9.420676 -70.276711 -2.240409 0 229 255
49.683801 -3.626118 5.240754 240 0 0
-85.134004 -46.995942 -2.491032 0 211 255
107.141128 -20.985618 -3.401923 0 144 255
109.886539 77.590464 4.809395 255 17 0
112.798056 -2.885170 -5.184268 0 13 255
-119.461768 42.892893 -2.568389 0 205 255
34.423677 -31.491613 -0.076312 133 255 121
41.058023 -55.351879 -4.851937 0 37 255
91.178955 -27.504107 -0.732517 85 255 169
-71.645452 -51.852498 -0.492446 103 255 151
-90.233058 1.667501 5.193910 243 0 0
74.264182 31.202041 -0.126229 130 255 124
-57.191694 -42.293740 1.606857 255 252 0
-104.152579 36.597448 -2.145031 0 236 255
-97.939117 2.239809 5.562983 216 0 0
34.842547 52.988043 -4.331997 0 76 255
8.606040 47.067742 -2.162117 0 235 255
59.495506 79.537768 -2.264979 0 227 255
73.708839 33.539348 0.460719 173 255 81
-119.350141 -78.514142 -3.628236 0 127 255
103.905141 -28.185772 -0.633197 92 255 162
91.122152 -18.561380 -2.341806 0 222 255
103.934875 67.078151 5.746849 203 0 0
64.480526 66.042560 -1.605171 21 255 233
-27.898516 -50.925927 5.112259 249 0 0
-60.440749 71.653439 2.431381 255 191 0
98.989817 -15.486779 -3.606046 0 129 255
-19.148508 31.196494 -0.109481 131 255 123
-2.902481 30.365740 0.132195 149 255 105
47.626309 -12.436317 3.882565 255 85 0
45.216356 11.167937 4.160852 255 64 0
46.423334 -5.186628 4.681310 255 26 0
29.663357 32.904244 -0.772192 82 255 172
2.071570 58.755162 0.026928 141 255 113
64.085939 7.661366 1.746180 255 242 0
-25.010217 68.019952 5.278915 237 0 0
-57.033142 0.418285 -3.298114 0 152 255
98.177320 -80.349287 3.627735 255 104 0
83.036407 17.305677 -1.734633 11 255 243
52.308112 -31.660789 -0.052098 135 255 119
-79.617828 42.767403 -1.972959 0 249 255
-109.042348 -38.881828 -2.192898 0 233 255
101.387280 25.966766 -2.243574 0 229 255
106.299833 -55.353650 5.400365 228 0 0
-54.622301 26.718992 -1.173840 53 255 201
31.070758 18.297241 2.973976 255 152 0
-115.590829 34.576578 -1.446663 33 255 221
-25.519163 -84.122313 2.646003 255 176 0
48.957162 -8.876627 4.547282 255 36 0
-33.350844 44.205457 3.732882 255 96 0
73.708216 -9.560596 -1.247530 47 255 207
99.071266 -37.403971 1.379014 240 255 14
-87.070102 45.586458 -2.691845 0 196 255
45.160551 31.927519 0.196666 153 255 101
-29.758817 -10.264195 -4.750343 0 45 255
-78.147817 61.511160 -2.172501 0 234 255
-36.181877 32.263908 -0.089756 132 255 122
-4.364797 89.083516 0.529408 178 255 76
95.014017 28.429901 -0.702440 87 255 167
63.696481 83.845552 -1.010194 65 255 189
-118.757076 42.704641 -2.973049 0 175 255
-106.453666 -8.948535 5.199810 243 0 0
118.525287 -88.401441 1.808969 255 237 0
13.589856 42.474360 -1.352656 39 255 215
26.444569 -12.826241 4.343053 255 51 0
-35.337169 65.432315 6.013375 183 0 0
79.546059 69.146797 2.974217 255 152 0
13.686406 59.977115 -3.922019 0 106 255
22.223203 8.648639 4.402568 255 47 0
-60.116553 23.752310 -1.033072 63 255 191
66.410042 25.457098 0.387746 167 255 87
-68.599613 -9.674664 -0.882521 74 255 180
-87.058360 -17.661668 2.813042 255 163 0
23.370936 86.079878 -2.599611 0 203 255
79.758174 -89.780844 0.884071 204 255 50
-49.661725 66.203782 4.620864 255 31 0
-47.495403 -66.405003 4.800487 255 17 0
-84.150575 -69.792370 -3.096772 0 166 255
24.761682 48.619175 -4.078163 0 94 255
64.985827 -87.320140 -0.779075 82 255 172
-89.850289 29.014845 0.876268 203 255 51
8.440737 -46.618329 -1.638738 18 255 236
9.533727 64.515284 -2.391271 0 218 255
-94.378770 11.670703 4.929798 255 8 0
7.269852 -48.664802 -1.978291 0 248 255
-54.749268 15.076777 -2.501104 0 210 255
-72.209770 41.908179 -0.019518 137 255 117
116.533246 62.724854 5.942103 188 0 0
-98.317729 -86.504557 -2.834321 0 186 255
-37.577503 76.479489 4.899540 255 10 0
28.474458 58.544373 -4.845520 0 38 255
-22.841301 -48.131734 3.937300 255 81 0
-115.706272 18.361085 3.216874 255 134 0
87.899404 4.341687 -4.389354 0 71 255
-62.587420 19.065926 -1.716949 13 255 241
-21.100327 -46.029525 3.717828 255 97 0
98.049336 76.157775 4.051830 255 72 0
112.691334 37.120149 0.920158 206 255 48
99.545925 11.999863 -4.549462 0 60 255
-21.356811 80.595326 3.458823 255 116 0
58.589794 -23.298051 1.443108 245 255 9
83.625525 6.793723 -3.006981 0 173 255
-72.662963 23.919265 -0.066666 134 255 120
112.671835 21.004042 -2.830716 0 186 255
-95.661392 -29.685000 0.339864 164 255 90
37.852313 17.097625 3.585356 255 107 0
-62.631806 -12.933051 -1.402655 36 255 218
-68.399521 40.840191 -0.210491 123 255 131
-87.059846 -24.632433 1.327068 236 255 18
106.106466 -8.968167 -4.895749 0 34 255
-89.214060 16.062797 3.145556 255 139 0
98.996371 -56.611352 5.454661 224 0 0
-80.230491 8.312474 2.747768 255 168 0
-40.982146 68.181571 5.120392 249 0 0
-69.246245 35.150105 0.133074 149 255 105
117.104422 0.063148 -4.691534 0 49 255
-97.699664 -66.710654 -5.397679 0 0 252
86.681096 13.452838 -3.509737 0 136 255
-47.891264 -15.830237 -3.228011 0 157 255
108.549840 -22.359695 -2.748508 0 192 255
60.080719 39.062365 -0.680360 89 255 165
-56.678430 85.469012 1.056578 217 255 37
2.383834 3.298574 0.228223 156 255 98
-81.331848 -56.547109 -2.291936 0 225 255
-22.274899 32.187063 0.111997 147 255 107
-113.687514 -8.826516 4.908847 255 9 0
43.584721 63.176488 -6.018225 0 0 207
22.397109 45.819361 -3.543179 0 133 255
-54.764647 -25.873191 -0.525538 100 255 154
-116.808394 58.173293 -4.831692 0 39 255
105.366349 6.106880 -5.745035 0 0 227
-90.023718 37.250709 -2.042592 0 244 255
-41.344910 -78.971845 4.249913 255 58 0
-113.905649 -40.019919 -2.156880 0 235 255
-28.017155 64.031208 6.097845 177 0 0
-23.595320 -86.143009 1.895281 255 231 0
8.041692 33.692814 -0.067086 134 255 120
-42.321764 76.630498 4.145143 255 66 0
-60.058853 61.699738 2.011327 255 222 0
68.588552 -62.558953 -1.027555 63 255 191
-53.057985 -67.105526 4.249975 255 58 0
-40.306068 -22.344337 -2.697809 0 196 255
-2.139788 -79.174845 0.340415 164 255 90
-54.285303 20.568875 -2.588847 0 204 255
54.378672 28.509861 1.127080 222 255 32
-99.842195 32.759956 -0.621962 93 255 161
-42.446036 58.582289 4.870957 255 12 0
-18.990545 -32.427750 -0.272093 119 255 135
-58.067363 -87.319290 0.785472 197 255 57
81.570700 -57.773225 3.247834 255 131 0
-35.015872 57.907371 5.949873 188 0 0
-19.043907 -63.335857 4.681557 255 26 0
-7.486688 -70.876810 1.552466 253 255 1
79.241502 33.692189 0.549597 179 255 75
-67.512211 19.659812 -0.382842 111 255 143
78.910888 75.002590 2.303864 255 201 0
107.609815 56.065112 5.302066 236 0 0
-56.151496 67.931853 3.096282 255 143 0
-79.370006 72.360135 -2.559314 0 206 255
69.296732 -87.747815 -0.300028 117 255 137
-44.915018 80.997664 2.994971 255 150 0
-65.419078 -42.572142 0.776606 196 255 58
-101.265245 -73.191018 -5.337192 0 2 255
27.309052 72.481106 -5.588094 0 0 238
104.865606 -36.428955 1.295628 234 255 20
91.504008 -64.043669 4.685388 255 26 0
21.309909 11.929502 3.431423 255 118 0
-14.734052 58.801748 3.642788 255 102 0
114.332182 -31.590673 0.066791 144 255 110
38.477946 64.159437 -5.951251 0 0 212
109.485383 84.318266 3.280702 255 129 0
45.173853 6.169247 4.542729 255 36 0
47.228735 -48.452185 -3.644226 0 126 255
48.254845 -36.258864 -1.124809 56 255 198
-89.838457 -59.651670 -5.025776 0 25 255
-59.369560 -10.523208 -1.924210 0 252 255
-104.209607 -18.515178 3.155373 255 138 0
103.802359 -37.581094 1.848985 255 234 0
118.684054 -17.270240 -2.975349 0 175 255
25.214965 -42.839066 -3.093043 0 167 255
-82.561865 64.461778 -3.517656 0 135 255
-90.153661 74.868927 -3.630868 0 127 255
-12.926357 -11.725683 -2.365614 0 220 255
-26.205525 -69.085059 5.067654 253 0 0
-73.042304 -37.237652 0.182764 152 255 102
-98.586906 33.170067 -0.417522 108 255 146
35.373283 86.322063 -2.758034 0 191 255
70.151678 46.122105 0.315060 162 255 92
-104.859430 -78.163884 -4.385475 0 72 255
-45.716643 -27.321043 -1.258261 46 255 208
-47.897486 -77.922219 3.759792 255 94 0
10.123866 11.100615 2.350411 255 197 0
25.085821 -18.858096 2.890092 255 158 0
-21.483930 -9.583081 -4.598806 0 56 255
87.826426 -38.660929 1.747267 255 242 0
-26.210384 -73.868263 4.967017 255 5 0
-47.192892 50.912100 4.827556 255 15 0
64.013865 -28.067541 0.225291 155 255 99
82.063595 -77.372012 2.387752 255 195 0
90.575656 -53.609841 4.026827 255 74 0
-79.372205 -81.073552 -0.847511 77 255 177
-72.730165 67.386511 -0.691186 88 255 166
-8.975189 -59.011570 2.465669 255 189 0
112.216245 78.968825 4.360862 255 50 0
28.886113 84.860313 -2.367025 0 220 255
29.606452 -67.993585 -5.917419 0 0 214
-41.598265 52.129260 4.806261 255 17 0
117.717745 -51.267965 4.585775 255 33 0
-76.174528 38.245321 -0.460098 105 255 149
14.229017 83.957180 -1.949024 0 251 255
41.975577 -6.592831 5.302439 235 0 0
74.396904 -51.306751 1.399253 242 255 12
75.232460 28.756613 -0.624838 93 255 161
-27.235376 19.543330 -3.221274 0 157 255
-54.960096 -46.139703 2.884567 255 158 0
115.143176 6.988346 -4.670344 0 51 255
12.704200 1.447273 2.862773 255 160 0
-52.300737 -16.078761 -3.001115 0 173 255
-86.811092 -22.883001 1.837436 255 235 0
72.764999 76.000052 0.710708 191 255 63
83.644663 28.864443 -0.536352 99 255 155
16.751129 -16.081454 2.637695 255 176 0
-27.841979 11.397850 -4.903291 0 34 255
38.332197 22.808253 2.517138 255 185 0
115.225590 66.473303 5.252867 239 0 0
18.797075 -8.959722 4.625890 255 30 0
68.904594 56.581784 -0.110643 131 255 123
91.693675 -61.486057 5.241752 240 0 0
61.644860 41.322264 -0.815956 79 255 175
-3.227202 36.381169 0.097503 146 255 108
-77.204125 -87.791342 -0.327088 115 255 139
47.171115 25.919440 1.180079 226 255 28
79.559033 -76.744565 2.320799 255 200 0
111.086239 73.654922 5.159323 246 0 0
-83.453212 9.903635 2.856894 255 160 0
-92.718251 -62.962183 -4.857807 0 37 255
32.697029 41.788985 -3.117671 0 165 255
78.505325 -40.885233 1.322572 236 255 18
-101.668626 -77.572196 -4.763794 0 44 255
27.367656 11.112798 4.877222 255 12 0
-56.068880 53.971227 3.606854 255 105 0
119.810347 38.582844 1.436755 244 255 10
-33.269134 54.546408 4.784074 255 19 0
-100.330094 37.882673 -2.154800 0 236 255
67.844512 -20.650901 0.439816 171 255 83
-47.828477 -50.838791 4.098315 255 69 0
-19.413647 -28.986232 -1.125302 56 255 198
-88.669575 59.821824 -4.649186 0 52 255
-40.589456 -85.831891 2.191949 255 209 0
-88.007418 -76.097537 -4.168991 0 88 255
-58.234940 75.379628 2.246721 255 205 0
18.893089 -88.141002 -1.425561 34 255 220
-48.248590 9.920893 -4.532705 0 61 255
40.193571 71.228211 -5.507670 0 0 244
96.271231 3.813379 -5.031150 0 24 255
18.338791 43.921563 -3.097327 0 166 255
-113.116905 -84.582513 -2.805272 0 188 255
110.352459 42.895006 3.532974 255 111 0
-72.522233 21.153125 0.393856 168 255 86
-36.923316 23.969606 -2.677157 0 197 255
6.362960 -40.412766 -0.603380 95 255 159
28.514863 19.737901 2.282405 255 202 0
-37.900609 47.307250 4.047682 255 73 0
-14.287804 61.981902 3.769589 255 93 0
30.437217 -76.121897 -5.119130 0 18 255
-10.289718 69.461457 2.755015 255 168 0
-51.992222 38.207581 1.441803 245 255 9
-21.422030 8.157689 -4.553529 0 59 255
-27.657349 42.522256 3.889610 255 84 0
-49.930859 44.540346 3.114028 255 141 0
24.166322 9.186970 4.793529 255 18 0
2.942354 64.735748 -1.396247 36 255 218
-21.233182 67.293954 4.215713 255 60 0
50.262703 55.506289 -4.478477 0 65 255
75.013326 -50.121369 1.120832 221 255 33
35.723097 -20.384633 3.342724 255 124 0
-38.115444 75.722145 4.388606 255 48 0
104.796286 11.935346 -5.143976 0 16 255
-94.988631 -59.417533 -5.196157 0 12 255
73.329621 55.149477 0.328501 163 255 91
-18.893606 -58.395958 4.345711 255 51 0
-24.784364 83.449211 3.085599 255 143 0
82.365481 28.810372 -0.566516 97 255 157
37.271352 80.641560 -3.701452 0 122 255
113.729665 -33.676964 0.643273 186 255 68
90.725263 68.864637 4.775216 255 19 0
-92.095345 -34.867575 -0.731247 85 255 169
0.757103 -76.265384 -0.231614 122 255 132
64.226134 45.769543 -1.135183 55 255 199
-100.186146 77.752778 -4.439324 0 68 255
10.194862 76.258158 -1.892865 0 255 254
118.271371 -65.926147 4.534413 255 37 0
-62.639056 10.043916 -1.214245 50 255 204
-91.969780 30.128410 -0.584884 96 255 158
-50.538812 -33.464922 0.650384 187 255 67
-37.358980 41.513814 3.466828 255 115 0
-51.414086 -22.161143 -1.943077 0 251 255
-16.298788 65.849664 4.184975 255 63 0
80.018163 11.200736 -2.131348 0 237 255
4.171863 -12.716296 1.863561 255 233 0
21.421609 0.195296 5.255920 239 0 0
-93.831365 -15.432871 4.316168 255 53 0
-104.446847 -2.733352 5.744333 203 0 0
108.239214 35.769156 1.304008 235 255 19
-36.697068 -30.784022 -0.352216 113 255 141
107.359579 -85.751087 2.331462 255 199 0
-39.449352 32.455984 0.073119 144 255 110
33.498284 -9.012614 5.430928 226 0 0
38.766674 65.457661 -6.179495 0 0 195
-98.402162 -85.951360 -2.038496 0 244 255
-102.974931 47.938434 -4.357852 0 74 255
-13.986345 -35.786692 0.998627 212 255 42
-89.452066 56.721695 -4.667109 0 51 255
-49.000929 -31.903222 0.265534 158 255 96
-72.994721 -67.927390 0.042116 142 255 112
-44.894144 26.403745 -1.012916 64 255 190
-10.575198 -51.883710 2.569108 255 181 0
-45.280359 53.676556 5.119547 249 0 0
-39.494212 9.647895 -4.746761 0 45 255
-3.367359 63.251563 1.394396 241 255 13
43.854913 31.375796 -0.162049 127 255 127
-109.919914 -8.500180 5.188483 244 0 0
119.402198 18.421676 -2.753073 0 192 255
-16.606658 -79.992170 3.207737 255 134 0
101.526997 -71.929161 5.667765 209 0 0
-118.261724 -44.923298 -3.217712 0 157 255
-106.203233 2.562884 6.160433 172 0 0
-96.205988 71.463289 -4.849621 0 37 255
99.057565 -88.417221 1.543316 252 255 2
-21.114662 -42.808187 2.429793 255 192 0
83.132538 -73.717674 2.267954 255 203 0
46.710824 57.578701 -5.495351 0 0 245
-98.925107 69.250376 -5.834135 0 0 220
-33.191975 9.595115 -4.707935 0 48 255
-40.448831 -50.525638 4.820346 255 16 0
-11.263707 58.700573 3.227024 255 133 0
60.915480 -30.338336 0.224841 155 255 99
-99.932115 21.231123 2.807200 255 164 0
102.326083 53.033266 5.825122 197 0 0
-5.616553 -29.039019 -0.209773 123 255 131
-32.211421 -51.463675 5.316349 234 0 0
47.447718 -77.489099 -3.660408 0 125 255
-53.639931 75.349914 3.015480 255 149 0
50.993125 -83.481247 -2.467761 0 213 255
-20.175181 57.574456 4.788722 255 18 0
-5.242428 78.537655 0.867324 203 255 51
-74.614116 -14.910065 1.395678 241 255 13
-71.235686 -65.709348 -0.495240 102 255 152
86.734593 33.803592 0.729509 192 255 62
18.317456 -54.608094 -4.009063 0 99 255
-18.653127 -11.231483 -3.807060 0 114 255
65.991989 -30.451701 0.221404 155 255 99
98.905227 40.990395 2.569370 255 181 0
-81.874028 44.636533 -2.123094 0 238 255
119.519943 21.329952 -2.491698 0 211 255
-116.605819 1.522357 5.226380 241 0 0
27.351479 43.236535 -3.080016 0 168 255
-56.725240 -57.470715 3.633115 255 103 0
-59.488005 -53.503266 2.526964 255 184 0
-1.283040 -58.913664 0.639621 186 255 68
25.013770 -55.519820 -4.729389 0 46 255
-15.154674 -8.390121 -3.499539 0 137 255
51.354541 -64.240430 -4.033076 0 97 255
108.069513 76.807501 4.355468 255 50 0
-79.470552 -77.291025 -2.530740 0 208 255
-62.979492 77.862674 0.285478 160 255 94
26.295388 52.832821 -4.937911 0 31 255
-21.537714 9.623439 -3.997876 0 100 255
-44.307235 4.734489 -5.468044 0 0 247
1.079441 53.497993 -1.835957 4 255 250
47.240571 -30.993472 0.593143 182 255 72
98.080544 56.468083 5.923203 190 0 0
105.808632 -12.208878 -5.193257 0 12 255
76.688150 54.576938 1.816909 255 237 0
-36.813742 2.993749 -5.429742 0 0 250
92.128973 85.746059 1.843641 255 235 0
50.386015 20.746308 2.095772 255 216 0
-78.121597 25.799948 0.711754 191 255 63
108.777200 -47.937718 4.628155 255 30 0
-60.637789 89.694962 0.524670 177 255 77
43.714110 -78.489282 -3.779222 0 116 255
46.686975 -85.297494 -2.115957 0 238 255
97.935205 -26.004139 -1.371275 38 255 216
39.950528 86.647986 -2.020430 0 245 255
115.952455 -43.000740 2.557975 255 182 0
-105.664791 -77.599094 -5.099512 0 19 255
-111.009742 -32.260842 -0.412413 109 255 145
-73.051394 47.630566 -0.909141 72 255 182
18.063317 52.287828 -4.493285 0 64 255
-18.260787 -75.989319 3.953605 255 80 0
-100.197192 -15.091571 4.028581 255 74 0
-71.517801 -12.820909 0.686753 189 255 65
19.019446 -58.832795 -4.720067 0 47 255
-23.406166 -63.285605 5.307748 235 0 0
63.225032 -32.225676 0.034725 141 255 113
-7.928500 -20.882283 -0.938858 70 255 184
90.656881 19.023578 -2.876775 0 182 255
62.101295 27.719177 0.278480 159 255 95
-1.334042 20.385111 -0.212781 123 255 131
-34.083230 -13.936043 -3.635227 0 127 255
-68.678049 -58.623690 0.772172 196 255 58
-49.901582 -69.803833 4.134527 255 66 0
-34.781342 -65.267299 5.893543 192 0 0
-33.303287 42.189232 2.649588 255 175 0
-77.036316 -55.584360 -1.209182 50 255 204
-6.429259 -4.752830 -1.379526 37 255 217
-93.160137 -45.795590 -3.499120 0 137 255
88.458809 -42.351950 1.923774 255 229 0
12.083168 44.056939 -2.186322 0 233 255
-97.177488 51.997357 -4.995583 0 27 255
-41.322961 6.667008 -5.600417 0 0 237
-58.743141 22.475378 -1.363864 39 255 215
-82.522792 24.281126 1.055397 216 255 38
-4.646584 53.635374 0.691932 190 255 64
-76.014745 -89.747077 -0.302473 117 255 137
-83.598427 -41.619859 -1.731183 12 255 242
48.549010 52.944446 -4.098049 0 93 255
-16.900990 89.894434 0.417340 170 255 84
41.293466 36.017257 -1.055766 61 255 193
-7.206421 58.348559 2.226566 255 207 0
0.955235 -56.740784 -0.128507 129 255 125
-45.433798 -83.254402 2.494940 255 187 0
-17.683349 78.876770 2.682241 255 173 0
-4.584370 -46.321898 0.790026 197 255 57
-37.823521 -40.215877 2.637647 255 176 0
78.290990 24.364288 -0.607004 94 255 160
-60.893566 2.873673 -2.306454 0 224 255
-67.070326 61.903019 0.150036 150 255 104
-37.379991 -46.602805 3.992543 255 77 0
68.443748 -58.321733 -0.380753 111 255 143
83.416151 -75.819546 2.548856 255 183 0
15.604943 52.490886 -3.238925 0 156 255
-33.435307 27.656191 -0.741332 84 255 170
35.714310 32.014125 -0.600792 95 255 159
78.353157 -41.966183 1.298339 234 255 20
-61.707047 -54.319191 1.648507 255 249 0
40.211186 41.158814 -3.063300 0 169 255
50.369611 54.210079 -4.293235 0 78 255
-26.340432 -38.129723 2.475952 255 188 0
-85.244799 -33.348096 -0.176118 126 255 128
25.786139 52.799029 -4.909952 0 33 255
-69.559392 54.624715 0.460217 173 255 81
-31.676770 -59.078276 5.853512 195 0 0
10.688801 -42.894635 -1.357537 39 255 215
111.048026 46.560807 3.580016 255 107 0
-84.834453 37.204493 -1.437086 33 255 221
-102.313572 -21.399922 2.332049 255 199 0
9.326761 53.984019 -1.903065 0 254 255
106.340616 34.337555 0.366005 166 255 88
-108.911949 -11.486041 5.425801 226 0 0
34.108267 -0.612041 5.494772 221 0 0
-113.451890 -52.307955 -4.814142 0 40 255
12.251610 -16.920124 2.140799 255 213 0
-91.400641 -69.649579 -5.096305 0 19 255
38.189164 2.880248 5.149912 247 0 0
-33.363416 -76.858810 4.366725 255 49 0
37.096779 -88.332735 -1.196926 51 255 203
-58.020298 83.295884 2.061938 255 219 0
-102.020508 -65.384890 -6.383635 0 0 180
-76.347972 -32.473411 -0.095548 132 255 122
-54.260270 68.958474 3.588059 255 106 0
-80.455750 -75.062877 -1.879914 1 255 253
-72.375817 13.708846 0.647660 186 255 68
10.603331 -0.079567 2.427357 255 192 0
-14.965948 15.612637 -1.878178 1 255 253
78.072117 27.842829 -0.121209 130 255 124
-0.568803 -0.586575 -0.450543 106 255 148
9.482059 72.329861 -1.798809 7 255 247
50.430530 25.531066 1.617353 255 251 0
84.819360 -61.904256 4.173454 255 63 0
20.328370 14.207216 3.188210 255 136 0
-111.162683 -80.621267 -3.567460 0 132 255
-9.788856 -42.839624 1.136456 222 255 32
-112.255242 72.551257 -5.070098 0 21 255
25.171053 -79.877667 -3.657336 0 125 255
-104.388564 -28.280722 1.073724 218 255 36
9.506176 -77.697575 -2.193681 0 233 255
-84.018926 70.847128 -2.941556 0 178 255
85.325788 -79.831221 2.385835 255 195 0
-97.368445 11.456411 4.904353 255 10 0
38.260972 -6.853356 5.543690 218 0 0
48.913727 68.734538 -4.539786 0 60 255
-53.954978 -81.390789 2.613775 255 178 0
22.265693 -87.219101 -1.874514 1 255 253
-40.819571 58.473236 5.955505 187 0 0
-57.851732 -56.982153 2.788666 255 165 0
-57.683014 -11.114018 -2.513373 0 209 255
-116.196972 73.893967 -4.485071 0 64 255
41.504637 -32.759855 -0.634233 92 255 162
-102.759710 -51.715805 -5.877929 0 0 217
-72.717470 58.704438 -1.063277 61 255 193
-99.132386 54.424142 -5.549740 0 0 241
73.027141 88.903246 0.045786 142 255 112
7.075918 52.714337 -1.204838 50 255 204
-7.834496 17.961352 -1.648713 18 255 236
19.997143 -52.570731 -3.892349 0 108 255
73.985279 45.507712 1.643337 255 249 0
29.780531 9.787494 4.824982 255 16 0
3.186430 -14.056480 0.798539 198 255 56
-44.840101 15.391909 -3.633197 0 127 255
4.019376 -62.192185 -1.071268 60 255 194
116.937040 78.031861 3.762442 255 94 0
16.770087 -22.931622 1.925147 255 229 0
-5.473465 77.411107 1.943522 255 227 0
93.189935 50.348310 3.979426 255 78 0
-106.911530 26.724374 1.564470 254 255 0
-104.814258 -39.201223 -2.212741 0 231 255
69.450915 35.987729 0.719712 192 255 62
106.115342 -23.935058 -1.647369 18 255 236
-107.786398 75.276942 -4.142070 0 89 255
-114.227093 -25.032731 1.913731 255 230 0
-117.658637 64.596056 -4.850954 0 37 255
18.472268 -81.516040 -2.616542 0 202 255
-86.934254 55.330569 -4.013769 0 99 255
14.721809 0.151739 3.418988 255 119 0
39.310597 18.080134 3.767043 255 93 0
-116.268742 21.715495 2.701089 255 172 0
88.827857 86.809378 1.760505 255 241 0
-59.382577 21.667770 -1.813836 6 255 248
12.955112 80.544220 -1.902813 0 254 255
-35.112615 37.295251 2.707650 255 171 0
-37.615921 -9.076071 -5.376182 0 0 254
-23.194590 75.683546 3.781286 255 92 0
-119.109361 46.138673 -2.754093 0 191 255
-17.091980 35.791401 0.556520 180 255 74
-56.395958 75.280829 2.815506 255 163 0
-34.222148 -55.788333 5.733372 204 0 0
-80.904191 -57.479910 -2.955435 0 177 255
-39.631186 18.684335 -3.809170 0 114 255
47.864066 -27.079327 1.180395 226 255 28
116.107148 -61.925482 4.823676 255 16 0
-72.689055 -41.255659 -0.230002 122 255 132
88.004751 -82.750641 2.554135 255 182 0
27.541577 59.875473 -6.004101 0 0 208
-95.758954 -68.039500 -5.077242 0 21 255
-116.473399 -85.052064 -2.740137 0 193 255
92.165707 9.768982 -4.392118 0 71 255
-63.825351 -42.485561 0.583773 182 255 72
-94.501686 -62.836718 -5.800298 0 0 223
37.335065 3.474427 5.697412 206 0 0
49.584908 -15.103104 3.505009 255 113 0
94.816014 -20.396514 -2.583290 0 204 255
0.076348 28.874668 0.217227 155 255 99
-45.128786 -60.204122 5.027931 255 1 0
-43.619202 -1.893622 -5.557605 0 0 240
-70.857780 75.521123 -1.149412 54 255 200
32.456609 -25.018953 2.159334 255 211 0
106.145361 42.273782 3.090193 255 143 0
-99.676050 -22.454651 2.477036 255 188 0
-27.207205 -46.608923 3.787010 255 92 0
-35.563050 -19.603438 -4.008506 0 99 255
-100.751672 -77.132442 -4.352456 0 74 255
22.757010 -38.429358 -1.711698 13 255 241
115.921812 -34.313792 0.727375 192 255 62
-53.597033 59.233923 4.293413 255 55 0
54.506877 63.306403 -3.865618 0 110 255
96.138973 47.722977 3.859504 255 87 0
-55.044009 -0.657833 -3.303354 0 151 255
100.556402 -77.081437 4.377095 255 48 0
59.609324 33.989717 -0.643581 92 255 162
34.954710 0.514429 5.228398 241 0 0
-73.407030 55.404224 -1.062530 61 255 193
-53.423747 -3.326628 -4.129385 0 90 255
-95.627128 -81.779696 -3.600332 0 129 255
94.973442 3.532087 -5.192259 0 12 255
74.148776 -67.643367 0.548535 179 255 75
-99.218466 70.365179 -5.448598 0 0 248
7.443556 -80.966811 -1.204104 50 255 204
-68.856171 -11.698298 0.129296 148 255 106
63.749657 -65.313879 -1.613656 20 255 234
17.553552 10.893425 3.542523 255 110 0
106.892216 -80.902193 4.047321 255 73 0
54.513225 86.181107 -1.014449 64 255 190
-95.835110 27.322367 1.206543 228 255 26
-30.532594 60.510113 5.540454 218 0 0
18.305743 -21.620681 2.239680 255 206 0
98.841211 -28.080068 -1.368032 38 255 216
-30.972595 -16.257289 -3.612665 0 128 255
-74.905744 -85.593956 -0.485175 103 255 151
-52.005166 35.018886 0.450506 172 255 82
-60.440468 7.126094 -1.655074 17 255 237
-82.922085 20.960797 1.167856 225 255 29
-37.463569 -34.474292 1.268646 232 255 22
-60.239424 -80.141161 1.501483 249 255 5
2.511691 29.757608 -0.123735 130 255 124
94.621467 60.196359 4.805580 255 17 0
109.037922 -17.746413 -4.394965 0 71 255
-81.739431 -16.757222 2.129721 255 214 0
16.663568 -43.234260 -2.627163 0 201 255
41.724253 -49.179712 -4.077657 0 94 255
-83.396350 44.028946 -2.048730 0 243 255
7.631863 7.049321 2.012107 255 222 0
-71.987151 87.389436 0.467480 173 255 81
-32.622731 20.050538 -3.801619 0 115 255
-42.254196 -58.144358 5.559276 217 0 0
75.588054 -42.832550 0.677909 189 255 65
-63.813271 31.496363 0.239123 156 255 98
9.623820 -25.909855 0.621513 185 255 69
20.541981 36.808402 -1.466657 31 255 223
-40.830754 28.088595 -1.245537 47 255 207
103.063804 50.880207 4.864109 255 13 0
-40.287254 18.315785 -4.057095 0 96 255
-41.714198 -0.489108 -5.501776 0 0 245
46.225875 0.902371 4.249908 255 58 0
-2.940604 -42.464039 0.590108 182 255 72
53.951384 -54.367220 -3.412307 0 143 255
-83.309387 60.243943 -3.377724 0 146 255
-84.459599 32.242770 -0.272184 119 255 135
56.652375 13.486375 2.936116 255 154 0
-26.749799 52.215488 5.087453 251 0 0
85.711956 -73.525977 3.660036 255 101 0
-63.960934 17.831712 -1.133944 56 255 198
-62.342602 61.332206 2.121458 255 214 0
87.180383 12.963386 -3.410898 0 143 255
-33.191374 67.638696 5.630157 211 0 0
-93.646737 -67.390211 -4.764724 0 44 255
-67.127980 81.157877 -0.037577 136 255 118
64.694617 -37.531322 -0.512439 101 255 153
-56.291924 36.207353 0.355649 165 255 89
13.388004 83.278658 -2.427086 0 216 255
80.307203 10.435227 -1.940368 0 251 255
26.501469 -38.673289 -1.748570 10 255 244
60.645705 86.532907 -0.810669 79 255 175
114.465397 -43.448557 2.655294 255 175 0
-48.189343 39.051374 1.833621 255 235 0
90.290812 16.199186 -3.053547 0 169 255
12.254879 2.827702 2.419570 255 192 0
-71.660316 50.171027 -0.168734 126 255 128
-88.321809 76.467850 -3.314340 0 150 255
-41.305149 81.570496 4.032338 255 74 0
-86.961932 50.527014 -3.751238 0 118 255
65.214185 58.159466 -0.561721 98 255 156
13.784877 -84.697140 -1.579929 23 255 231
-109.383890 -22.984164 2.525119 255 185 0
90.791494 11.170957 -3.826827 0 113 255
23.040696 -4.466705 5.836124 196 0 0
-13.710467 78.347777 2.826233 255 162 0
-86.174869 74.937688 -2.666825 0 198 255
-7.235954 -3.370122 -1.871238 1 255 253
100.158393 75.621619 4.958556 255 6 0
20.261135 -26.219104 1.526931 251 255 3
-9.788197 52.821212 1.778297 255 239 0
25.942861 -66.019895 -5.366423 0 0 255
12.134502 88.136932 -0.863288 75 255 179
29.671927 -8.556145 5.511841 220 0 0
-72.246615 85.307725 0.283954 160 255 94
-84.319067 -43.880778 -1.889390 0 255 254
-116.994962 -39.804410 -1.976810 0 249 255
79.641501 -39.469495 1.045430 216 255 38
-119.222570 -37.230011 -1.339279 40 255 214
-58.527000 -74.123793 1.988675 255 224 0
20.481261 51.887045 -4.155655 0 88 255
-0.047912 1.900112 -0.321580 115 255 139
96.353846 2.614847 -6.006547 0 0 207
-68.830831 -42.318088 0.490649 175 255 79
-92.641747 -3.346471 4.736952 255 22 0
-81.500199 -7.132674 2.461700 255 189 0
-0.518568 -87.132757 -0.530691 100 255 154
-50.103828 -36.081508 1.475692 247 255 7
-10.704853 -59.243000 3.227873 255 133 0
45.088275 -36.341026 -1.176077 52 255 202
-42.868967 -12.811294 -4.617591 0 55 255
39.633581 87.499956 -1.762483 9 255 245
-115.284931 -22.582972 2.460578 255 189 0
11.082019 70.525830 -2.629533 0 201 255
97.758060 43.238240 3.272231 255 130 0
104.197945 87.517048 1.394340 241 255 13
17.229406 57.033929 -3.975964 0 102 255
115.940947 79.526858 3.373487 255 122 0
-63.505111 -63.560871 1.604252 255 252 0
-48.572410 51.104883 4.041730 255 73 0
-12.457403 -26.961114 -1.192425 51 255 203
2.137426 -19.362000 0.413209 169 255 85
76.672843 -70.102876 1.920110 255 229 0
-12.626401 -64.219160 2.459991 255 189 0
-108.467642 32.144805 -0.753609 83 255 171
47.970123 -50.516526 -3.576281 0 131 255
-66.559586 26.290607 -0.748949 84 255 170
91.756076 -25.988845 -1.095467 58 255 196
-69.122008 24.196649 0.234517 156 255 98
-49.022467 22.780315 -1.376027 38 255 216
-87.064549 -51.154720 -3.619510 0 128 255
-47.383459 73.485146 4.105186 255 68 0
24.229321 38.282908 -2.046544 0 243 255
-55.845403 11.760696 -3.200569 0 159 255
-108.370232 21.427864 2.248880 255 205 0
20.718746 26.685604 0.730916 193 255 61
56.382948 -26.205042 0.682235 189 255 65
-93.858735 19.836256 2.728559 255 170 0
-18.181383 -61.946062 4.624173 255 30 0
-103.616067 87.785002 -1.657319 17 255 237
-115.936437 36.057199 -1.200490 51 255 203
-30.110882 48.079395 3.698019 255 98 0
-51.233551 44.273056 2.858306 255 160 0
90.066551 63.117474 4.630079 255 30 0
-116.757666 -6.766702 4.182880 255 63 0
35.142618 -44.174043 -3.773296 0 117 255
56.073949 -84.290579 -1.949509 0 251 255
-19.918693 2.750079 -4.656678 0 52 255
0.180179 -62.183779 0.056642 143 255 111
-60.692068 -6.422828 -1.718787 13 255 241
-59.427300 -78.882855 1.628275 255 250 0
-107.280504 49.697433 -4.682421 0 50 255
97.372252 -25.696441 -1.982387 0 248 255
-113.118397 -34.949626 -1.193923 51 255 203
-87.093612 54.217796 -4.304906 0 78 255
53.824089 -18.339785 2.365239 255 196 0
-10.178323 -5.441740 -2.380945 0 219 255
2.877881 29.345276 -0.049576 135 255 119
-49.332435 -83.958478 2.824152 255 163 0
-81.324971 -34.100186 -0.434993 107 255 147
71.787909 89.131930 0.422598 170 255 84
-90.292451 33.360927 -0.581042 96 255 158
-49.002731 -66.578881 4.723410 255 23 0
60.446645 80.951953 -0.932207 70 255 184
-48.456047 77.427585 3.327368 255 126 0
108.323697 27.908285 -0.810189 79 255 175
-77.936151 -87.012949 -1.343603 40 255 214
6.625582 -15.068724 1.189245 226 255 28
9.128267 -20.570528 1.539637 252 255 2
0.117761 -57.871964 0.721037 192 255 62
65.854321 18.748714 0.913460 206 255 48
-108.937948 -38.237433 -1.908865 0 254 255
11.016308 30.749108 -0.008410 138 255 116
69.541995 -45.614195 -0.175183 126 255 128
-107.832430 74.054228 -5.014358 0 25 255
11.113427 -40.547607 -1.248100 47 255 207
-14.241919 -87.395108 1.637960 255 250 0
-22.894324 62.613896 4.839881 255 14 0
9.052500 -49.907084 -2.216907 0 231 255
29.930525 -82.144761 -2.958329 0 176 255
48.862800 80.636938 -2.836139 0 185 255
95.579371 -31.792562 -0.052066 135 255 119
37.579001 36.385142 -1.540922 26 255 228
119.748021 -70.355870 4.535018 255 37 0
39.566555 55.639905 -5.593399 0 0 238
-55.407699 61.537114 3.363077 255 123 0
-84.671459 -40.042282 -1.514329 28 255 226
-102.985021 -46.467600 -3.845563 0 111 255
-55.625138 -65.591763 3.209029 255 134 0
-91.408961 15.564882 3.369873 255 122 0
44.021115 -15.751586 4.072951 255 71 0
45.481640 70.412767 -5.578529 0 0 239
26.895022 -23.506012 2.058311 255 219 0
-28.125223 1.288597 -5.406557 0 0 252
-8.663433 -20.266886 -1.519469 27 255 227
-57.734312 -41.831903 1.752201 255 241 0
100.472821 -79.389987 4.801979 255 17 0
-116.192102 17.061157 3.659182 255 101 0
-43.058258 -37.521804 1.346297 238 255 16
17.472412 73.676879 -2.847213 0 185 255
-76.643215 27.682266 0.606791 183 255 71
85.023407 23.833602 -1.044071 62 255 192
-4.695863 65.912730 1.367668 239 255 15
-31.064041 -56.014012 5.298538 236 0 0
-104.923624 70.322108 -5.627892 0 0 235
-52.515937 56.880132 3.949109 255 80 0
21.514633 -56.691655 -4.088476 0 93 255
-52.507299 -50.539242 3.870551 255 86 0
-109.164769 -81.837947 -3.524857 0 135 255
19.093859 -9.722376 4.105465 255 68 0
-47.060124 -68.999274 5.083748 252 0 0
83.133890 56.481857 3.660082 255 101 0
46.030024 -40.178806 -1.920389 0 253 255
53.154144 -49.243012 -3.578718 0 131 255
93.643000 74.635213 4.791754 255 18 0
74.401687 -34.017554 -0.253284 120 255 134
-40.978423 -29.688528 -0.663037 90 255 164
16.561150 10.318564 3.009460 255 149 0
-57.869966 6.960232 -3.020379 0 172 255
-71.631428 -36.007407 0.141369 149 255 105
-70.594025 21.245206 0.117181 147 255 107
-93.353732 -51.259935 -4.012107 0 99 255
-62.627238 30.710576 0.280779 160 255 94
-66.072261 -33.799121 0.043580 142 255 112
41.417278 -49.323050 -4.672988 0 50 255
-59.644562 -28.239203 0.034406 141 255 113
-108.801637 -42.719148 -2.916667 0 180 255
-18.815147 53.508598 4.370132 255 49 0
-71.772931 46.617790 0.065685 144 255 110
45.443742 -69.949066 -5.106421 0 19 255
-66.789298 71.604809 0.498623 176 255 78
13.672607 57.723599 -3.281561 0 153 255
-77.753349 -72.862116 -2.018117 0 246 255
-4.288837 -0.959155 -1.381887 37 255 217
88.132526 4.457004 -4.608423 0 55 255
-47.211009 1.138192 -5.141086 0 16 255
6.527368 -86.371458 -0.780360 82 255 172
-14.731195 75.313335 3.144676 255 139 0
-103.196355 -12.556621 5.046718 254 0 0
-115.038837 41.388136 -2.134714 0 237 255
82.193343 8.990440 -2.750486 0 192 255
-38.315196 76.663255 4.644395 255 29 0
44.656493 -36.409701 -1.174882 53 255 201
-20.953306 36.611833 1.303423 235 255 19
81.194469 -32.707156 0.317941 162 255 92
-73.195003 77.026333 -0.888496 74 255 180
-3.881257 -35.042471 0.232126 156 255 98
11.613407 -82.427609 -2.122097 0 238 255
70.457258 -2.531929 0.200544 154 255 100
-112.932937 36.850506 -1.435058 33 255 221
-33.013455 -16.577613 -3.875354 0 109 255
-5.957928 44.642623 0.492496 175 255 79
21.319200 43.845578 -3.198186 0 159 255
-86.048425 -49.484200 -3.362042 0 147 255
10.462633 -17.226843 1.065002 217 255 37
46.428930 88.093688 -1.230800 48 255 206
55.930000 3.115964 3.674654 255 100 0
-66.157124 67.993500 0.952603 209 255 45
-14.208631 -18.289555 -1.819309 5 255 249
-48.488470 -49.770351 3.266233 255 130 0
-26.965843 68.535383 5.026832 255 1 0
-32.876091 -8.134925 -5.122906 0 17 255
106.828754 -87.410319 2.250885 255 205 0
-116.785858 36.241356 -1.274627 45 255 209
107.454169 6.517058 -5.496253 0 0 245
-112.056317 58.464113 -5.507240 0 0 244
-101.299510 83.130562 -3.294874 0 152 255
-70.554425 34.190769 -0.218652 123 255 131
-51.159516 -66.519572 4.044134 255 73 0
85.856461 -72.555057 3.482088 255 114 0
81.881042 63.951914 3.013108 255 149 0
104.278068 42.904868 3.556082 255 109 0
-26.467268 57.222915 4.780906 255 19 0
-116.199533 8.147173 4.764697 255 20 0
30.196999 16.342621 3.849263 255 87 0
95.802398 -76.967416 3.935888 255 81 0
-94.214473 -13.435086 4.057178 255 72 0
78.670292 11.524230 -1.441090 33 255 221
-119.571528 -38.677652 -1.067296 60 255 194
55.755766 -75.733248 -3.591097 0 130 255
-1.611455 69.043341 0.746763 194 255 60
97.982964 -62.712095 5.148914 247 0 0
89.996318 2.381643 -5.102859 0 19 255
-108.840325 30.883495 -0.188726 125 255 129
-0.444162 -1.517800 -0.598032 95 255 159
-61.903822 70.325237 2.321780 255 200 0
-14.546044 -47.733720 3.205998 255 135 0
-104.087740 71.174298 -6.116261 0 0 199
-33.466616 65.300084 6.136425 174 0 0
-21.952175 8.083213 -4.481031 0 65 255
-119.065963 -14.900435 3.343217 255 124 0
-6.115470 64.833953 1.464223 246 255 8
94.710254 -1.949432 -5.475485 0 0 246
-105.416426 83.155266 -3.298193 0 151 255
106.743238 -63.174671 5.615205 212 0 0
-2.563995 -72.260730 0.532222 178 255 76
-69.457516 -59.051380 0.115351 147 255 107
112.584529 61.220776 5.636864 211 0 0
-6.356074 -11.903618 -1.811538 6 255 248
-15.140468 -5.694130 -3.403192 0 144 255
-29.647176 30.351939 -0.802040 80 255 174
91.520785 -53.259398 4.150983 255 65 0
-88.817865 -10.686698 3.458232 255 116 0
-69.488469 19.085347 -0.732520 85 255 169
-52.027088 -85.193948 1.906654 255 230 0
-105.017336 -11.553918 4.715558 255 24 0
82.577719 15.736531 -1.888270 0 255 254
-2.731690 -14.669890 -0.670196 90 255 164
24.381664 -54.411491 -4.596773 0 56 255
92.514820 -78.539195 3.288721 255 128 0
-1.259613 80.665519 -0.029589 137 255 117
-53.688984 53.337925 3.685534 255 99 0
7.495437 9.635603 1.562520 254 255 0
0.057155 40.971782 -0.353618 113 255 141
-48.281910 -85.937661 1.982028 255 224 0
-64.375783 89.926300 0.686777 189 255 65
-34.128222 -29.190533 -0.548142 99 255 155
56.411047 -9.893553 3.150805 255 139 0
-80.320889 -78.275611 -1.144900 55 255 199
119.059083 -32.189913 0.428058 170 255 84
-63.536710 -68.918821 1.403380 242 255 12
-54.563819 -29.224734 -0.374002 111 255 143
-90.510432 -14.752309 3.128811 255 140 0
-25.953098 18.697272 -3.409113 0 143 255
-30.754794 -66.588303 6.285527 163 0 0
43.636174 66.438782 -5.298056 0 5 255
95.048727 80.094475 3.116638 255 141 0
-60.511885 -66.238837 2.137894 255 213 0
74.254071 -63.117876 0.656412 187 255 67
-46.011223 51.404016 5.200986 243 0 0
-22.385281 -29.917809 -0.555207 98 255 156
-89.214049 -41.164656 -2.594938 0 203 255
94.254748 -42.196205 3.265721 255 130 0
-30.404586 -56.349395 5.583681 215 0 0
48.208872 72.975434 -4.699739 0 49 255
-113.655275 30.151053 0.013123 140 255 114
47.308776 -51.163595 -4.662913 0 51 255
-65.684807 89.793032 0.155788 150 255 104
-11.647644 -30.511073 -0.219069 123 255 131
41.709224 47.151352 -3.926676 0 105 255
-79.027284 41.965309 -1.547293 25 255 229
6.523675 -11.398436 1.245335 230 255 24
80.572203 31.118707 0.076074 144 255 110
-80.782260 -39.248595 -0.666567 90 255 164
-7.773360 41.358873 1.660025 255 248 0
-75.826847 -53.451799 -1.039691 62 255 192
-85.605517 -66.913763 -4.279066 0 79 255
-2.400906 -21.815023 -0.434959 107 255 147
-10.400471 36.924280 0.948828 209 255 45
34.520416 38.484705 -2.410016 0 217 255
85.872051 -39.744628 1.134032 222 255 32
49.581690 -84.097823 -2.887669 0 182 255
-39.280634 9.269511 -5.303271 0 4 255
-3.338310 44.977427 0.295177 161 255 93
41.704824 -83.102719 -3.188250 0 160 255
81.293567 -64.676790 2.494356 255 187 0
43.860296 -7.707069 5.217727 242 0 0
0.619976 -54.919258 -0.456273 105 255 149
-87.966876 -20.784744 1.763774 255 241 0
88.390123 -57.791705 3.896293 255 84 0
-52.472379 36.524359 0.587291 182 255 72
-22.779621 50.163433 4.290754 255 55 0
92.303811 81.856304 3.185436 255 136 0
-70.239023 -84.511145 -0.327222 115 255 139
99.318657 -65.384475 5.477427 223 0 0
-65.016792 67.839437 1.939406 255 228 0
-99.067482 34.686891 -0.684970 89 255 165
3.267167 33.912817 0.372210 166 255 88
70.876106 -86.811913 0.271472 159 255 95
-23.426508 89.402802 1.272800 232 255 22
82.256964 -32.958384 0.306417 161 255 93
-24.875347 -80.181002 4.019118 255 75 0
75.622207 -70.323968 2.189899 255 209 0
-92.939006 -64.048159 -5.042376 0 23 255
-51.990474 26.676346 -0.977005 67 255 187
-90.604173 -15.500053 3.784254 255 92 0
57.506068 -35.427285 -0.368156 112 255 142
-7.293508 -59.913638 1.867905 255 233 0
37.346019 -40.244538 -2.768123 0 190 255
-62.788603 55.589289 1.501226 249 255 5
56.322278 -23.764634 1.824195 255 236 0
118.271463 -88.589792 1.235645 230 255 24
-101.025828 89.504288 -1.501097 29 255 225
-43.485902 82.396218 2.979334 255 151 0
88.660835 -22.950152 -2.274391 0 227 255
84.391142 26.684449 -0.682474 89 255 165
89.288086 -73.397954 3.964602 255 79 0
-65.618655 12.868209 -0.748169 84 255 170
15.157174 -80.558832 -1.899533 0 254 255
-99.339930 -47.601663 -4.284363 0 79 255
-16.555676 79.388194 2.786754 255 165 0
18.271958 -66.273389 -4.573381 0 58 255
-57.947628 4.834522 -2.650208 0 199 255
-18.689114 17.421632 -2.725869 0 194 255
-32.113948 -49.831683 5.114065 249 0 0
-99.686938 83.040629 -2.547457 0 207 255
-103.552989 0.872349 5.528191 219 0 0
67.466155 -75.979975 0.052833 143 255 111
-119.297322 48.213327 -3.976898 0 102 255
116.673669 -4.447085 -5.389085 0 0 253
95.306737 -58.633662 4.661599 255 28 0
116.948800 -25.879889 -0.856672 76 255 178
68.550754 10.475153 0.115483 147 255 107
-119.407715 -0.632140 4.938813 255 7 0
-92.167000 -10.873053 4.111239 255 68 0
-43.515858 -89.150613 1.987104 255 224 0
-76.471873 -72.086733 -2.023169 0 245 255
-105.483569 -15.099997 4.353637 255 50 0
100.073767 85.689240 2.037964 255 220 0
98.457418 -59.010260 5.559457 217 0 0
64.089253 -46.980254 -0.589441 96 255 158
-59.267398 -7.933450 -2.431316 0 215 255
84.563210 -34.383539 0.653293 187 255 67
76.601808 68.426866 2.001538 255 223 0
-42.328234 46.137891 3.623728 255 104 0
-89.362338 34.462571 -1.141648 55 255 199
-87.462608 -64.889118 -4.652481 0 52 255
-21.849628 -23.555297 -2.090273 0 240 255
79.710385 52.522155 2.661353 255 175 0
-101.678773 10.985323 5.066141 253 0 0
-16.869029 -64.058534 3.947232 255 80 0
-34.897952 63.087723 6.021984 183 0 0
94.170972 75.348340 4.068197 255 71 0
-83.292250 47.455388 -2.161406 0 235 255
37.339649 17.122217 4.176689 255 63 0
-42.480361 -60.398621 5.333120 233 0 0
35.164347 -26.522675 2.042308 255 220 0
77.335435 -10.132504 -2.176216 0 234 255
77.912369 12.915567 -1.557773 24 255 230
82.924614 7.091843 -3.244022 0 155 255
-49.771737 -64.061299 4.984646 255 4 0
-53.786026 17.591649 -2.227541 0 230 255
-90.560305 55.657760 -4.493007 0 64 255
-58.719558 -51.810739 2.541325 255 183 0
-91.355466 -76.875923 -4.272514 0 80 255
68.160261 -19.524369 -0.277705 118 255 136
-108.643645 -19.630343 3.280189 255 129 0
-73.990038 76.726789 -0.761587 83 255 171
69.638735 -42.032068 -0.213610 123 255 131
64.434709 49.394967 -0.912613 72 255 182
113.637395 58.190466 5.751671 202 0 0
-27.933845 -66.241649 5.013161 255 2 0
-109.174819 73.573283 -4.928281 0 32 255
73.961865 13.515802 -0.205138 124 255 130
-51.291234 65.297625 4.376647 255 49 0
65.559593 52.119900 -0.994830 66 255 188
-115.351667 -2.297599 5.296009 236 0 0
-111.646007 62.422955 -5.539254 0 0 242
23.545264 -31.092337 -0.785004 81 255 173
44.186517 -32.135632 -0.041218 136 255 118
14.877108 17.571672 2.240448 255 205 0
7.729105 -22.328830 1.113791 221 255 33
23.307634 -52.123791 -4.688160 0 49 255
-88.574224 55.253775 -4.199683 0 85 255
-104.730034 56.223115 -5.559744 0 0 240
-36.143657 -75.120449 5.239073 240 0 0
11.467120 37.234341 -0.906076 72 255 182
-60.273286 75.434355 2.145578 255 212 0
-77.036609 56.171306 -2.166944 0 235 255
-12.867856 -63.641395 3.254025 255 131 0
-21.673073 -74.267284 4.305424 255 54 0
-55.511664 -9.874017 -2.504540 0 210 255
102.488818 71.123823 5.164989 246 0 0
106.309077 74.149709 5.096951 251 0 0
-108.771120 -85.336262 -2.726009 0 194 255
-4.783643 71.967700 1.353572 238 255 16
-62.938387 26.114994 -0.763707 83 255 171
-39.335293 28.450871 -0.579764 96 255 158
-113.165306 -47.276318 -4.342521 0 75 255
-100.780307 22.908725 3.021953 255 148 0
-111.954796 79.232087 -3.853296 0 111 255
-89.840777 14.800458 3.391001 255 121 0
35.823608 74.385014 -4.987633 0 27 255
-101.198412 33.929489 -0.649117 91 255 163
92.632088 -47.035190 3.741419 255 95 0
72.625433 -26.768120 0.192779 153 255 101
-55.382815 -43.373509 2.060857 255 219 0
45.963131 -36.237613 -1.475797 30 255 224
108.467538 30.324047 -0.806824 80 255 174
-92.100665 -1.791908 4.861842 255 13 0
14.416687 72.483851 -3.553167 0 133 255
-8.265857 -54.454970 2.321077 255 200 0
-45.522641 -66.482300 4.846728 255 14 0
-50.892974 -74.056762 3.650407 255 102 0
-99.240752 -45.232781 -3.618027 0 128 255
35.299595 38.672613 -1.613052 20 255 234
-72.546582 -60.180313 -1.273035 45 255 209
-18.544833 25.095435 -1.425479 34 255 220
102.746141 74.173376 5.372761 230 0 0
-36.416512 22.726621 -3.078540 0 168 255
-44.117482 -52.800850 5.067178 253 0 0
103.794545 47.300299 3.519703 255 111 0
20.057424 60.985573 -4.723554 0 47 255
16.923751 4.906637 3.682404 255 100 0
-66.628696 -21.074565 -0.576608 96 255 158
33.892090 19.115792 3.580167 255 107 0
-28.998589 -72.321228 5.681970 208 0 0
10.512719 28.742329 0.076967 145 255 109
-24.557465 -49.069386 4.704254 255 24 0
-100.545956 24.650663 2.541155 255 183 0
90.644447 -34.078983 0.132908 149 255 105
46.024310 -23.168278 2.131522 255 213 0
109.975957 77.133294 4.611257 255 31 0
-46.446523 -28.582388 -0.208402 124 255 130
-52.453982 51.839932 3.856995 255 87 0
-87.448408 -71.428625 -4.025929 0 98 255
-46.630034 34.469555 0.625939 185 255 69
-41.978482 -76.109333 4.746063 255 21 0
-75.849674 1.202727 1.343432 238 255 16
-56.497769 69.753808 3.279890 255 129 0
-49.433708 -41.580579 2.337648 255 198 0
85.911799 -39.437094 1.269166 232 255 22
-12.892382 74.886886 3.517249 255 112 0
76.753155 -12.660178 -1.426881 34 255 220
-108.057073 24.058700 2.886253 255 158 0
-74.769227 38.539311 -0.079904 133 255 121
108.654656 40.444352 2.947380 255 154 0
-107.926238 83.466872 -3.263566 0 154 255
-103.329694 81.650409 -3.715611 0 121 255
4.315353 -76.175373 -0.878471 74 255 180
-50.439797 -80.671285 2.843816 255 161 0
-73.394115 43.955769 -0.983518 67 255 187
26.097608 -53.593757 -4.170320 0 87 255
26.184894 36.220161 -0.490040 103 255 151
-74.864213 -69.378953 -1.066952 60 255 194
9.376505 -7.264380 2.361741 255 197 0
-10.847396 -11.795103 -2.428348 0 215 255
83.165590 -11.455607 -3.209791 0 158 255
-103.574281 9.991468 5.407947 228 0 0
-64.052670 -66.807951 1.498502 249 255 5
15.612348 -9.527035 3.653246 255 102 0
-111.987730 88.335988 -1.316120 42 255 212
82.966679 -79.140737 3.049548 255 146 0
112.372042 52.434315 4.892671 255 11 0
-41.210225 12.354417 -4.612817 0 55 255
65.944745 -56.517257 -1.073836 60 255 194
-60.220194 30.555085 0.012081 140 255 114
107.528305 -28.645238 -1.172627 53 255 201
-69.189517 -3.351881 0.401410 168 255 86
-118.582527 -51.250868 -3.888955 0 108 255
-103.612775 89.413366 -1.884061 0 255 254
-9.920711 77.885054 1.896779 255 231 0
-110.793586 0.771272 6.192116 170 0 0
115.292091 -3.672487 -5.011181 0 26 255
31.478475 -19.224341 3.185512 255 136 0
16.521125 13.958309 3.336633 255 125 0
30.299994 23.451212 2.396582 255 194 0
-19.632439 46.487220 2.964758 255 152 0
92.580734 -63.761426 5.241802 240 0 0
51.078921 74.167041 -4.182193 0 87 255
-16.718975 -76.569859 3.037432 255 147 0
-51.823052 78.122727 2.698544 255 172 0
-85.350099 -50.937608 -2.865984 0 183 255
-44.358358 -2.294892 -5.067464 0 21 255
-35.244501 60.941544 5.819167 198 0 0
-100.692184 -26.324355 1.549309 253 255 1
101.988571 -71.227248 5.951075 188 0 0
-58.084350 32.401627 -0.394780 110 255 144
9.607730 41.030925 -1.182802 52 255 202
-104.128141 -16.749096 4.207285 255 61 0
12.487235 28.598940 0.651842 187 255 67
35.043685 61.375527 -6.146621 0 0 197
-100.861049 -89.512517 -2.074826 0 241 255
114.148184 26.916596 -1.467827 31 255 223
-80.846105 22.169581 1.630558 255 250 0
-56.903144 -8.334615 -3.225095 0 157 255
56.761029 -54.060094 -2.943517 0 178 255
-39.180672 -28.914768 -0.800007 80 255 174
90.409783 -16.501921 -2.941747 0 178 255
-62.829189 56.895038 1.539466 252 255 2
-44.647337 43.377421 3.171882 255 137 0
46.153667 1.740428 5.307133 235 0 0
86.404145 -35.507500 0.457804 173 255 81
92.116106 66.948143 5.063051 253 0 0
-50.856570 -82.927258 2.761147 255 167 0
7.433433 -24.997494 0.750896 194 255 60
-21.386767 -29.761762 -0.649768 91 255 163
42.253022 -2.814211 5.398115 228 0 0
-65.419730 -81.923252 0.212826 155 255 99
81.379097 -13.417069 -2.737934 0 193 255
51.190045 -64.137478 -5.180846 0 13 255
-78.024954 -79.159781 -1.371407 38 255 216
-44.631843 88.717035 1.483444 248 255 6
-39.324177 60.066947 5.805706 198 0 0
103.203731 -29.549344 0.308110 162 255 92
-10.536446 27.238424 -0.556223 98 255 156
27.905403 -47.084580 -3.766238 0 117 255
103.369103 69.642325 5.183356 244 0 0
-24.808932 24.824121 -1.876895 1 255 253
107.075437 -11.094610 -5.302802 0 4 255
-49.892558 -38.112279 1.586605 255 254 0
-116.942443 -10.711168 4.010593 255 75 0
-95.368351 44.890438 -3.667185 0 124 255
46.155743 50.189697 -4.485880 0 64 255
-28.480778 -80.133154 3.806852 255 90 0
80.047287 84.863852 0.750951 194 255 60
7.912578 4.005651 2.097081 255 216 0
44.557125 72.632537 -4.641103 0 53 255
-35.384690 -79.837807 3.986598 255 77 0
20.945690 64.792219 -4.430170 0 68 255
47.536621 16.252339 3.496086 255 113 0
-29.573187 -72.965617 5.156045 246 0 0
-2.213508 -89.802581 0.203858 154 255 100
82.467154 -47.050157 2.585606 255 180 0
103.015222 74.691110 5.114614 249 0 0
-35.920255 28.282462 -0.927246 71 255 183
-103.909792 -31.105891 0.329958 163 255 91
82.118012 -35.381738 0.342953 164 255 90
-12.657453 39.473363 1.547242 253 255 1
112.630355 -18.268184 -3.857643 0 110 255
63.075457 -74.173764 -1.054576 61 255 193
-31.663772 25.068725 -2.068748 0 242 255
84.071739 1.548296 -3.667270 0 124 255
11.471925 67.317453 -2.978547 0 175 255
51.216420 -72.409205 -3.781620 0 116 255
92.386632 29.068067 -1.267801 46 255 208
19.242381 49.179837 -3.712204 0 121 255
107.369275 0.786483 -5.733854 0 0 228
-24.394073 53.940670 4.939074 255 7 0
-29.097387 69.615174 5.052523 254 0 0
33.651100 42.407178 -2.702628 0 195 255
-22.810017 -54.534492 5.344740 232 0 0
49.788487 -67.702449 -4.873425 0 36 255
7.497697 8.425193 1.657667 255 248 0
58.174214 86.711560 -1.536065 26 255 228
78.189101 82.129429 1.030918 215 255 39
16.188102 -7.639459 3.625815 255 104 0
99.457983 21.951006 -1.930425 0 252 255
67.468935 -33.892016 -0.546056 99 255 155
85.693864 24.671334 -0.660342 90 255 164
-115.323591 -86.697748 -1.982175 0 248 255
-116.294810 71.477329 -4.862354 0 37 255
32.308158 73.388576 -5.324056 0 3 255
-40.093066 33.150544 0.710864 191 255 63
89.508805 -64.498977 4.493056 255 40 0
-25.976762 -39.460894 2.080479 255 217 0
58.532281 65.802368 -2.954451 0 177 255
-60.948654 -35.364145 0.464068 173 255 81
31.077403 52.551670 -5.061783 0 22 255
96.148140 64.614601 5.427821 226 0 0
86.903281 38.029205 1.069942 217 255 37
-32.053480 -35.954916 1.553599 253 255 1
-4.366986 21.898023 -0.498424 102 255 152
8.498346 64.335132 -2.228826 0 230 255
-37.312589 39.310744 1.604892 255 252 0
-3.852344 57.450851 0.961815 210 255 44
111.492907 67.424421 5.295894 236 0 0
91.155640 5.639891 -5.096500 0 19 255
-44.510489 31.269769 -0.218388 123 255 131
44.141981 11.926102 4.204762 255 61 0
107.626436 86.742205 1.485477 248 255 6
-33.090640 -73.162730 4.759900 255 20 0
83.637579 -85.207444 1.825246 255 236 0
71.365623 53.389409 0.287109 160 255 94
92.819224 49.289034 3.706644 255 98 0
-99.752760 20.551312 2.994120 255 150 0
101.509211 -87.945333 1.130779 222 255 32
115.448539 -35.031831 1.440546 245 255 9
-62.075931 61.730965 2.408330 255 193 0
31.936220 -62.882814 -6.009206 0 0 207
-98.374990 -85.459452 -2.346972 0 221 255
24.560273 86.202543 -2.346336 0 221 255
50.050784 8.011855 4.107046 255 68 0
58.944517 -68.898489 -2.800493 0 188 255
85.646621 -23.483072 -1.719227 13 255 241
-49.576592 62.968291 4.904281 255 10 0
-92.173248 62.334062 -5.486024 0 0 246
76.072641 -43.599480 1.123763 221 255 33
-113.830530 48.677863 -4.534707 0 61 255
-64.052188 -28.939547 -0.159569 127 255 127
-63.146074 -56.629546 2.106917 255 215 0
66.034277 13.413971 1.387215 241 255 13
-13.898353 -22.514296 -2.035667 0 244 255
81.067802 49.658174 2.508458 255 186 0
40.296711 70.260753 -4.936914 0 31 255
82.294839 85.366920 1.367055 239 255 15
68.663875 45.702424 0.261843 158 255 96
91.216139 -25.659155 -1.691839 15 255 239
-53.730396 -27.638160 -0.753450 83 255 171
-34.689828 -56.133249 6.440897 152 0 0
30.821558 -5.859756 5.897801 192 0 0
19.897594 43.874846 -2.415950 0 216 255
66.662544 -81.381549 -0.573828 97 255 157
74.063337 -69.581362 0.996752 212 255 42
-46.807371 34.660908 1.139256 223 255 31
-90.966117 -43.944455 -2.846045 0 185 255
57.915710 9.000496 3.327274 255 126 0
44.924187 4.848852 4.969700 255 5 0
-53.544360 -59.808272 3.648729 255 102 0
-106.332080 68.440729 -5.604663 0 0 237
-114.449138 -6.403563 4.641311 255 29 0
-60.420582 -83.555955 1.459089 246 255 8
-54.355129 67.972740 4.206484 255 61 0
-70.233385 41.471542 0.570566 181 255 73
-107.865758 -60.286749 -6.319560 0 0 184
-79.109818 53.768674 -2.330512 0 223 255
-36.017469 -68.685049 6.018071 183 0 0
-97.856949 -2.870239 5.500017 221 0 0
-70.422011 30.310333 0.161588 151 255 103
-14.862557 88.688842 0.442357 171 255 83
83.538899 81.238121 2.062992 255 219 0
89.169569 69.346242 4.554238 255 35 0
-22.787572 77.406517 3.594310 255 106 0
-89.779722 -69.018525 -4.313893 0 77 255
-55.392614 -81.169677 2.231507 255 206 0
41.953729 -69.945444 -5.454493 0 0 248
-22.240645 32.714702 -0.010301 138 255 116
16.877633 -82.128003 -2.426723 0 216 255
56.837031 -53.783274 -2.863633 0 183 255
38.111949 -81.006384 -3.738761 0 119 255
86.269347 22.983811 -1.432995 34 255 220
-99.442893 31.620038 0.103607 146 255 108
-48.744705 -48.454900 3.264520 255 130 0
-111.818067 -45.077105 -3.584605 0 130 255
5.070818 85.594235 -0.209699 123 255 131
27.529297 -12.123515 4.867373 255 12 0
-59.049689 -41.527841 1.245422 230 255 24
-106.681896 31.297338 -0.433152 107 255 147
-8.676487 39.521847 0.939472 208 255 46
-79.751810 3.980752 2.613450 255 178 0
-73.310841 -74.170938 -0.398841 110 255 144
-28.481789 -43.222816 3.169978 255 137 0
106.816364 54.101336 5.417947 227 0 0
-33.591578 -39.975583 2.604009 255 179 0
50.218165 -61.189406 -4.145122 0 89 255
-30.607622 -39.754422 2.717773 255 170 0
-22.737982 44.803999 3.843758 255 88 0
-86.374263 73.780788 -3.647763 0 126 255
-75.697683 67.410342 -1.171331 53 255 201
64.952851 70.070865 -1.135600 55 255 199
-16.979130 71.111508 4.324519 255 52 0
-51.532196 84.357420 1.923288 255 229 0
116.894487 62.775139 5.378558 230 0 0
90.757875 22.781123 -1.794191 7 255 247
-56.561659 -36.074573 0.474636 174 255 80
-15.776602 89.634231 0.898727 205 255 49
16.063559 -50.526273 -3.313007 0 150 255
-80.123375 -32.603806 -0.322329 115 255 139
-17.455530 47.711994 2.847498 255 161 0
-51.833115 -10.876391 -4.199073 0 85 255
74.474992 -82.443904 0.832374 200 255 54
-97.307898 8.868228 5.147981 247 0 0
117.941980 68.128049 4.844791 255 14 0
-63.466309 4.268558 -1.693203 14 255 240
-40.523479 48.076820 4.410449 255 46 0
-101.853115 -54.215510 -5.635105 0 0 235
99.084476 50.785583 4.463149 255 42 0
78.746020 -30.686585 0.048842 142 255 112
-103.770620 -25.753578 1.792139 255 238 0
6.762146 43.144175 -0.815610 79 255 175
-26.262390 10.849956 -4.616406 0 55 255
25.456260 -12.179461 4.064000 255 71 0
-39.381973 -26.019797 -1.967556 0 249 255
109.503120 -34.001037 0.507195 176 255 78
-67.680302 68.073728 1.186687 226 255 28
76.848206 14.158905 -1.215595 50 255 204
-55.762083 48.658567 2.309469 255 200 0
35.871141 81.890959 -3.133216 0 164 255
-17.329267 -8.337178 -3.601116 0 129 255
6.209903 38.806355 -0.757096 83 255 171
5.285662 -77.000197 -0.838394 77 255 177
30.234640 -0.563270 5.924703 190 0 0
-103.680263 32.305375 -0.263762 119 255 135
-105.733013 46.488445 -4.002923 0 100 255
113.011597 21.350080 -2.287674 0 226 255
-59.266041 -4.538026 -2.439438 0 215 255
-34.374013 77.573845 3.846070 255 88 0
-62.465762 -58.041272 1.684090 255 246 0
34.957655 33.955957 -0.289042 118 255 136
116.138330 -19.563878 -2.161665 0 235 255
-23.348639 -87.528155 1.342031 237 255 17
-42.880315 89.391843 1.748771 255 242 0
-36.121410 48.943450 4.098318 255 69 0
-113.495193 62.830973 -5.106921 0 19 255
-98.435320 -69.995884 -5.475803 0 0 246
-108.468485 58.007084 -5.344262 0 1 255
-42.261232 -9.874588 -4.785459 0 42 255
116.249458 -39.242766 1.719248 255 244 0
-86.100187 10.087525 3.183109 255 136 0
11.736440 62.950518 -3.447297 0 141 255
-70.279775 79.688882 -0.706549 87 255 167
-111.172389 1.157401 4.625352 255 30 0
80.881445 45.603596 1.501384 249 255 5
-89.459784 60.013322 -4.563770 0 58 255
-87.568306 26.031624 1.019518 214 255 40
76.130848 87.712732 0.717428 192 255 62
-61.501967 -7.410134 -2.201259 0 232 255
-72.261361 -71.666347 -0.373542 111 255 143
106.365391 -9.708250 -5.140306 0 16 255
-73.360181 4.578109 0.785288 197 255 57
79.596187 46.555270 1.339835 237 255 17
-46.376767 59.583925 4.488594 255 40 0
15.758800 -81.975506 -2.019619 0 245 255
-45.358649 -47.262474 3.795048 255 91 0
-38.588685 -61.955208 5.274206 238 0 0
103.748194 73.511755 4.883745 255 11 0
97.859329 -71.743557 5.027993 255 1 0
-78.039767 66.251062 -1.595794 22 255 232
53.863303 -55.440424 -3.317206 0 150 255
-86.505727 66.114220 -4.111163 0 92 255
-48.158138 1.410112 -4.715794 0 47 255
-103.002643 54.359332 -5.973912 0 0 210
35.492512 81.449567 -3.741052 0 119 255
54.355699 87.707461 -1.377622 38 255 216
59.116788 -75.274264 -2.727930 0 193 255
65.850875 68.876120 -0.591172 95 255 159
-25.252722 44.105743 3.094328 255 143 0
-77.473138 -26.167982 0.975535 211 255 43
-118.966451 -52.545174 -4.741548 0 45 255
-14.343506 27.002849 -0.466153 105 255 149
103.989635 35.478453 1.488629 248 255 6
-12.299360 -65.457548 2.760799 255 167 0
27.798074 41.202190 -2.569188 0 205 255
100.017678 9.458954 -5.131043 0 17 255
87.006184 32.776882 0.518307 177 255 77
57.549234 59.569294 -3.249077 0 155 255
22.161173 -6.859449 4.433998 255 44 0
-64.363646 76.476187 0.776038 196 255 58
59.686445 13.104034 2.154257 255 212 0
-19.769436 -41.404249 2.021279 255 222 0
49.506623 -23.386402 1.850658 255 234 0
-66.385329 -36.740583 -0.591874 95 255 159
105.766520 79.591021 3.914744 255 82 0
-80.628321 28.048421 -0.144753 128 255 126
69.782707 7.253891 0.059826 143 255 111
93.684877 74.819319 4.816885 255 16 0
-83.512164 18.919540 2.143034 255 213 0
87.610206 1.638250 -4.393002 0 71 255
34.647677 -9.617465 5.631848 211 0 0
24.852985 66.170058 -6.033587 0 0 205
-59.033746 3.128867 -2.947342 0 177 255
-41.189565 -23.612244 -1.826040 5 255 249
-63.576324 -53.711368 1.315309 236 255 18
-14.066446 -37.102651 0.343274 164 255 90
35.491280 49.981296 -5.156618 0 15 255
54.892651 -52.631478 -3.084695 0 167 255
49.376176 63.310440 -4.584417 0 57 255
-36.763888 55.565877 5.647893 210 0 0
-39.326098 -46.616690 4.381891 255 48 0
63.234080 -69.377537 -1.612555 20 255 234
113.727604 62.181350 5.597795 214 0 0
-66.811314 14.980517 -0.236176 122 255 132
-20.927109 62.241251 4.220883 255 60 0
-53.723717 79.481122 3.636606 255 103 0
113.910653 -57.352026 5.431437 226 0 0
-116.053753 27.339868 1.852602 255 234 0
94.170935 -44.284171 3.276300 255 129 0
64.191895 -0.715244 1.965686 255 226 0
-40.354395 -68.241600 5.811185 198 0 0
43.309090 53.812994 -4.853416 0 37 255
-31.284016 -19.872754 -3.177461 0 160 255
32.841172 -63.745694 -6.018085 0 0 207
-17.915509 -68.416424 4.694425 255 25 0
99.605416 -14.950449 -3.969718 0 102 255
-10.173189 -34.903248 1.060110 217 255 37
74.954572 36.713218 -0.131226 129 255 125
18.303146 -58.737394 -4.942336 0 31 255
-30.613224 -34.812000 1.187670 226 255 28
112.016679 76.774130 4.944445 255 7 0
-73.107526 -27.466607 -0.207737 124 255 130
97.960914 -67.067224 5.242704 240 0 0
115.511189 -55.827526 4.684507 255 26 0
83.779758 72.413553 3.095375 255 143 0
26.496747 -61.032993 -5.170887 0 14 255
29.385021 -52.372166 -5.058079 0 22 255
102.823548 14.435220 -4.372804 0 73 255
-16.052585 -24.148807 -1.957501 0 250 255
77.848130 -81.817483 0.586340 182 255 72
65.910025 -15.190208 0.870507 203 255 51
86.084405 -51.419432 3.497942 255 113 0
-14.230910 -16.344296 -2.685768 0 196 255
36.609199 13.124273 4.830735 255 15 0
-97.856009 -1.224857 5.763794 202 0 0
-102.699098 -67.663199 -5.569476 0 0 240
-94.207299 31.047415 -0.094403 132 255 122
56.488200 -52.336240 -2.920101 0 179 255
-34.771747 55.509538 6.224572 168 0 0
98.007602 0.028920 -6.009477 0 0 207
-100.987593 -82.919928 -3.307113 0 151 255
-78.623069 88.843821 -0.803831 80 255 174
80.709707 -45.881605 2.144437 255 213 0
-19.571362 -88.911864 0.910702 206 255 48
-67.114124 62.604752 0.267644 159 255 95
67.434950 -13.058926 0.250752 157 255 97
-63.735655 -23.158680 -1.147621 55 255 199
113.629009 46.785073 3.939191 255 81 0
-54.017116 89.900280 1.500361 249 255 5
86.049904 -64.717748 4.220711 255 60 0
-4.896598 53.152038 1.359931 239 255 15
104.474126 86.823654 2.341708 255 198 0
-48.897318 78.315990 3.356608 255 123 0
102.027609 -34.963913 0.511653 176 255 78
-47.343974 -80.937336 2.783503 255 166 0
-12.438908 1.237279 -2.860536 0 184 255
31.820120 21.554991 2.318674 255 200 0
13.080030 -47.503126 -1.795823 7 255 247
41.000685 17.300386 3.356400 255 123 0
47.037015 -84.279234 -2.592893 0 203 255
-55.725980 64.509644 3.240191 255 132 0
-117.899001 -26.138544 0.879627 204 255 50
53.637076 -81.010951 -2.612798 0 202 255
24.064269 -41.459557 -2.622412 0 201 255
15.213400 70.439170 -3.614563 0 128 255
-1.029315 -55.440686 0.405869 169 255 85
102.821085 -43.818144 3.524754 255 111 0
-48.717555 -29.058847 -0.113458 131 255 123
98.884055 -11.726041 -4.966888 0 29 255
-79.696540 -56.353184 -2.761294 0 191 255
46.681331 -49.151117 -4.247886 0 82 255
105.963005 52.958860 5.237342 240 0 0
-82.989031 18.053358 2.483521 255 188 0
64.833319 -51.506262 -1.063468 61 255 193
-54.467415 86.363982 1.335584 237 255 17
-105.832252 -28.568640 0.917277 206 255 48
-16.509395 8.480161 -4.115486 0 91 255
47.753731 24.867252 1.473558 247 255 7
-51.972814 86.355639 1.426049 244 255 10
108.062709 34.990021 0.694838 190 255 64
-119.455518 64.001649 -4.511172 0 62 255
-55.732605 -17.525494 -2.567012 0 205 255
-38.013870 -35.402147 0.953124 209 255 45
-30.987825 46.811408 3.717746 255 97 0
-48.076424 19.550110 -2.677737 0 197 255
-114.871562 -10.435022 4.290560 255 55 0
-69.610878 -71.460649 0.773738 196 255 58
-57.206272 -8.972301 -3.259900 0 154 255
41.397509 -76.303631 -4.188885 0 86 255
-29.444863 40.933733 2.855154 255 160 0
53.371550 -49.077218 -2.817388 0 187 255
-13.803025 4.973003 -3.324132 0 150 255
-38.228335 -4.655173 -6.122018 0 0 199
-81.845642 -88.890645 -0.057546 135 255 119
-65.197922 83.628767 0.703960 191 255 63
96.359058 -53.828529 4.648989 255 28 0
-10.764483 42.545360 1.929382 255 228 0
-44.754607 76.310757 4.221608 255 60 0
-67.597762 -4.537138 -0.819508 79 255 175
90.386886 -31.322773 0.209643 154 255 100
49.006444 -75.024126 -3.928964 0 105 255
46.674683 -36.134209 -0.990069 66 255 188
73.106026 -8.168282 -0.816370 79 255 175
-62.086773 -18.362208 -0.874910 75 255 179
55.446639 -50.726521 -2.813584 0 187 255
-102.857264 20.971122 2.863272 255 160 0
39.576427 50.003469 -4.687411 0 49 255
-42.666840 -19.149094 -2.865524 0 183 255
38.841428 -48.246768 -4.400096 0 71 255
-65.611262 -36.326231 0.039487 142 255 112
-35.159133 -54.427742 5.536548 218 0 0
40.856643 82.914514 -2.901376 0 181 255
105.479996 65.366024 6.123389 175 0 0
-38.230807 -75.918681 4.255325 255 57 0
-79.408192 -67.571138 -2.820271 0 187 255
-90.095618 57.827684 -4.689195 0 49 255
41.124389 -2.571965 6.012896 183 0 0
94.638830 -32.970446 0.498756 176 255 78
-115.928146 76.815017 -3.478419 0 138 255
-37.221646 -16.916349 -3.404325 0 144 255
-79.453976 -12.987138 2.293970 255 202 0
109.110793 66.220731 5.870921 194 0 0
-88.250619 42.917420 -2.452232 0 214 255
-103.534662 6.980446 5.340471 233 0 0
64.327042 -85.793444 -0.523456 100 255 154
119.752190 1.842423 -5.037269 0 24 255
65.712850 58.977236 -0.767798 82 255 172
-92.494543 5.131353 4.374775 255 49 0
-22.111530 -59.911923 5.398799 228 0 0
4.806278 21.423942 0.557490 180 255 74
95.696711 49.490218 4.085639 255 70 0
60.801078 3.150236 2.392058 255 194 0
-105.594463 -0.896798 6.043001 181 0 0
-11.270512 52.395788 2.552886 255 183 0
66.874461 -29.633050 -0.367087 112 255 142
10.358525 -37.973159 -1.834639 4 255 250
40.023870 -17.121748 4.167176 255 64 0
112.177763 -27.444730 -1.101424 58 255 196
114.874954 29.850756 -0.164450 127 255 127
80.853889 46.623671 1.145074 223 255 31
17.262086 2.405735 4.050186 255 73 0
-46.180694 76.684316 3.703388 255 98 0
-81.674650 65.442484 -2.978752 0 175 255
-79.803859 63.746903 -2.258512 0 228 255
33.719429 41.829958 -3.379899 0 145 255
65.498671 80.696581 -0.553972 98 255 156
86.086693 -38.019474 1.482972 248 255 6
99.370380 34.713364 0.239351 156 255 98
-50.913285 -17.824652 -2.865269 0 183 255
-39.726316 -12.174794 -4.804716 0 41 255
-72.905132 84.955928 -0.471562 104 255 150
10.541541 5.349110 2.817676 255 163 0
107.192322 15.265051 -3.876514 0 109 255
61.822412 -69.416445 -1.738712 11 255 243
-15.166382 51.516612 3.608377 255 105 0
-81.830150 -39.599154 -0.912199 72 255 182
82.271200 -11.005951 -2.752024 0 192 255
95.093452 -45.549146 3.325826 255 126 0
64.336445 28.008451 -0.165521 127 255 127
-49.885551 -49.076150 2.963105 255 152 0
-26.340741 12.826672 -4.661245 0 51 255
20.055832 -13.218146 3.826819 255 89 0
100.290886 14.389754 -4.471278 0 65 255
-61.727784 68.095013 2.040178 255 220 0
-19.268611 -3.162095 -4.226551 0 83 255
-105.558943 18.967897 3.816699 255 90 0
-119.253665 15.913302 3.253221 255 131 0
-61.592244 -54.741941 1.956540 255 226 0
74.162574 60.689227 0.645406 186 255 68
42.085670 3.099292 6.003676 184 0 0
-5.579118 61.524257 1.426705 244 255 10
-21.697084 -80.234529 2.292613 255 202 0
-56.420781 1.771816 -3.384974 0 145 255
63.857369 -33.628625 -0.243308 121 255 133
-2.945925 -75.421553 0.894797 205 255 49
-103.193754 81.979757 -3.442975 0 141 255
30.523330 30.754532 0.361563 165 255 89
118.355682 68.976466 4.484005 255 41 0
-102.525356 16.992262 4.237070 255 59 0
119.301016 -28.440225 -1.093438 59 255 195
-96.119559 -2.542816 5.461021 224 0 0
-46.149730 -70.223458 4.964330 255 5 0
114.353794 21.333737 -2.741672 0 192 255
113.306902 30.593289 0.076041 144 255 110
-75.687245 8.789542 1.554012 253 255 1
52.876341 46.010022 -2.674946 0 197 255
27.035800 -35.643231 -1.111913 57 255 197
-24.472058 71.824600 4.985514 255 4 0
68.081565 31.156857 0.211461 154 255 100
32.308235 -47.614555 -4.640321 0 53 255
-65.973219 31.524458 -0.001999 139 255 115
-2.358031 35.287528 0.031210 141 255 113
50.282337 73.870666 -4.045369 0 97 255
29.167905 -3.337584 5.748637 203 0 0
10.312945 -47.732181 -1.950409 0 251 255
57.010392 -65.061010 -3.694819 0 122 255
-87.657681 -30.022724 0.215451 155 255 99
-109.698271 -13.518999 4.910056 255 9 0
-112.118245 44.426598 -3.209520 0 158 255
28.931269 -78.972622 -4.646343 0 52 255
-15.730793 -70.084041 3.444272 255 117 0
80.594596 43.796485 1.751942 255 241 0
113.161642 -54.027283 4.583907 255 33 0
-93.120858 -85.600348 -2.124423 0 238 255
-29.070150 -74.073346 5.431076 226 0 0
-19.319048 27.081914 -0.832005 78 255 176
11.151492 16.078689 1.682963 255 246 0
98.278510 77.767075 4.340334 255 51 0
23.994717 -64.057304 -5.893201 0 0 216
-46.841678 29.509914 -0.528697 100 255 154
39.117579 -77.623929 -5.045744 0 23 255
-41.021970 56.728816 5.317279 234 0 0
13.251650 1.466875 2.697002 255 172 0
-96.324259 -80.486673 -3.795260 0 115 255
15.356835 -89.377008 -1.072633 60 255 194
-5.143919 81.001475 1.194943 227 255 27
34.908273 -4.231026 5.994329 185 0 0
16.002362 75.224676 -2.597222 0 203 255
17.461311 -66.036459 -3.746007 0 119 255
56.943040 -4.530801 3.224162 255 133 0
-87.972197 34.931925 -0.538880 99 255 155
60.382580 -79.172634 -2.030418 0 245 255
29.707094 10.978299 4.984245 255 4 0
45.266087 83.397686 -2.936651 0 178 255
-24.102571 -44.560043 2.895108 255 157 0
-99.560214 -43.933885 -3.078816 0 168 255
101.293663 -44.560351 3.395428 255 121 0
78.464143 4.449863 -2.101586 0 239 255
114.260130 -29.947462 -0.510536 101 255 153
-9.517234 16.399152 -1.379560 37 255 217
92.343435 84.307465 2.581157 255 180 0
89.164728 -74.457811 3.294444 255 128 0
11.978040 79.369301 -1.968010 0 249 255
96.123475 50.298678 5.422949 227 0 0
75.518053 23.406289 -0.343883 114 255 140
-95.357412 -23.640064 2.461957 255 189 0
-87.889912 47.650625 -2.962302 0 176 255
-22.227003 -64.641554 5.578171 215 0 0
7.892865 -86.295726 -0.997465 66 255 188
36.634171 13.296496 4.486095 255 40 0
15.443093 -51.897460 -3.428324 0 142 255
90.253421 -40.836716 1.693376 255 246 0
72.171652 -34.958546 -0.225560 122 255 132
-95.401901 -29.451417 0.936815 208 255 46
-38.585528 12.426600 -5.039727 0 24 255
93.093729 66.087832 4.886832 255 11 0
61.231690 72.541886 -1.554094 25 255 229
-116.226254 3.710256 5.316324 234 0 0
30.421261 -62.614438 -6.046261 0 0 205
-89.682377 -26.914499 0.814044 199 255 55
0.810341 84.011150 -0.178404 126 255 128
118.596740 -67.789839 4.751175 255 21 0
-101.948323 54.471748 -5.071663 0 21 255
77.655664 13.400457 -1.490400 29 255 225
-3.912705 48.860362 0.498482 175 255 79
114.910089 53.895988 4.794326 255 18 0
86.293732 11.314749 -3.886002 0 108 255
-104.426399 57.633218 -5.986074 0 0 209
34.394872 55.415010 -5.012700 0 26 255
86.471181 60.800557 3.612242 255 105 0
-52.982093 68.182092 3.809445 255 90 0
49.141737 -63.292970 -4.517576 0 62 255
-58.968306 -3.216276 -2.698860 0 196 255
-70.733770 88.258660 -0.166714 127 255 127
-40.268301 -38.620820 1.799055 255 238 0
-49.664995 -30.613890 -0.473835 104 255 150
110.978929 62.717134 6.011463 183 0 0
-63.599001 49.021632 1.240398 230 255 24
-18.108258 54.014741 4.063864 255 71 0
-3.402076 62.828781 1.146298 223 255 31
45.882182 89.494294 -1.743229 11 255 243
112.793505 -61.636496 5.002450 255 3 0
27.343433 5.790951 5.569385 216 0 0
86.546711 -16.244462 -2.490128 0 211 255
-88.457638 -17.905666 2.793465 255 165 0
38.734134 62.607359 -5.634487 0 0 235
-78.618133 88.396196 -1.193250 51 255 203
89.109718 35.667559 0.855854 202 255 52
22.933049 -85.745989 -2.303155 0 225 255
-87.312673 -15.200824 2.898824 255 157 0
84.026271 80.803042 2.398843 255 194 0
5.999134 4.063566 0.652541 187 255 67
-3.455850 -49.862478 0.565376 180 255 74
-100.518506 -67.582133 -5.375544 0 0 254
97.664351 -54.768645 5.117676 249 0 0
3.332103 -74.177682 -1.146072 55 255 199
87.497798 57.410380 4.234040 255 59 0
-101.939872 31.136412 -0.381496 111 255 143
43.123525 23.686819 2.397713 255 194 0
-29.886607 49.514952 4.335159 255 52 0
8.781287 -6.752118 2.643822 255 176 0
29.834075 51.330331 -4.791521 0 42 255
78.187975 54.563816 1.596170 255 253 0
101.583546 32.327760 0.215536 155 255 99
-79.984662 -56.504931 -2.570593 0 205 255
86.300040 83.413531 2.283195 255 202 0
-91.965439 -0.879706 4.543380 255 36 0
-117.405711 40.915099 -2.015269 0 246 255
-47.704602 -41.704521 2.140092 255 213 0
-51.676971 -69.864858 3.462856 255 116 0
65.067724 -80.247389 -0.901689 73 255 181
14.484468 -79.197568 -2.764333 0 191 255
-26.837048 85.660131 2.345781 255 198 0
69.757508 -74.507844 0.513238 177 255 77
104.592490 -64.449657 5.926278 190 0 0
33.911054 73.141369 -4.644059 0 53 255
36.732840 -88.429123 -1.018825 64 255 190
86.799242 59.169250 4.767794 255 20 0
-49.737218 50.003668 3.849978 255 87 0
119.010808 74.233841 4.503194 255 39 0
-77.710591 25.845616 1.031504 215 255 39
-109.129571 -44.274319 -3.083053 0 167 255
77.554171 88.543332 0.573896 181 255 73
-78.149815 49.608405 -1.278901 45 255 209
-39.482407 -42.272647 3.381384 255 122 0
3.140964 -40.604352 -0.271856 119 255 135
-93.321828 47.926844 -4.150005 0 89 255
-18.293289 9.249694 -3.715902 0 121 255
-35.071399 70.625740 5.707351 206 0 0
-99.426771 -25.472571 1.224449 229 255 25
24.716320 -54.709628 -5.337019 0 2 255
-11.749588 43.931471 2.197588 255 209 0
-81.669658 -78.750517 -2.214441 0 231 255
69.126569 -34.945346 0.243960 157 255 97
-21.586539 -14.880333 -3.749756 0 118 255
-113.820907 10.891026 4.259292 255 57 0
91.053369 3.072146 -5.079920 0 21 255
-21.796231 70.005366 3.870567 255 86 0
-97.947641 59.187747 -5.448751 0 0 248
-50.666631 -60.318828 4.020807 255 75 0
-58.791047 -64.165206 3.586354 255 107 0
-109.457543 28.743942 0.493068 175 255 79
-40.581544 -22.471982 -2.448310 0 214 255
-79.518152 86.563891 -1.312053 42 255 212
-68.736018 -36.042889 -0.454350 105 255 149
41.818985 -54.117682 -5.202041 0 12 255
-81.996212 -27.974669 0.284196 160 255 94
-114.845955 36.745271 -0.608955 94 255 160
-77.149356 12.248828 1.496530 249 255 5
-49.089869 -45.229960 2.237090 255 206 0
-80.392442 73.650548 -2.357287 0 221 255
23.342899 78.264641 -4.045003 0 97 255
91.101886 55.800115 4.430822 255 45 0
79.342676 -36.338200 0.325149 163 255 91
-7.079678 -79.535356 0.920098 206 255 48
68.534909 26.186358 -0.498168 102 255 152
69.717096 29.137583 0.076185 144 255 110
32.327386 71.312941 -5.434228 0 0 250
72.642511 -85.556142 0.291077 160 255 94
-29.127238 -47.653851 4.079514 255 70 0
59.498526 78.255378 -1.372993 38 255 216
5.448641 89.313425 -0.608797 94 255 160
57.276537 -28.203336 0.333847 163 255 91
57.394237 66.384588 -2.564873 0 205 255
-104.165020 57.827444 -5.707461 0 0 229
80.078519 -69.867926 2.313110 255 200 0
-111.337582 48.241790 -4.567240 0 58 255
-17.423251 -17.148684 -2.946624 0 177 255
21.845511 -31.582277 -0.149828 128 255 126
77.624518 38.155927 0.644173 186 255 68
-106.188648 -12.542900 5.363160 231 0 0
41.172621 69.066862 -5.969998 0 0 210
-37.203431 -39.348189 2.342769 255 198 0
-110.164796 -46.253533 -3.703423 0 122 255
-40.236821 -76.040389 4.839155 255 15 0
33.741337 63.079998 -6.080576 0 0 202
-100.114444 -21.491757 2.529550 255 184 0
83.586234 -78.928914 2.539881 255 183 0
-109.686929 85.860785 -2.153267 0 236 255
-62.616704 -62.042599 1.864060 255 233 0
-40.891776 -50.376505 4.555568 255 35 0
-104.587956 31.694373 0.383052 167 255 87
102.118924 84.763126 2.633584 255 177 0
111.917028 83.805086 2.798848 255 164 0
97.185129 88.135782 2.181631 255 210 0
-72.276846 -28.361189 0.102681 146 255 108
79.960094 -26.561504 -0.633161 92 255 162
-38.938358 -79.127609 3.966029 255 79 0
-50.694633 48.741155 4.005873 255 76 0
45.598941 64.772208 -5.309854 0 4 255
-99.514390 -85.980224 -1.849018 3 255 251
-118.699123 -30.920878 0.397663 168 255 86
103.417219 70.356108 5.593767 214 0 0
-35.056485 -15.741742 -3.892001 0 108 255
70.788544 52.743273 0.030547 141 255 113
-17.812538 -14.821909 -2.498600 0 210 255
-97.745827 83.411998 -3.204410 0 158 255
-6.116446 -74.012095 1.506246 250 255 4
-78.973530 41.981677 -0.879472 74 255 180
-100.596627 79.226017 -3.908208 0 107 255
-115.450227 52.981434 -4.249483 0 82 255
-23.805007 62.974584 5.778511 200 0 0
-57.943010 -33.004381 -0.147929 128 255 126
-39.358486 8.829205 -5.422634 0 0 250
110.806399 0.560133 -5.584156 0 0 239
79.003039 -83.989885 1.246831 230 255 24
49.417594 52.613299 -4.226582 0 83 255
-61.427956 -78.232285 1.739603 255 242 0
59.972755 -49.342343 -2.287338 0 226 255
47.489590 -38.307442 -1.897080 0 254 255
6.711884 78.318459 -0.858145 76 255 178
-62.667231 74.125070 1.712194 255 244 0
-70.121114 -28.012900 0.513344 177 255 77
-19.325136 -23.438500 -2.538006 0 207 255
-53.635480 -57.632104 3.460520 255 116 0
92.347950 -39.905281 1.650200 255 249 0
-8.211359 -75.146286 1.862231 255 233 0
42.647237 74.687116 -4.117424 0 91 255
95.304615 -28.186206 -1.371732 38 255 216
29.058432 -53.470284 -5.208113 0 11 255
-81.412562 -73.512805 -2.105313 0 239 255
-43.351064 -63.722855 5.191450 244 0 0
101.427366 -83.787963 3.740451 255 95 0
-108.959104 -16.568505 3.572457 255 108 0
-66.797650 58.398012 0.489471 175 255 79
28.329057 75.651798 -5.227147 0 10 255
85.013625 -46.178862 2.728546 255 170 0
76.902328 -69.986586 1.166787 225 255 29
55.406106 -22.212849 1.626933 255 251 0
48.533074 -86.260633 -1.900888 0 254 255
-30.337378 56.233717 5.340647 233 0 0
-105.266591 -34.792422 -1.171882 53 255 201
32.580797 -35.126912 -1.248912 47 255 207
-102.579088 68.619727 -5.599764 0 0 237
71.610659 78.393987 0.079115 145 255 109
-88.527324 72.985640 -4.210015 0 84 255
-114.108293 1.442959 5.046759 254 0 0
119.812480 -29.640936 -0.059641 134 255 120
-79.833606 -75.319070 -1.646106 18 255 236
19.661409 82.009161 -2.488411 0 211 255
-105.228325 -83.519861 -3.624123 0 128 255
115.391834 58.325980 5.194819 243 0 0
-116.014446 63.799066 -5.061592 0 22 255
45.096046 56.111668 -4.748711 0 45 255
82.485919 62.724628 3.221773 255 133 0
-48.893022 -13.187520 -4.126646 0 91 255
-118.101589 65.597434 -4.169975 0 87 255
-111.107967 -25.050788 1.802376 255 238 0
-105.374823 79.686651 -4.264920 0 80 255
61.064801 -80.964319 -1.275351 45 255 209
6.834172 65.713780 -1.398486 36 255 218
95.161463 -22.096125 -2.575414 0 205 255
31.798790 13.615810 4.803109 255 17 0
22.576569 -83.565842 -2.518696 0 209 255
-71.562393 -87.765716 -0.224130 122 255 132
-66.327447 -71.753460 0.733310 193 255 61
114.855017 -49.268976 4.298205 255 54 0
108.557280 -35.664303 0.211077 154 255 100
-14.933462 25.372192 -1.158503 54 255 200
70.801414 -13.615764 -0.643583 92 255 162
52.831501 21.067270 1.665076 255 248 0
-53.353762 -40.881500 1.963667 255 226 0
-72.014558 -71.358529 -0.675343 89 255 165
59.709177 47.239448 -1.985080 0 248 255
111.038432 16.206424 -4.008643 0 99 255
116.071647 67.172231 4.424781 255 45 0
-34.272728 75.100238 4.324979 255 52 0
-104.269540 -6.896256 6.140473 174 0 0
-43.398836 -54.636936 4.739766 255 22 0
-103.217186 -58.930116 -6.026039 0 0 206
117.046836 -9.194362 -4.401936 0 70 255
-46.284026 -37.269205 1.394173 241 255 13
83.408273 38.061241 1.074259 218 255 36
-60.855052 -6.028508 -2.942673 0 178 255
110.379195 14.245950 -4.826489 0 39 255
-2.608027 -27.735474 -0.060692 134 255 120
80.118248 49.960112 2.195229 255 209 0
23.831597 2.755017 5.578528 215 0 0
63.851967 63.153511 -1.360338 39 255 215
-102.511789 -4.977702 5.601500 214 0 0
-98.968419 62.764315 -5.777129 0 0 224
-34.256757 57.257684 5.524022 219 0 0
90.621543 -38.875435 1.969476 255 225 0
98.235948 -36.971580 1.309459 235 255 19
50.542147 88.035055 -1.248863 47 255 207
23.695695 -16.978923 3.604713 255 105 0
-108.211891 22.886676 2.925772 255 155 0
102.734379 73.649002 4.792890 255 18 0
38.380304 6.939366 5.560443 217 0 0
27.814977 -77.975920 -4.637169 0 53 255
82.085253 -16.331378 -1.825550 5 255 249
-63.260146 5.275495 -1.768895 9 255 245
28.782416 80.315633 -3.940040 0 104 255
43.892428 79.231317 -4.152045 0 89 255
61.486021 -40.756095 -1.270411 46 255 208
-97.261063 -69.753711 -5.450166 0 0 248
54.793252 -0.786003 3.627237 255 104 0
96.658309 -14.686586 -3.684363 0 123 255
30.811014 46.309248 -4.096050 0 93 255
-79.224982 -3.011249 2.430708 255 192 0
100.488115 -61.319727 5.161023 246 0 0
-95.492911 -18.179041 3.149702 255 139 0
-64.710814 -55.956282 1.966236 255 226 0
85.170620 52.045373 3.874017 255 85 0
21.304416 5.097350 3.962564 255 79 0
-39.445947 45.303950 4.311341 255 53 0
72.833273 -67.050214 0.706146 191 255 63
35.367050 89.964023 -1.742950 11 255 243
-91.647472 -10.383596 4.533243 255 37 0
-64.296310 22.508103 -0.374360 111 255 143
74.536758 51.990046 1.332152 237 255 17
74.667832 36.482223 0.476842 174 255 80
-102.168218 78.968370 -3.590370 0 130 255
5.169009 -62.841064 -1.421563 34 255 220
51.129549 45.223868 -2.648110 0 199 255
-41.894736 82.158360 4.130104 255 67 0
-104.930597 51.278507 -4.986652 0 27 255
-19.886252 56.331267 3.896425 255 84 0
104.361043 -67.392868 6.356015 158 0 0
55.265288 -45.187904 -2.273742 0 227 255
-68.789502 87.223969 -0.311849 116 255 138
82.735751 -30.056132 0.374668 166 255 88
40.220454 24.570264 2.340688 255 198 0
-50.361204 13.661408 -3.618495 0 128 255
-55.535007 87.947329 1.206653 228 255 26
-77.511115 -29.645599 -0.448766 106 255 148
-22.869071 -44.936597 3.264629 255 130 0
-33.580096 -0.667255 -6.758703 0 0 152
-51.518314 55.899945 3.697733 255 98 0
89.702748 -44.392351 3.369112 255 123 0
62.616255 -73.425045 -1.580895 23 255 231
-1.733520 -52.257412 -0.240196 121 255 133
111.052854 39.729293 2.082027 255 217 0
41.680459 -71.974284 -4.861046 0 37 255
108.459575 16.501489 -4.106840 0 92 255
77.944929 84.833706 0.992886 212 255 42
32.247181 70.291314 -5.630049 0 0 235
46.491295 -42.854883 -3.255283 0 155 255
65.979194 -87.808293 0.118582 148 255 106
61.735571 -84.748738 -1.603730 21 255 233
89.662487 52.544919 3.944366 255 80 0
-38.410566 55.659285 5.042859 255 0 0
-32.783816 -67.575244 5.709113 206 0 0
-60.734825 25.435655 -0.730796 85 255 169
101.254062 -53.595796 5.215848 242 0 0
96.907865 -32.735184 0.421417 170 255 84
-13.910909 8.254448 -2.985830 0 174 255
-23.714461 83.250140 2.037143 255 220 0
-88.193496 -79.818897 -2.921034 0 179 255
114.067027 38.840705 2.401469 255 194 0
41.254991 68.729933 -4.962542 0 29 255
111.257043 -6.406838 -5.146044 0 16 255
31.725918 74.094451 -5.510941 0 0 244
3.344482 -21.178757 0.170792 151 255 103
59.715780 -84.037360 -1.001559 65 255 189
92.874249 -14.977410 -3.391199 0 145 255
82.781675 -1.599896 -3.463605 0 139 255
-36.961400 18.985706 -3.598163 0 129 255
1.632155 -80.353401 -0.042694 136 255 118
106.749533 -81.979254 3.807003 255 90 0
1.509986 -66.755009 -0.575648 97 255 157
72.493700 -63.960214 0.345415 164 255 90
5.964262 -51.924043 -1.972203 0 249 255
79.803692 23.062970 -1.319873 42 255 212
-103.614928 -25.758629 1.095518 219 255 35
-119.703086 66.734486 -4.891661 0 34 255
-98.233354 67.622331 -5.203208 0 12 255
-15.372130 70.726242 3.657446 255 101 0
-31.807095 63.001732 5.743940 203 0 0
110.155877 89.565168 1.679770 255 247 0
119.278778 8.975558 -4.811864 0 40 255
-87.704511 -19.023247 2.662948 255 174 0
80.241788 -12.426094 -2.425364 0 216 255
2.200433 -70.451077 -0.423043 108 255 146
81.904805 -61.014745 3.484733 255 114 0
-31.403891 83.368538 2.646969 255 176 0
65.444252 37.450700 -0.149938 128 255 126
-118.903180 68.540605 -4.689337 0 49 255
-7.731814 69.300657 1.825602 255 236 0
-40.138613 59.727786 5.170010 245 0 0
-59.521395 -23.579033 -1.079529 60 255 194
-47.882535 -81.222620 2.971635 255 152 0
-19.409193 -11.585093 -3.848215 0 111 255
-0.973051 86.527174 0.005022 139 255 115
5.994074 -68.173225 -1.955018 0 250 255
56.293502 6.723173 3.725459 255 96 0
78.433049 -60.237144 2.155239 255 212 0
110.755248 56.746530 5.897431 192 0 0
40.593043 62.031551 -5.933628 0 0 213
-58.388537 -69.419144 2.478040 255 188 0
18.924328 23.835917 2.079958 255 217 0
-14.758911 88.519723 1.422954 243 255 11
-63.571489 -32.767633 -0.054280 135 255 119
-40.219790 -0.218894 -5.797923 0 0 223
-65.001321 -11.403718 -0.946893 69 255 185
9.314730 -21.043768 0.700749 190 255 64
-104.125847 0.209781 5.794984 199 0 0
10.374551 -54.281999 -3.195705 0 159 255
-21.162111 0.960468 -4.576634 0 58 255
-118.424753 -9.958881 3.600179 255 106 0
-53.810699 79.789842 2.520847 255 185 0
113.025317 -20.205078 -3.461879 0 139 255
19.092965 73.791500 -3.941346 0 104 255
-104.447886 37.378475 -1.876986 1 255 253
18.642667 75.641724 -3.785953 0 116 255
48.956177 80.775927 -2.877537 0 182 255
-87.660714 66.932159 -4.375549 0 72 255
-23.350861 -4.881091 -4.784316 0 42 255
-68.671900 32.074586 0.077251 145 255 109
10.215482 -59.082494 -3.032241 0 171 255
77.368643 81.394693 1.056457 217 255 37
-62.478000 63.149464 1.929919 255 228 0
-86.532936 -3.978953 4.268389 255 56 0
-86.611517 55.443087 -3.441432 0 141 255
27.449919 23.916790 1.973003 255 225 0
-103.354760 -78.863071 -4.088398 0 93 255
6.335536 -34.619278 -0.306401 116 255 138
74.400772 -79.839286 0.889896 204 255 50
63.949979 25.586956 0.068321 144 255 110
40.844264 63.685568 -6.031126 0 0 206
-117.372008 -63.238171 -4.803615 0 41 255
-16.377577 -69.048644 4.249480 255 58 0
-61.587945 -78.485647 1.608305 255 252 0
3.644649 2.532388 0.851307 201 255 53
-83.551843 85.303383 -1.364817 39 255 215
-87.543820 80.503495 -2.979124 0 175 255
108.323892 29.080026 -0.123008 130 255 124
91.346223 -30.363282 -0.759840 83 255 171
-96.552506 67.881533 -5.358665 0 0 255
78.657151 -86.283246 1.287682 233 255 21
-104.161172 -1.690121 5.825869 197 0 0
-38.655749 14.867179 -4.697496 0 49 255
118.546422 88.383692 1.201923 227 255 27
105.735246 -28.024849 -0.960941 68 255 186
-7.803930 86.931211 1.099975 220 255 34
48.474210 -20.363098 2.549481 255 183 0
-28.157219 81.715517 3.496254 255 113 0
83.689143 15.691763 -2.245136 0 229 255
-44.125458 -31.743273 0.175827 152 255 102
-70.489100 8.300425 0.358516 165 255 89
-85.330265 20.679162 2.135205 255 213 0
31.374231 -18.303755 3.824390 255 89 0
13.871954 -65.890484 -3.761368 0 117 255
96.661181 -85.591022 2.129322 255 214 0
-84.761942 5.113984 3.355501 255 124 0
73.088915 81.306459 1.173069 225 255 29
106.518832 -69.323280 5.589686 214 0 0
59.254398 -40.941817 -1.418980 35 255 219
-92.397630 9.804228 4.887972 255 11 0
-83.167934 -54.554863 -2.946135 0 177 255
-98.911569 -9.532066 5.010001 255 2 0
-39.879708 66.741631 6.108561 176 0 0
62.159169 -11.563916 1.373767 240 255 14
-85.224904 57.577716 -4.091763 0 93 255
-12.244044 77.742911 2.006400 255 223 0
-109.344389 72.272690 -4.782268 0 42 255
42.779656 -21.219340 2.729074 255 170 0
-96.325884 39.983393 -1.926200 0 252 255
70.336838 -23.692905 -0.456519 105 255 149
27.040561 49.896880 -5.124598 0 17 255
-74.266061 26.343806 0.376493 167 255 87
47.613893 32.302234 -0.344897 114 255 140
-36.196373 -42.558409 2.492771 255 187 0
5.689782 -32.678951 -0.034165 136 255 118
13.575166 75.379766 -2.099804 0 240 255
-54.810329 53.999739 3.458545 255 116 0
-19.902818 -29.048004 -1.041018 62 255 192
68.716064 38.216491 -0.355614 113 255 141
87.476812 -74.827596 3.248406 255 131 0
83.675032 -35.268311 -0.025186 137 255 117
16.368324 -15.257997 2.544322 255 183 0
89.386619 11.042429 -4.338818 0 75 255
-86.303902 33.146663 -0.529822 100 255 154
116.113012 -76.452883 3.869385 255 86 0
-109.186051 -11.676797 4.930095 255 8 0
95.809938 -52.525724 4.953414 255 6 0
70.002720 85.264673 0.149619 150 255 104
-26.371133 -81.288705 3.342671 255 124 0
69.694781 -32.582304 -0.329546 115 255 139
109.824194 -43.527357 3.347633 255 124 0
-80.618254 -66.844104 -2.693252 0 196 255
35.852449 -40.981145 -1.602786 21 255 233
-118.931588 -54.697945 -4.558157 0 59 255
39.444353 18.660641 3.592259 255 106 0
-105.242968 10.270989 5.448539 225 0 0
40.265070 30.615098 0.479800 174 255 80
-113.541441 89.287892 -2.073683 0 241 255
-23.191712 -21.421642 -2.575794 0 205 255
88.027250 62.138664 3.853555 255 87 0
-46.458385 33.902520 0.932294 207 255 47
112.608162 50.295591 4.012359 255 75 0
-6.880226 33.200372 -0.524773 100 255 154
-76.326075 -81.026028 -1.407635 35 255 219
104.695658 78.598691 4.850696 255 14 0
-82.697129 19.577944 2.148739 255 212 0
22.565364 84.667220 -2.015311 0 246 255
106.258070 77.791326 4.158571 255 65 0
105.756444 -81.265821 3.723443 255 97 0
13.352480 -41.718138 -2.018660 0 246 255
-69.083644 -5.305183 -0.279598 118 255 136
0.136035 62.579247 0.331185 163 255 91
-49.919080 -63.008035 5.037381 255 0 0
-44.560179 17.786701 -3.484459 0 138 255
-43.799150 -50.587224 4.202764 255 61 0
-71.570011 -18.400531 0.097904 146 255 108
-110.694304 -34.782972 -1.550785 25 255 229
60.173744 -67.618914 -3.054565 0 169 255
-116.908192 69.250197 -5.021898 0 25 255
17.565050 30.017169 0.425562 170 255 84
-31.877526 76.199850 5.056725 254 0 0
36.006400 -58.059594 -5.258309 0 7 255
19.339420 26.579351 1.056660 217 255 37
-5.030772 10.586340 -0.937704 70 255 184
66.572976 69.979492 -1.489035 29 255 225
17.282542 -56.023721 -3.789650 0 115 255
95.630172 -48.727789 5.027557 255 1 0
20.451905 -17.566463 3.274593 255 129 0
90.332529 88.546937 1.865598 255 233 0
87.381139 -52.274142 3.962676 255 79 0
49.618276 0.880208 5.021899 255 1 0
-40.972976 -39.710663 2.722826 255 170 0
-3.213286 -82.438938 0.068690 144 255 110
-101.038886 60.712716 -6.047989 0 0 204
54.051322 -11.311041 3.779090 255 92 0
35.080098 -24.293869 1.847799 255 234 0
76.407717 69.718995 2.083617 255 217 0
-99.742432 26.322921 1.212806 228 255 26
-89.156576 81.104586 -2.902763 0 181 255
35.071588 -60.172658 -6.221657 0 0 192
55.720046 49.202822 -2.429971 0 215 255
-102.305628 -65.165496 -5.813947 0 0 222
-112.625047 48.148850 -4.931157 0 31 255
-42.059192 -9.114769 -5.527071 0 0 243
-38.529575 70.959069 5.036133 255 0 0
-107.502769 -25.058412 2.031955 255 221 0
-96.584070 55.731367 -5.136167 0 16 255
-71.053528 -27.387887 -0.586336 96 255 158
-116.609038 -75.598807 -3.971431 0 102 255
-84.525020 20.458603 2.320373 255 200 0
-113.851652 -48.544761 -4.118368 0 91 255
-31.219313 47.843743 4.530855 255 37 0
59.676123 50.506800 -0.858697 76 255 178
38.740980 -22.250190 2.595884 255 179 0
25.068067 -58.137206 -5.419328 0 0 251
-7.725248 56.208468 2.108992 255 215 0
-75.002552 75.640243 -1.150813 54 255 200
-108.418971 78.795901 -4.535503 0 61 255
-75.474072 49.009056 -1.286686 44 255 210
107.318419 -53.588692 4.919668 255 9 0
75.347648 65.978288 2.043717 255 220 0
16.785999 -18.605597 2.038494 255 220 0
27.190732 -0.382125 6.257280 165 0 0
58.846902 -43.948147 -1.908955 0 254 255
77.261425 46.383013 0.845919 201 255 53
-62.038642 84.876984 0.815709 199 255 55
72.549322 -23.911057 0.294993 161 255 93
35.592443 -55.339232 -5.538300 0 0 242
-53.279365 -4.134346 -3.420867 0 142 255
-50.961649 -55.828325 4.518495 255 38 0
-78.871403 -63.821565 -2.264801 0 227 255
11.369166 -4.863433 2.623286 255 177 0
112.471448 -9.284312 -4.747612 0 45 255
69.540405 -87.826535 0.018666 140 255 114
-80.048091 82.460370 -1.667867 16 255 238
-91.245711 88.648699 -1.400792 36 255 218
-52.386623 58.194988 4.361886 255 50 0
-80.549616 -35.285936 -0.429165 107 255 147
-85.820818 24.674588 1.744414 255 242 0
55.636193 76.368644 -2.000893 0 247 255
-44.488201 54.178570 5.175478 245 0 0
15.725942 85.260992 -1.411026 35 255 219
-44.342212 42.801348 3.201858 255 135 0
116.300913 -31.755454 0.280463 159 255 95
22.112396 -39.773050 -2.084808 0 241 255
-86.494964 -47.623765 -3.183582 0 160 255
66.559049 85.099793 -0.548835 99 255 155
-50.466956 -18.821631 -3.026833 0 171 255
-10.783190 16.863682 -1.612770 20 255 234
-51.050853 47.118306 2.710894 255 171 0
-2.483327 -82.686814 0.326830 163 255 91
-46.227638 -40.491168 1.994804 255 224 0
-43.043847 71.827224 4.760668 255 20 0
-82.174630 -9.706870 3.044963 255 146 0
110.423264 -36.693507 1.574497 255 254 0
-70.227614 26.377749 0.357577 165 255 89
-52.146036 -51.531045 3.303951 255 127 0
-21.532077 46.401343 3.178310 255 137 0
-91.713727 28.601470 0.740052 193 255 61
-65.021375 70.541482 1.426747 244 255 10
-22.236658 -54.090921 4.768418 255 20 0
20.125989 -64.438170 -4.239354 0 82 255
8.721701 34.956199 -0.846997 77 255 177
-31.524606 10.468544 -5.198184 0 12 255
42.377405 75.799054 -4.749841 0 45 255
58.947165 78.578543 -1.402983 36 255 218
-56.345359 74.871195 2.279377 255 203 0
-62.491072 -83.632613 0.661052 187 255 67
30.093095 42.140013 -2.634885 0 200 255
-21.265323 53.486234 4.049604 255 73 0
79.259869 30.430574 -0.755917 83 255 171
-117.662074 -46.293296 -2.901088 0 181 255
9.980712 -16.439579 2.044478 255 220 0
-36.327734 -6.819718 -5.854458 0 0 219
-69.029404 -66.218627 -0.138980 129 255 125
88.305607 22.832588 -1.926951 0 252 255
-67.925790 -51.247646 0.148232 150 255 104
69.260729 -49.179763 -0.361748 112 255 142
84.977902 27.141999 -0.549338 98 255 156
112.185391 -25.126425 -2.043119 0 244 255
-92.074991 59.034950 -5.057140 0 22 255
-82.546583 -88.461801 -1.186624 52 255 202
-99.835631 81.602112 -3.205041 0 158 255
-43.087268 35.455840 1.062570 217 255 37
97.616980 -33.409656 0.949046 209 255 45
34.484375 -16.232349 3.680148 255 100 0
-82.836255 68.806005 -3.406098 0 144 255
-94.661487 80.759582 -3.473897 0 139 255
59.898516 -37.140729 -0.711795 87 255 167
29.585068 29.151973 0.489832 175 255 79
-119.419789 -4.559874 5.321611 234 0 0
20.968728 40.086727 -2.254317 0 228 255
-74.401622 46.267001 -0.973105 67 255 187
-49.532231 -13.156635 -4.239549 0 82 255
-95.784445 -63.539063 -5.674073 0 0 232
117.932352 -66.838890 5.624585 212 0 0
-10.355645 59.353070 2.743816 255 169 0
28.056664 -8.095232 4.928223 255 8 0
-70.999156 60.014905 0.016337 140 255 114
-29.992487 60.086292 5.666156 209 0 0
35.274566 41.046408 -2.595504 0 203 255
59.214434 -58.775673 -3.123570 0 164 255
97.661598 88.409557 1.417692 243 255 11
-60.568095 -14.841995 -1.286323 44 255 210
-62.441062 84.401021 0.934940 208 255 46
-23.249896 -87.557753 1.768964 255 240 0
-45.997533 47.133956 3.873637 255 85 0
76.682344 68.640679 2.067013 255 218 0
-30.884045 60.555564 5.642571 210 0 0
-30.356666 27.215097 -1.608533 21 255 233
0.612880 89.559321 -0.101561 131 255 123
15.341417 -46.219084 -2.262346 0 228 255
-35.213862 -9.113833 -5.529686 0 0 243
-117.901292 -48.174829 -3.337679 0 149 255
56.490617 55.170830 -3.723739 0 120 255
-92.467879 10.487449 4.175313 255 63 0
85.027148 50.385346 2.704483 255 171 0
-60.743522 -76.524761 1.133304 222 255 32
-58.648974 -81.842228 2.408940 255 193 0
8.476313 -75.161807 -1.868765 2 255 252
97.775854 64.588294 6.403318 155 0 0
-28.662668 5.854584 -5.347817 0 1 255
-4.685594 -78.881998 0.479408 174 255 80
-20.460997 -79.919363 3.593339 255 106 0
-93.093594 42.156604 -2.447438 0 214 255
-50.816356 -57.642319 5.079112 252 0 0
100.020755 30.683683 0.055393 143 255 111
105.458947 -54.975278 5.461446 224 0 0
-58.800143 72.288783 2.699288 255 172 0
100.825329 -29.402560 -0.678101 89 255 165
-116.206345 47.399138 -4.124187 0 91 255
52.473906 -34.623390 -0.816871 79 255 175
-113.843867 -88.625391 -1.163965 53 255 201
-17.748220 -61.076525 3.918898 255 82 0
-20.940967 54.068506 4.738982 255 22 0
-15.612684 -27.571030 -0.296571 117 255 137
105.881599 36.362749 1.512615 250 255 4
-35.458894 -56.401430 5.555573 217 0 0
-115.662353 -10.523315 4.846166 255 14 0
-93.518775 9.105626 4.526321 255 38 0
59.823995 46.742728 -1.533362 26 255 228
-89.158965 78.012562 -3.124592 0 164 255
-105.909977 -23.950994 2.149037 255 212 0
-73.113423 -36.917624 -0.424142 108 255 146
114.663008 -51.070112 4.159645 255 64 0
-13.289484 34.648254 0.483826 174 255 80
-84.456091 31.150595 -0.357481 113 255 141
38.035459 -40.921786 -2.773670 0 190 255
-29.362188 -53.669371 5.269815 238 0 0
12.672976 -72.287847 -3.015200 0 172 255
119.037849 -68.289027 4.777021 255 19 0
47.788338 47.729770 -3.315427 0 150 255
8.374125 53.564136 -2.452102 0 214 255
119.596268 -5.025570 -4.584249 0 57 255
1.354604 48.592587 -0.596299 95 255 159
-11.314488 5.559401 -3.066503 0 169 255
84.146521 18.546499 -2.265933 0 227 255
109.936879 67.024421 6.062393 180 0 0
52.674873 -6.855642 4.339973 255 51 0
-32.346603 5.119863 -5.995177 0 0 208
-23.364080 88.748279 1.382811 240 255 14
-117.868360 88.042955 -1.612357 20 255 234
-62.456204 20.485871 -1.110773 57 255 197
66.460727 -0.387591 1.465907 247 255 7
-2.660440 -87.153823 0.561212 180 255 74
85.560511 -7.804549 -4.271487 0 80 255
40.824896 -38.153498 -1.783003 8 255 246
15.867018 -9.592869 3.712871 255 97 0
73.400273 -47.711335 0.281172 160 255 94
-0.519312 87.663032 0.560011 180 255 74
40.135593 -47.916238 -3.996161 0 100 255
-2.457628 29.206645 0.496581 175 255 79
-35.391086 -84.998627 2.207231 255 208 0
63.602905 -16.515340 1.001303 212 255 42
-102.925539 88.968459 -1.839912 4 255 250
114.522887 -20.827941 -3.004192 0 173 255
110.594082 -73.204603 4.775160 255 19 0
79.295056 32.058397 -0.407934 109 255 145
-7.800627 64.220386 2.069382 255 218 0
-12.004004 -82.415033 1.163944 224 255 30
-23.414765 21.253400 -2.199074 0 232 255
-9.775582 -75.045489 2.333977 255 199 0
-66.785398 53.020465 -0.104957 131 255 123
71.785515 19.631601 -0.601823 95 255 159
91.455324 58.090222 4.901455 255 10 0
0.172355 80.461388 0.861431 202 255 52
84.715124 44.278316 2.095397 255 216 0
-50.005874 53.910958 4.693415 255 25 0
86.290766 -12.267540 -2.575893 0 205 255
113.582818 -33.096612 0.491234 175 255 79
40.902775 78.310497 -4.565632 0 58 255
111.081547 -33.516660 0.153560 150 255 104
54.256614 68.237559 -4.363016 0 73 255
46.426434 -6.671463 4.974982 255 5 0
-6.464030 -85.855552 0.751917 194 255 60
-105.637799 17.291466 3.616698 255 104 0
-89.933781 45.248271 -2.496865 0 210 255
78.669665 -85.536203 0.757540 195 255 59
-76.414257 88.032365 -0.498274 102 255 152
44.728168 -29.246671 0.912029 206 255 48
-81.575059 -7.660298 3.108966 255 142 0
61.244526 43.951250 -1.126007 56 255 198
109.369526 14.750268 -4.154574 0 89 255
28.376544 -4.958143 5.671176 208 0 0
-110.666615 83.942567 -2.434482 0 215 255
56.885774 -66.332276 -2.888000 0 182 255
-5.796409 39.296776 0.258311 158 255 96
87.787743 -87.364592 1.631037 255 250 0
-84.252208 48.341918 -2.712383 0 195 255
-52.640268 38.607366 1.368107 239 255 15
100.610946 -16.118444 -3.570563 0 131 255
80.935140 -15.546552 -2.000703 0 247 255
98.188367 12.855486 -4.489163 0 64 255
4.952742 72.287059 -0.778654 82 255 172
41.848550 -61.968323 -6.050122 0 0 204
103.886938 -20.471286 -3.318266 0 150 255
38.385291 -7.307722 5.429263 226 0 0
-99.021821 -26.329149 1.096956 219 255 35
-82.839837 -46.608137 -2.200938 0 232 255
-119.367906 -2.449580 4.368993 255 49 0
-93.272927 -29.550713 0.580354 182 255 72
-113.468193 16.264790 3.820435 255 89 0
-27.648215 -11.973709 -4.681626 0 50 255
27.995363 59.728357 -5.469262 0 0 247
86.675032 60.488694 3.982364 255 77 0
-21.917392 8.051947 -4.353733 0 74 255
-81.395457 67.494044 -3.033018 0 171 255
98.142643 1.626849 -5.716914 0 0 229
100.063563 -26.195680 -1.542461 26 255 228
114.584979 13.505503 -3.953466 0 103 255
-114.351170 63.175729 -5.370060 0 0 254
21.797879 8.147438 4.267779 255 57 0
31.327686 54.409521 -4.732026 0 46 255
8.226091 -26.399731 0.970526 210 255 44
-74.912624 29.891855 0.143133 149 255 105
100.972252 11.609173 -4.708644 0 48 255
8.794707 27.803139 0.116632 147 255 107
-111.086637 -9.799361 5.370163 231 0 0
-36.905466 -66.489384 5.679766 208 0 0
54.558653 -87.110045 -1.081783 59 255 195
-71.321612 -74.286212 -0.296981 117 255 137
66.352288 -77.138670 -1.074194 60 255 194
-69.600644 -13.581494 0.113032 147 255 107
-16.153458 -22.120252 -1.805950 6 255 248
-49.822253 23.497608 -1.969068 0 249 255
-89.356595 81.914652 -2.706809 0 195 255
92.124640 -15.256661 -3.358772 0 147 255
-38.271006 -31.525411 0.113012 147 255 107
60.351055 21.249510 1.048585 216 255 38
93.898131 4.286834 -5.339237 0 2 255
-52.125385 -80.556668 2.650762 255 175 0
-118.664535 52.163465 -4.735413 0 46 255
6.048993 -26.620526 0.105254 147 255 107
-63.489090 8.227986 -1.711390 13 255 241
89.736290 26.977376 -1.721461 12 255 242
-80.452294 77.606219 -1.387317 37 255 217
53.126429 -32.515377 -0.265914 119 255 135
-113.837668 -5.991853 5.741135 203 0 0
-54.945088 66.876647 3.563797 255 108 0
-72.768784 80.659164 -0.507529 102 255 152
84.507081 41.455945 1.743311 255 242 0
23.790649 58.795992 -5.751456 0 0 226
38.316933 -83.872095 -3.335855 0 149 255
-100.244949 13.984235 4.668678 255 27 0
-45.930344 -35.385396 0.898719 205 255 49
94.190877 17.551214 -3.302954 0 151 255
27.171163 23.954621 2.139332 255 213 0
61.832284 -17.383795 0.887499 204 255 50
0.423446 64.623088 -0.522128 100 255 154
-70.729452 56.762508 -0.580292 96 255 158
99.350728 -79.320282 3.340158 255 125 0
-56.668361 70.109831 2.699756 255 172 0
-79.198614 43.662806 -1.429485 34 255 220
35.736624 63.012438 -5.626723 0 0 235
-99.292995 -35.030088 -0.597817 95 255 159
63.504873 -16.908227 1.320342 236 255 18
50.896521 44.436862 -2.966583 0 176 255
-28.029577 65.921354 5.292188 236 0 0
3.624722 -37.159627 0.268464 159 255 95
-3.133168 32.613928 0.128205 148 255 106
-102.077030 -19.429922 3.067554 255 145 0
-100.891037 -5.494686 5.315156 235 0 0
-35.424682 -2.128975 -5.193293 0 12 255
-118.432381 -20.479996 2.770214 255 167 0
-75.469180 69.958926 -1.335384 41 255 213
-32.261779 60.564000 5.962639 187 0 0
30.528336 -82.200477 -3.415512 0 143 255
3.755116 -78.614743 -0.395447 110 255 144
-78.324275 -75.505251 -1.571839 23 255 231
62.254585 -63.680862 -1.496430 29 255 225
70.658502 -51.311328 -0.423299 108 255 146
39.068759 -54.428000 -5.145333 0 16 255
45.104214 -39.004954 -1.915216 0 253 255
-59.171451 -19.789941 -1.213721 50 255 204
81.195010 40.360820 1.466913 247 255 7
20.422493 17.539944 2.354030 255 197 0
-77.407777 -67.480439 -1.967236 0 249 255
44.243981 31.157953 0.592242 182 255 72
30.575676 14.557545 4.646939 255 29 0
16.481930 -89.591179 -1.259292 46 255 208
-6.964342 66.422235 1.180287 226 255 28
64.045537 -52.604225 -0.925975 71 255 183
55.201233 0.143436 3.698400 255 98 0
21.373543 3.302596 5.018156 255 1 0
-103.903647 -79.575917 -4.310830 0 77 255
-64.329980 -63.893477 1.830188 255 236 0
114.932341 -59.212378 5.204878 243 0 0
-23.404410 75.811600 4.074345 255 71 0
31.904207 71.685977 -5.800402 0 0 223
-88.416536 68.752775 -4.223489 0 83 255
17.127504 -45.505698 -2.595633 0 203 255
26.101452 -14.860969 3.729580 255 96 0
62.902152 8.131705 1.488519 248 255 6
112.541036 -80.081939 3.824400 255 89 0
-10.555908 -65.698800 2.270565 255 203 0
-44.956478 -4.663417 -5.133813 0 17 255
-81.658621 -70.199091 -2.536251 0 207 255
-39.772832 -6.975083 -5.511981 0 0 244
-13.576395 5.468289 -3.809196 0 114 255
111.414697 -84.535258 2.636911 255 176 0
2.697960 49.554522 -0.186187 125 255 129
42.009472 -20.461216 2.974744 255 152 0
56.054022 -4.473647 2.926889 255 155 0
-116.720835 28.145197 1.113369 221 255 33
-64.093329 66.772212 1.617777 255 251 0
9.672597 -61.347822 -2.043705 0 244 255
-106.243417 -57.763802 -5.292977 0 5 255
-83.841348 24.148996 1.510828 250 255 4
60.616425 70.116077 -2.346161 0 221 255
41.780350 -50.874216 -5.444892 0 0 249
-86.745843 -5.780239 3.253997 255 131 0
-91.688563 -82.740821 -2.785941 0 189 255
82.386453 -88.403130 0.689432 190 255 64
-6.621674 76.994492 1.318995 236 255 18
-44.133292 47.384777 3.568251 255 108 0
52.611875 35.378940 -1.186049 52 255 202
40.558408 -80.314369 -3.384241 0 145 255
118.626872 35.945028 1.170735 225 255 29
-95.161482 39.311557 -2.090205 0 240 255
64.444263 -28.948438 0.731326 193 255 61
-9.565824 55.556713 2.075283 255 218 0
-60.456277 89.486406 0.720592 192 255 62
-0.388698 -45.292144 -0.279512 118 255 136
-115.088592 -83.353349 -2.942446 0 178 255
-90.103522 -37.978666 -1.513114 28 255 226
-93.886849 31.867716 -0.211120 123 255 131
46.144368 71.990767 -4.977845 0 28 255
50.006413 79.534268 -3.259495 0 154 255
-61.497755 56.172345 2.387223 255 195 0
-46.270631 20.304097 -3.067367 0 168 255
65.429093 -52.072626 -1.477375 30 255 224
-26.965721 -32.521418 0.829686 200 255 54
-36.347333 -52.375704 4.697849 255 25 0
106.930632 13.841671 -4.723647 0 47 255
10.636479 -72.738153 -2.894399 0 181 255
9.166417 53.177276 -2.475578 0 212 255
26.534530 26.122126 1.796321 255 238 0
-110.106773 53.123266 -4.919551 0 32 255
-24.234467 37.714460 1.519274 251 255 3
69.275809 29.760106 0.518703 177 255 77
36.295529 -33.134139 -0.702188 87 255 167
93.615528 73.149729 4.941767 255 7 0
-45.484787 47.535335 3.967025 255 79 0
-5.862303 -67.943123 1.863599 255 233 0
-63.664999 -48.298568 1.207289 228 255 26
-75.493332 -72.493918 -1.218588 49 255 205
-98.146941 31.844629 -0.169985 126 255 128
-72.272133 -8.262034 -0.290690 118 255 136
-80.668965 -47.657004 -1.286041 44 255 210
-14.634890 37.141963 1.219312 228 255 26
-21.355547 -69.959513 4.618394 255 31 0
63.381946 87.744505 -0.599259 95 255 159
66.768651 81.837256 -0.723944 86 255 168
9.786359 -72.292954 -2.508248 0 210 255
37.596838 32.070521 -0.200758 124 255 130
-7.585954 19.921744 -0.795091 80 255 174
-45.522928 -35.453897 1.150571 223 255 31
0.850831 -29.797171 0.071212 144 255 110
31.438102 82.173584 -3.106871 0 166 255
109.174409 -75.535129 4.471240 255 42 0
75.979773 72.159097 1.806893 255 237 0
-104.020111 -1.654680 5.819250 197 0 0
33.612261 9.027521 5.584152 215 0 0
-98.182465 1.112766 5.502554 221 0 0
29.310103 51.438648 -4.582331 0 57 255
83.831907 -55.587711 2.898610 255 157 0
47.803928 -48.161529 -3.103963 0 166 255
-91.330914 -70.035700 -4.800230 0 41 255
-18.303813 -9.096648 -4.123983 0 91 255
-73.169525 -82.745136 -0.771667 82 255 172
38.562923 84.337870 -3.196945 0 159 255
50.536580 -10.902547 3.801764 255 91 0
56.852964 -26.951795 0.196710 153 255 101
-34.471885 77.189705 4.844082 255 14 0
23.507915 64.467985 -5.274138 0 6 255
-70.049768 -50.527019 -0.799652 80 255 174
103.167280 -76.117344 4.703711 255 24 0
105.190829 39.400599 2.492060 255 187 0
-112.714238 -25.455789 1.699644 255 245 0
15.297714 58.974716 -3.959845 0 103 255
52.323262 -21.846554 1.877215 255 232 0
-64.573151 -35.844613 -0.597645 95 255 159
-112.059856 -7.316653 4.808232 255 17 0
-119.494850 -82.251934 -3.460884 0 140 255
49.645288 -58.516026 -5.129192 0 17 255
-117.059959 -63.056817 -4.892746 0 34 255
-27.269028 37.451466 2.073585 255 218 0
71.627025 -35.910189 0.595097 183 255 71
-107.381574 56.747624 -5.930173 0 0 213
49.615838 80.743407 -2.843039 0 185 255
-16.522550 -1.045681 -4.200045 0 85 255
-26.502908 -56.345955 5.387190 229 0 0
-3.844479 -87.358250 0.382777 167 255 87
-35.530627 83.162591 2.839105 255 161 0
86.825319 -68.315334 4.367395 255 49 0
40.795616 44.126564 -3.631427 0 127 255
-26.956780 -86.478590 1.888600 255 231 0
-91.129938 74.711551 -4.195887 0 86 255
1.026467 10.598198 -0.016697 138 255 116
119.764167 28.462269 -1.317075 42 255 212
93.984491 20.997012 -2.717077 0 194 255
-103.697493 -47.634596 -4.233375 0 83 255
-34.529472 -68.713012 5.970061 186 0 0
-7.292438 60.297257 1.782568 255 239 0
-22.679185 9.752213 -3.971446 0 102 255
-93.134171 12.406371 3.997625 255 76 0
-75.291820 -69.788084 -1.597688 21 255 233
8.376512 80.403145 -2.258075 0 228 255
53.040868 35.419699 -0.265474 119 255 135
51.920549 -13.824671 3.705560 255 98 0
41.282268 -81.380020 -3.006564 0 173 255
41.700359 -5.400904 4.950185 255 6 0
-117.941834 86.096450 -1.744843 11 255 243
-67.654319 46.977197 -0.183514 125 255 129
-39.212106 -85.921790 2.773837 255 166 0
-58.502077 44.673686 1.730881 255 243 0
-26.829248 66.727601 5.338545 233 0 0
-24.147840 -43.807601 3.080572 255 144 0
-38.458870 61.545036 5.807105 198 0 0
-117.504265 84.873797 -1.746428 11 255 243
87.622061 -14.721682 -2.816717 0 187 255
109.642459 -71.406302 4.792301 255 18 0
27.765037 -23.240373 2.553645 255 182 0
-54.532350 73.006621 2.456092 255 190 0
-11.921717 -6.411597 -2.282326 0 226 255
98.922128 -36.129644 1.155741 224 255 30
23.921216 -10.356081 4.473246 255 41 0
47.236894 59.881411 -5.082605 0 20 255
48.005544 19.460762 3.586603 255 107 0
115.401637 -69.270303 5.279225 237 0 0
37.210679 -32.762174 -0.433352 107 255 147
-94.038153 -38.539734 -1.669489 16 255 238
1.318542 48.006850 -0.413019 109 255 145
101.328656 2.281418 -5.572465 0 0 239
-88.919475 -76.794417 -3.709316 0 121 255
-107.737552 -86.660600 -2.358000 0 221 255
-107.908358 -24.421243 1.904176 255 230 0
-103.215117 12.163567 5.303556 235 0 0
-80.721990 13.659178 2.233733 255 206 0
65.030065 -20.735351 0.550418 179 255 75
23.877289 -15.885517 3.149515 255 139 0
55.611532 -35.505428 -0.415234 108 255 146
13.572354 -61.521526 -3.586608 0 130 255
-35.061269 -30.828471 -0.099020 132 255 122
68.768509 28.297916 -0.069605 134 255 120
-79.254175 -37.008251 -0.594433 95 255 159
-33.634028 73.255707 5.256959 239 0 0
-20.319400 10.871351 -4.667174 0 51 255
43.271548 -60.839742 -6.179425 0 0 195
62.638637 -6.642756 1.693098 255 246 0
16.020689 -58.269803 -4.468907 0 65 255
25.928543 -66.330438 -5.221670 0 10 255
-52.556304 -70.289970 3.905941 255 83 0
22.366456 -59.379462 -4.627474 0 54 255
82.408507 -56.107467 3.269016 255 130 0
-14.570187 84.538372 1.904781 255 230 0
60.396131 -81.132628 -1.754709 10 255 244
1.934330 -8.542033 0.551307 179 255 75
3.081972 26.916703 0.476723 174 255 80
25.928405 -77.215217 -3.821288 0 113 255
-86.406796 -31.115541 0.130205 148 255 106
-68.331078 -17.274741 -0.324696 115 255 139
-77.888390 -4.657358 1.810657 255 237 0
8.423618 32.203033 -0.225429 122 255 132
40.598303 2.156429 5.577211 215 0 0
49.804937 4.043658 4.968289 255 5 0
-69.978149 -39.277160 0.370069 166 255 88
-39.905328 -80.342619 3.660998 255 101 0
-85.003239 29.030421 0.223394 155 255 99
36.938338 4.755993 6.052945 180 0 0
-19.072062 2.613130 -4.083149 0 94 255
-54.513724 14.322810 -2.674120 0 197 255
-66.016396 78.392223 0.280563 159 255 95
107.779139 46.306071 3.449705 255 117 0
-4.373307 -1.721455 -0.630751 93 255 161
117.868552 -53.002779 4.689270 255 26 0
-42.904239 -60.340958 5.390207 229 0 0
-68.252395 14.229723 -0.352095 113 255 141
51.816156 50.649083 -3.617802 0 128 255
98.910738 31.287643 -0.038624 136 255 118
-80.682559 47.134637 -2.349841 0 221 255
86.869774 -75.953373 3.591475 255 106 0
20.980742 -75.006439 -4.239206 0 82 255
97.020479 11.660498 -5.120518 0 18 255
107.093092 48.936308 4.964947 255 5 0
-17.561669 -53.975038 3.860141 255 86 0
105.863215 87.932287 2.257160 255 204 0
-76.700767 -5.281028 1.854067 255 234 0
-13.474431 -79.261697 2.636799 255 176 0
-13.618466 18.359719 -1.539150 26 255 228
-61.167798 89.755194 0.587439 182 255 72
-3.854156 87.328821 0.703800 191 255 63
60.638497 85.393220 -1.245759 47 255 207
-93.993320 -10.200612 4.770731 255 20 0
-4.562859 68.208289 0.324196 163 255 91
6.123875 -29.352471 0.108136 147 255 107
-72.835943 66.964580 -1.106268 58 255 196
34.098681 3.667306 5.283553 237 0 0
-59.338958 -21.219660 -1.123096 56 255 198
17.006205 -82.282048 -2.352141 0 221 255
17.210089 -19.736265 2.452709 255 190 0
59.713007 30.352290 -0.370913 112 255 142
104.364911 -56.736930 5.799819 199 0 0
102.262458 -9.194581 -4.617196 0 55 255
0.503188 -45.529791 0.118100 148 255 106
-56.931429 -60.237060 2.798876 255 164 0
-61.864925 -28.399163 -0.092468 132 255 122
68.762769 -60.359666 -0.239429 121 255 133
62.455967 16.499724 1.076139 218 255 36
70.572647 29.628738 -0.321748 115 255 139
80.035406 -29.872165 -0.159295 127 255 127
15.600085 -74.052257 -4.035532 0 97 255
95.398352 -34.747067 1.253496 231 255 23
37.718360 -66.256319 -5.629499 0 0 235
31.531295 23.916862 2.338996 255 198 0
80.888109 67.684187 3.024388 255 148 0
36.499436 -79.472146 -3.610715 0 129 255
64.286784 -9.851829 0.791656 197 255 57
103.164373 -2.036028 -5.906123 0 0 215
-25.098320 -82.526193 3.184801 255 136 0
60.259454 87.687731 -0.572889 97 255 157
-48.359362 -68.832718 4.555228 255 35 0
-3.247464 -68.812673 0.794985 197 255 57
89.652305 -78.079826 3.610621 255 105 0
113.657636 -22.288539 -2.234995 0 230 255
107.417033 29.322728 -0.012434 138 255 116
61.831932 4.974571 1.421210 243 255 11
83.609852 -13.764185 -2.690847 0 196 255
92.283044 -46.096426 3.304004 255 127 0
26.380335 60.232385 -5.431510 0 0 250
-61.555833 -45.351873 1.408334 242 255 12
-115.747291 -9.389226 4.469519 255 42 0
62.675675 31.450803 0.073575 144 255 110
62.471669 -85.848699 -1.255533 47 255 207
55.447782 -62.197685 -3.992607 0 100 255
19.221365 -7.116112 3.905349 255 83 0
37.894665 -41.293190 -2.761842 0 191 255
52.422689 -56.050639 -3.737226 0 119 255
7.597320 84.210183 -0.562738 98 255 156
38.054894 -87.536223 -2.433454 0 215 255
-66.166207 -34.542115 0.045951 142 255 112
8.199050 -59.516822 -1.756792 10 255 244
30.872046 -51.574012 -4.999473 0 26 255
16.485476 78.403844 -2.423083 0 216 255
-58.276929 -24.971472 -0.442835 106 255 148
-89.579833 15.637598 3.119157 255 141 0
37.078157 22.355626 2.441427 255 191 0
-92.982574 73.994551 -4.377543 0 72 255
70.617847 76.562213 -0.096202 132 255 122
-76.302114 -27.941525 0.275547 159 255 95
65.271124 28.769367 0.052205 143 255 111
-34.636829 -71.637502 6.043932 181 0 0
96.317254 29.072051 -0.660657 90 255 164
-65.849055 -46.791155 0.519855 177 255 77
-82.172180 -88.066073 -0.973609 67 255 187
42.024320 48.641788 -4.251229 0 81 255
65.676698 89.218260 -1.026590 63 255 191
-36.124165 35.787010 0.898590 205 255 49
-6.721132 51.140403 0.984328 211 255 43
38.833726 77.884703 -4.394444 0 71 255
-49.153131 -27.282013 -0.836260 77 255 177
-26.639016 68.330836 5.055298 254 0 0
15.860046 -1.351016 3.342976 255 124 0
-47.304529 2.836939 -4.820772 0 40 255
-84.964936 -76.856162 -3.066100 0 169 255
98.065048 -39.883281 2.311656 255 200 0
-90.567523 -18.274304 3.108713 255 142 0
116.858312 8.836129 -4.326533 0 76 255
82.684343 -49.208979 2.356129 255 197 0
-12.741577 85.728954 0.980729 211 255 43
86.563547 66.703976 3.596685 255 106 0
-104.571056 -64.096229 -6.331903 0 0 184
15.015078 -70.270476 -3.468322 0 139 255
-35.144669 -80.940030 4.616955 255 31 0
-47.817541 -54.887973 4.767980 255 20 0
94.754218 49.349239 4.000470 255 76 0
-110.823003 -47.583865 -4.254421 0 81 255
86.889933 17.166832 -2.872947 0 183 255
-101.109271 11.338805 4.476467 255 41 0
42.585327 82.921217 -3.055495 0 169 255
-51.446983 -12.126683 -3.521103 0 135 255
6.458812 -52.507471 -1.458444 32 255 222
102.070795 2.990396 -6.180133 0 0 195
71.377918 -22.365044 -0.209845 123 255 131
-96.200937 -69.052609 -5.555519 0 0 241
-46.751874 68.574591 4.821050 255 16 0
-2.874012 -27.180318 -0.805819 80 255 174
52.036728 -88.570634 -0.969376 68 255 186
-118.656225 63.129196 -4.980786 0 28 255
87.343002 62.367906 3.325400 255 126 0
82.041164 -19.572941 -1.850774 3 255 251
109.487904 52.553590 5.315282 235 0 0
-71.408461 -0.304929 1.443261 245 255 9
-68.824553 19.510355 -0.474380 104 255 150
79.884753 -5.616787 -1.997279 0 247 255
3.532845 -67.014319 -1.279271 45 255 209
-61.143413 81.180173 1.719215 255 244 0
-115.923082 -87.227454 -1.568115 24 255 230
-68.017553 -84.813627 0.136039 149 255 105
42.007908 -9.187891 4.705013 255 24 0
55.877158 -54.368961 -3.581055 0 131 255
-34.977234 60.435675 6.317459 161 0 0
100.232199 66.751392 6.273526 164 0 0
2.324321 -34.814476 -0.204760 124 255 130
4.215512 -73.725129 -1.053035 61 255 193
-25.286270 8.376558 -5.217743 0 10 255
-23.200959 -21.954349 -2.343500 0 222 255
-33.843408 88.079838 1.635035 255 250 0
77.916424 -21.284980 -0.680144 89 255 165
-14.356497 21.693589 -1.394919 36 255 218
-64.473211 82.831139 0.923419 207 255 47
-15.532050 72.724087 3.048233 255 146 0
102.134928 -65.107066 5.408921 228 0 0
33.349356 -12.523343 4.652802 255 28 0
-94.793076 4.395001 5.738150 203 0 0
-19.405802 45.845280 3.288671 255 128 0
-8.007019 64.341407 2.049487 255 220 0
-116.662104 71.642928 -4.356260 0 74 255
110.743579 15.749632 -3.886326 0 108 255
99.881622 55.951185 5.196642 243 0 0
-95.632083 66.569105 -4.895144 0 34 255
12.539385 -70.560002 -2.597179 0 203 255
-44.996079 86.474456 1.625359 255 251 0
-69.163281 -29.840228 -0.133108 129 255 125
-54.183982 -86.944599 1.667165 255 248 0
-107.150094 -40.709091 -2.106525 0 239 255
45.171109 26.739622 1.694188 255 246 0
-32.001849 -21.692713 -3.121489 0 164 255
47.945110 16.864932 3.138382 255 140 0
75.677288 52.043142 1.770363 255 240 0
17.440362 -32.873739 -0.560880 98 255 156
-37.532997 -52.878198 5.326976 234 0 0
-86.397787 44.475844 -2.595787 0 203 255
36.346049 -74.613252 -4.782654 0 42 255
41.931158 76.833012 -4.840254 0 38 255
67.491599 60.087710 -1.080723 59 255 195
-86.953888 -28.308086 0.300722 161 255 93
-108.922513 0.009256 6.576129 142 0 0
90.988812 42.583337 3.268383 255 130 0
25.538152 72.258354 -4.253989 0 81 255
-97.396143 86.670187 -2.313187 0 224 255
50.163759 0.718521 4.303240 255 54 0
-106.492007 -14.891772 4.530492 255 37 0
31.705549 -79.009707 -4.217410 0 84 255
13.169561 89.085496 -1.259766 46 255 208
51.664662 -41.768021 -1.987488 0 248 255
-97.431156 -50.454077 -4.998348 0 27 255
98.060815 69.988452 5.759519 202 0 0
105.690950 45.255492 3.904857 255 83 0
116.322184 -2.346440 -5.296428 0 5 255
63.836233 25.117852 0.020219 140 255 114
-45.206948 78.046918 3.861290 255 86 0
114.847345 -5.190720 -5.220055 0 10 255
27.417958 -79.473557 -3.601521 0 129 255
52.427688 89.906860 -0.887689 74 255 180
38.721270 84.934169 -2.676224 0 197 255
-70.404526 72.570014 -0.613333 94 255 160
84.751587 -54.283808 3.177267 255 137 0
35.240260 -36.008463 -1.366727 38 255 216
-66.987131 -81.204027 0.604645 183 255 71
-29.284505 13.096454 -4.714571 0 47 255
-85.548625 76.963530 -3.490014 0 137 255
-16.118006 7.617138 -4.095863 0 93 255
117.490834 -69.980559 4.534266 255 37 0
-27.900745 -66.135783 5.813874 198 0 0
-25.094756 47.341530 3.752209 255 94 0
72.731561 -48.247452 0.186036 153 255 101
-100.130135 47.995372 -4.388667 0 71 255
-91.270350 16.660545 3.244240 255 132 0
58.985077 -20.145975 1.964510 255 226 0
-88.719563 -10.138662 3.921111 255 82 0
26.724883 58.724323 -5.693072 0 0 231
76.023300 83.342588 0.828069 200 255 54
15.134292 -62.231033 -3.625859 0 127 255
-100.755329 50.144246 -5.427898 0 0 250
-70.453957 20.824509 -0.071514 134 255 120
9.690888 -47.587779 -2.219037 0 231 255
108.987353 -54.025803 5.090879 251 0 0
36.923744 -51.007523 -5.115624 0 18 255
47.254483 82.030776 -2.463344 0 213 255
22.904359 40.621810 -2.050650 0 243 255
-41.768099 -89.646555 1.384844 241 255 13
25.851090 -14.432929 3.748836 255 95 0
-117.704526 43.433152 -2.746122 0 192 255
-20.600194 -53.302087 4.438497 255 44 0
74.846243 -11.010875 -1.715400 13 255 241
-70.930671 -32.389101 -0.625388 93 255 161
35.614414 0.481878 6.424890 153 0 0
52.905082 -72.408800 -3.325431 0 149 255
-82.440708 29.122253 0.374616 166 255 88
85.874500 -71.012827 3.978686 255 78 0
-61.475575 1.498552 -1.885208 0 255 254
111.043100 -60.046397 6.516250 146 0 0
-37.308364 18.679882 -4.522653 0 62 255
26.782177 -77.271261 -4.100621 0 93 255
107.667519 -45.189091 4.172503 255 64 0
76.786762 49.211900 1.538168 252 255 2
-3.422807 -71.276927 0.588294 182 255 72
-73.330511 -52.108299 -1.292081 44 255 210
27.557995 21.551811 3.136087 255 140 0
21.082517 16.252017 4.051504 255 72 0
-104.650640 -77.929540 -5.072106 0 21 255
-28.200199 7.835136 -5.693633 0 0 230
100.968745 76.851283 4.726019 255 23 0
6.180825 -69.101735 -1.290411 44 255 210
-76.547891 -22.351006 0.568997 181 255 73
34.536934 -83.176347 -3.671840 0 124 255
-11.070291 29.085155 0.032637 141 255 113
99.313221 -74.051089 5.384122 229 0 0
-2.388046 -19.866860 -1.023683 64 255 190
-113.729516 -56.016882 -5.200738 0 12 255
-81.255798 47.125585 -1.938214 0 251 255
-77.902156 -56.128613 -2.059986 0 242 255
108.292936 -37.818251 2.317348 255 200 0
-33.760531 31.200877 0.028522 141 255 113
-36.279529 -75.752281 4.948803 255 6 0
114.262879 8.267412 -4.921127 0 32 255
-70.515983 -60.934483 -0.698245 88 255 166
29.281158 -57.743940 -4.854072 0 37 255
107.454524 89.400015 1.215737 228 255 26
98.391643 -75.609969 4.606524 255 32 0
-81.512784 -44.751824 -1.422300 34 255 220
-6.944351 -28.381925 -0.045951 135 255 119
-59.504979 38.255073 0.825399 200 255 54
47.989842 -54.958939 -5.380079 0 0 254
-60.945833 -66.547490 2.285563 255 202 0
-77.536357 -41.410575 -0.596065 95 255 159
-54.740032 18.308681 -2.364137 0 220 255
-88.628972 84.488089 -2.627696 0 201 255
51.941956 14.174023 3.700651 255 98 0
-52.918656 -87.276953 2.173017 255 210 0
-23.989125 -21.748562 -2.115338 0 238 255
-53.919227 7.989660 -3.253199 0 155 255
-28.751472 54.452186 4.656054 255 28 0
-46.737458 87.090309 1.605120 255 252 0
-35.163924 -65.485034 5.114445 249 0 0
50.141505 56.662184 -4.079662 0 94 255
-78.278755 37.335734 -0.458555 105 255 149
44.801307 26.345905 0.458554 173 255 81
-36.640771 8.959829 -5.175456 0 14 255
-97.542788 26.766948 1.664424 255 248 0
-91.260652 -31.777293 -0.392842 110 255 144
96.118304 -77.430050 4.042479 255 73 0
-109.930233 -43.217139 -2.729363 0 193 255
-53.694503 -85.574950 1.167464 225 255 29
87.246416 50.500712 3.601534 255 105 0
-100.927537 -41.811078 -2.589454 0 204 255
-69.363084 74.566567 0.186704 153 255 101
-55.487322 12.715807 -3.034223 0 171 255
80.589211 35.029592 0.569179 181 255 73
-92.218793 1.865497 5.217797 242 0 0
106.933927 66.085250 6.165095 172 0 0
-91.226429 47.486504 -2.979172 0 175 255
15.724862 -66.672715 -4.353425 0 74 255
65.582352 33.277633 -0.129818 129 255 125
14.063689 59.073684 -3.536561 0 134 255
1.792969 35.735521 0.451912 172 255 82
-14.983178 59.788865 3.283779 255 129 0
-59.358074 33.808702 0.929686 207 255 47
118.215472 -8.168313 -4.819488 0 40 255
-23.078610 -76.778215 3.676048 255 100 0
33.493566 -47.279077 -4.756814 0 44 255
19.790864 39.275101 -1.856998 2 255 252
110.846175 -37.068374 1.439070 245 255 9
-61.426931 47.421211 1.616883 255 251 0
-82.804713 56.254329 -3.202918 0 158 255
95.792516 88.951264 1.679388 255 247 0
2.152383 71.286798 -0.386313 110 255 144
33.881807 86.045348 -3.253770 0 155 255
30.035956 -46.125041 -3.527827 0 135 255
67.765030 -73.108276 -0.485160 103 255 151
81.062372 60.668131 2.866443 255 159 0
48.344566 -31.398721 -0.186122 125 255 129
-118.810500 69.839691 -4.230749 0 83 255
80.930111 38.868696 0.913692 206 255 48
-109.819886 87.172374 -1.644612 18 255 236
85.843714 -52.868287 3.066361 255 145 0
-119.737313 -39.347499 -1.245373 47 255 207
65.862438 32.785754 0.371709 166 255 88
33.294274 -88.403537 -2.162800 0 235 255
-113.769482 32.578310 -0.050028 135 255 119
60.894562 8.885519 1.918347 255 229 0
19.089696 -2.367677 4.077093 255 71 0
-90.950100 -76.950729 -3.903935 0 107 255
90.428993 44.119117 2.883087 255 158 0
21.879704 -80.372184 -3.438584 0 141 255
-8.964280 35.456590 0.638577 186 255 68
106.885000 54.919618 5.922510 190 0 0
-71.247905 -44.203976 -0.743592 84 255 170
-77.681917 65.775583 -2.761345 0 191 255
94.174991 -48.120718 3.918513 255 82 0
-81.494117 -22.183103 1.393476 241 255 13
76.235169 55.113503 1.602196 255 252 0
-69.628881 69.409432 0.293427 160 255 94
75.344492 76.258356 1.348227 238 255 16
-22.059537 49.059827 3.185401 255 136 0
28.168418 -86.300287 -2.236471 0 230 255
25.730082 62.461380 -5.812249 0 0 222
-25.262980 65.420805 5.316907 234 0 0
4.430238 73.811914 -1.525204 27 255 227
35.858621 -29.141843 0.838250 200 255 54
-87.259606 -65.322209 -4.274207 0 80 255
99.814846 56.149705 5.292085 236 0 0
77.603557 -40.358316 0.369409 166 255 88
-70.047922 -16.288224 0.589825 182 255 72
-65.941048 71.205922 1.249391 231 255 23
-25.308117 -57.494564 5.451472 225 0 0
65.194004 -39.785800 -0.772426 82 255 172
4.034587 -30.201770 -0.275057 119 255 135
-44.424098 55.800428 5.631078 211 0 0
64.439649 81.016988 -1.075514 60 255 194
-73.063249 -59.859206 -0.586792 96 255 158
50.042626 -39.087915 -1.061028 61 255 193
60.869911 48.804253 -2.396269 0 218 255
-95.524962 -51.491986 -5.117855 0 18 255
16.797142 17.706400 2.737422 255 169 0
22.547750 -7.989414 4.105837 255 68 0
113.090914 61.086539 5.421875 227 0 0
-48.277574 -42.663947 2.437726 255 191 0
-9.607794 4.030337 -2.165741 0 235 255
104.626920 15.666344 -4.733557 0 46 255
-88.668114 -82.699127 -2.412160 0 217 255
95.290132 -78.202692 4.138438 255 66 0
-32.269545 -53.194591 4.873393 255 12 0
-37.549077 -82.535492 2.920467 255 156 0
118.804963 -20.717431 -2.134050 0 237 255
-26.300324 11.354211 -4.413164 0 70 255
-60.656200 -2.446632 -2.948467 0 177 255
-70.236057 24.901179 -0.502402 102 255 152
46.947318 14.241658 4.474849 255 41 0
32.604404 38.812330 -2.114043 0 239 255
-62.638010 63.322180 1.678580 255 247 0
-1.180423 -85.984374 0.146642 150 255 104
-51.226763 -78.089217 3.172365 255 137 0
80.947118 -84.750310 1.472501 247 255 7
-34.132735 10.172941 -4.698715 0 49 255
27.752397 -62.016219 -5.198895 0 12 255
99.259667 -1.918536 -6.043759 0 0 205
-62.692599 -40.072608 0.606560 183 255 71
108.533203 -14.361407 -4.585399 0 57 255
-3.516188 -11.239734 -0.227172 122 255 132
33.666989 16.977273 4.343630 255 51 0
-54.715021 -85.697134 0.886362 204 255 50
46.671660 0.146092 5.023926 255 1 0
53.706695 -35.689540 -1.023309 64 255 190
22.135533 9.968069 4.825682 255 16 0
87.009230 -18.146094 -2.163848 0 235 255
-6.809179 -86.496924 0.497891 175 255 79
-116.394732 -10.127215 4.181937 255 63 0
99.218360 9.092865 -5.179883 0 13 255
16.303059 65.706502 -3.801204 0 115 255
27.599159 -4.425527 5.619622 212 0 0
23.656722 -39.571234 -2.489732 0 211 255
-110.104898 -85.555265 -2.551278 0 206 255
-50.988948 -60.888650 4.667000 255 27 0
-98.438128 80.422440 -3.556580 0 133 255
35.953315 8.113536 5.703733 206 0 0
85.131623 73.994346 2.928973 255 155 0
38.535383 -70.294258 -5.669487 0 0 232
75.260504 -61.203428 1.481502 248 255 6
-40.168018 68.285373 4.565963 255 35 0
-112.445769 -81.991878 -3.348294 0 148 255
-21.684823 -4.139150 -4.685614 0 50 255
-79.492737 27.910306 0.583324 182 255 72
-46.746161 5.385312 -5.149219 0 15 255
-62.678012 29.252912 -0.271439 119 255 135
-76.642191 -81.376404 -0.847708 77 255 177
45.055636 8.926049 4.807143 255 17 0
23.438435 6.039478 4.449978 255 43 0
77.461242 49.995906 1.774645 255 240 0
116.213647 -3.145100 -5.754825 0 0 226
-62.990390 -31.608473 -0.288115 118 255 136
105.137545 -8.152258 -4.777925 0 43 255
64.240948 -59.882090 -1.369181 38 255 216
15.081375 50.132659 -2.743192 0 192 255
113.429496 6.782301 -5.031063 0 24 255
2.979738 -42.011913 -0.132607 129 255 125
-113.207721 34.932773 -0.937304 70 255 184
-90.022992 -33.693145 -0.261838 120 255 134
-44.924701 1.347142 -5.355073 0 0 255
47.111839 87.961386 -1.887559 0 255 254
15.912142 77.897788 -2.749067 0 192 255
43.970967 -9.540800 4.937948 255 7 0
-115.501795 -42.828664 -2.547887 0 207 255
-60.492244 43.644740 1.810278 255 237 0
13.132116 84.613840 -1.050774 62 255 192
37.040088 65.213745 -6.241844 0 0 190
-16.333515 17.158778 -2.520453 0 209 255
-67.631024 45.948871 1.001767 212 255 42
-45.647440 89.556904 1.047986 216 255 38
62.624193 -36.858725 -0.750719 84 255 170
52.225729 -73.309852 -3.857865 0 110 255
-60.655120 45.170354 1.320533 236 255 18
108.137949 75.969233 4.416079 255 46 0
-109.447398 14.151059 5.021039 255 1 0
-63.741806 -35.387535 0.137341 149 255 105
-14.824747 -20.249884 -1.926146 0 252 255
73.045597 -89.038686 -0.136145 129 255 125
15.656875 44.251268 -1.585689 22 255 232
42.124677 86.491604 -2.506474 0 210 255
108.309473 -64.331132 5.446323 225 0 0
-31.909222 15.368450 -3.942042 0 104 255
-76.453888 -11.779684 1.240329 230 255 24
-21.732591 24.217182 -1.709883 13 255 241
15.217152 84.568685 -1.203221 50 255 204
-87.733679 58.154168 -4.644315 0 53 255
-110.733900 22.811779 3.008497 255 149 0
54.240785 -83.334809 -2.188350 0 233 255
117.302065 -29.581181 -1.427497 34 255 220
103.536190 -31.091666 -0.055174 135 255 119
-29.713401 40.031768 2.256484 255 204 0
-11.004827 -65.243727 2.344919 255 198 0
78.936058 -47.244348 2.560740 255 182 0
116.379018 -69.253794 4.763461 255 20 0
-34.515953 34.158168 0.163842 151 255 103
108.454268 -89.552764 1.351013 238 255 16
47.680351 -22.225903 2.592952 255 180 0
-84.658304 -27.002059 1.108313 220 255 34
-11.902359 70.742846 2.735502 255 169 0
-119.265650 -80.226300 -3.222062 0 157 255
-22.213782 42.684121 2.590085 255 180 0
5.533259 -9.366438 0.888730 204 255 50
71.520016 -31.938074 0.156850 150 255 104
-40.640908 -84.105579 2.930997 255 155 0
35.885695 -19.374042 3.877345 255 85 0
39.169066 84.229519 -3.183498 0 160 255
5.770287 44.258364 -0.333595 114 255 140
27.187666 -61.634775 -5.222289 0 10 255
-9.619089 -67.007674 2.781446 255 166 0
26.525881 7.173598 5.146693 247 0 0
-9.431458 25.743182 -0.447526 106 255 148
98.863608 77.125601 4.264133 255 57 0
-92.884689 80.370333 -2.951423 0 177 255
87.338227 66.302006 4.182967 255 63 0
58.823701 -66.904421 -3.062233 0 169 255
-117.302273 -9.986628 4.371563 255 49 0
52.550776 -50.618228 -3.781024 0 116 255
-32.933512 20.505667 -2.843851 0 185 255
1.702174 -44.589343 -0.364750 112 255 142
4.239611 -12.172560 0.639026 186 255 68
56.446944 70.830124 -2.265703 0 227 255
-3.272494 -42.481010 0.475792 174 255 80
32.580663 67.965981 -5.320486 0 3 255
-67.379076 19.861396 -0.569416 97 255 157
-103.017188 -42.464886 -2.973873 0 175 255
40.377777 32.737091 -0.571135 97 255 157
117.248656 28.090711 -0.598412 95 255 159
-101.386154 -19.702916 3.407496 255 120 0
98.570358 61.479043 6.573630 142 0 0
-27.740206 46.808030 3.170244 255 137 0
36.783132 17.185857 3.930419 255 81 0
-56.147527 31.767830 0.631165 185 255 69
45.911919 57.928281 -5.772994 0 0 225
-15.384898 13.452275 -2.682301 0 197 255
70.787673 41.387409 0.149169 150 255 104
-53.524646 -1.819761 -3.854343 0 111 255
-40.106181 -9.692419 -5.379519 0 0 254
30.091861 -24.204937 1.903460 255 230 0
-94.709596 -22.856010 1.596179 255 253 0
114.051057 58.838050 5.201106 243 0 0
25.761605 -24.824632 1.680850 255 247 0
113.363044 11.512853 -4.931647 0 31 255
-77.256803 -21.888677 1.453980 246 255 8
50.174273 16.669996 3.157095 255 138 0
-71.626988 -67.510592 -0.048816 135 255 119
-100.068360 -84.568907 -2.600615 0 203 255
-13.686151 -25.212722 -1.425827 34 255 220
-6.882893 -42.525373 0.905858 205 255 49
13.943999 64.265022 -3.573252 0 131 255
-8.046369 50.012623 1.543638 252 255 2
-73.044677 64.642206 -0.543492 99 255 155
43.712649 -2.728526 5.715615 205 0 0
-56.140486 27.388298 -0.803803 80 255 174
-50.334162 46.622936 3.350560 255 124 0
67.514531 -32.229659 -0.327362 115 255 139
43.629350 -71.085083 -5.245500 0 8 255
54.491877 84.268477 -1.366791 38 255 216
101.238098 77.923466 4.706808 255 24 0
84.616483 -77.789022 3.044397 255 146 0
-67.318426 -58.620529 1.222365 229 255 25
114.264661 60.169503 5.427065 226 0 0
4.800130 28.708752 0.088787 145 255 109
14.045939 52.641849 -2.987292 0 174 255
-53.153525 -2.744112 -3.684816 0 123 255
-27.003696 -49.739476 4.967292 255 5 0
13.753451 -57.652594 -3.347600 0 148 255
-111.935846 73.642977 -4.882043 0 35 255
52.847413 7.633855 4.268776 255 56 0
-36.279380 4.886772 -5.602897 0 0 237
46.071059 19.798530 2.970986 255 152 0
55.687957 33.123001 -0.547578 99 255 155
28.440217 -40.514875 -2.566991 0 205 255
-102.074193 -75.420944 -4.759776 0 44 255
15.143493 75.896677 -2.911962 0 180 255
-34.937638 -57.682346 5.822925 197 0 0
51.513596 43.112708 -2.046345 0 243 255
50.672604 -10.276710 4.020690 255 75 0
0.610791 -30.920831 -0.063525 134 255 120
55.526192 76.132888 -2.935318 0 178 255
-85.567021 40.759610 -1.623593 20 255 234
75.864701 49.738493 1.474853 247 255 7
112.616450 -37.350443 1.852899 255 234 0
96.159735 38.882245 2.226041 255 207 0
74.861430 -24.690484 -0.615142 94 255 160
-22.766741 46.009108 3.861259 255 86 0
103.815961 66.491743 5.521632 219 0 0
14.926063 -74.406525 -3.851524 0 111 255
-68.345890 55.301092 0.623302 185 255 69
10.194905 -26.773510 0.860817 202 255 52
84.203787 -83.198145 1.638387 255 250 0
42.735535 35.780978 -1.377829 38 255 216
79.925793 56.256617 2.829307 255 162 0
-111.578668 -47.206386 -3.718191 0 121 255
112.771407 32.131284 0.001093 139 255 115
101.433913 26.825992 -1.569520 24 255 230
0.677240 10.350452 0.355540 165 255 89
101.587172 70.548054 5.970513 186 0 0
-76.350252 42.714395 -0.174039 126 255 128
-32.359266 8.468681 -5.393639 0 0 253
-79.424403 85.214878 -0.945719 69 255 185
40.771937 -84.937987 -2.896123 0 181 255
100.202693 25.972949 -1.648296 18 255 236
103.548562 31.257310 -0.909446 72 255 182
-100.805892 31.674699 -0.746596 84 255 170
64.429244 50.838927 -0.771853 82 255 172
14.128244 -0.484510 3.680682 255 100 0
-66.980820 -64.914250 0.516540 177 255 77
94.762662 24.937410 -1.335522 41 255 213
6.890464 -75.410194 -1.537177 26 255 228
-109.911335 62.828369 -6.019019 0 0 207
-29.788916 38.726236 1.809864 255 237 0
43.768596 -69.785734 -5.260522 0 7 255
84.211885 37.540536 1.639527 255 250 0
-72.240168 -51.481916 -0.714016 86 255 168
22.063847 52.469157 -3.664450 0 125 255
-99.208952 -82.505631 -2.994562 0 174 255
98.815726 -86.057951 2.712711 255 171 0
-117.667713 -21.082641 2.485095 255 188 0
113.015038 -13.478263 -4.806496 0 41 255
15.674575 -17.374983 2.860354 255 160 0
60.472588 -88.947905 -1.014890 64 255 190
40.601875 -89.921833 -0.852853 76 255 178
1.369888 -5.941573 0.672651 188 255 66
-14.839608 32.991422 0.257501 158 255 96
-70.093406 82.961676 -0.328300 115 255 139
-51.228268 52.321403 3.604068 255 105 0
-97.404266 -31.085246 0.315376 162 255 92
-55.630775 -5.888873 -3.718129 0 121 255
36.995970 42.387170 -4.128057 0 91 255
12.384376 -29.291987 -0.157874 127 255 127
16.199409 18.239482 2.804623 255 164 0
6.933527 -18.148100 1.283095 233 255 21
106.962748 41.682080 2.612868 255 178 0
84.048799 -23.946351 -1.449727 32 255 222
-56.642670 -70.057136 3.015399 255 149 0
13.634847 -8.631316 3.973491 255 78 0
112.530543 -9.720566 -5.403074 0 0 252
-55.777475 10.960144 -3.359407 0 147 255
48.307464 -36.435338 -1.237771 48 255 206
35.450528 -31.058874 0.244787 157 255 97
40.680650 52.271313 -5.183724 0 13 255
13.528747 48.389375 -2.282377 0 226 255
57.762882 -83.071822 -1.629925 19 255 235
-29.907774 -0.850677 -6.060539 0 0 204
104.856889 49.033494 4.407737 255 46 0
16.125397 -79.422314 -2.754702 0 191 255
-38.852704 -7.619463 -5.517814 0 0 243
33.340461 -55.941352 -5.496911 0 0 245
44.493163 7.765849 5.477921 223 0 0
100.635814 -17.492096 -3.862956 0 110 255
32.639362 23.982189 2.446926 255 190 0
5.399450 23.775135 0.825702 200 255 54
-35.266252 -78.917599 3.974304 255 78 0
-17.867006 -22.412435 -2.639556 0 200 255
-51.235147 -79.597960 3.004117 255 149 0
28.848826 81.885272 -3.254202 0 155 255
86.701103 -81.383203 2.929465 255 155 0
22.267541 -55.152254 -5.419107 0 0 251
-71.280649 -68.271647 -0.163631 127 255 127
-111.266262 -66.522618 -5.711421 0 0 229
90.738121 9.322403 -4.197206 0 85 255
-49.145255 -46.127907 3.642995 255 102 0
45.317552 39.975406 -2.096138 0 240 255
106.910919 85.668462 2.702025 255 172 0
105.582474 59.129965 6.010449 183 0 0
13.156454 -35.055135 -1.005180 65 255 189
99.158712 -44.865214 3.729036 255 96 0
-23.351118 -62.935879 5.075205 252 0 0
105.738843 39.144816 2.389581 255 195 0
42.912350 -72.737326 -5.557384 0 0 240
-100.707470 88.125025 -1.518842 27 255 227
74.916519 56.574772 1.390293 241 255 13
-81.442538 40.203970 -1.320910 42 255 212
119.297234 80.610886 2.871800 255 159 0
-108.141629 -88.442481 -1.346043 40 255 214
61.684108 -64.689418 -2.009570 0 246 255
-83.397923 -0.219992 3.709267 255 98 0
9.621779 29.513747 0.406527 169 255 85
-30.681532 -70.878312 5.260457 239 0 0
90.065493 6.321331 -4.388322 0 71 255
-54.263192 -78.920478 2.984086 255 151 0
52.819311 -20.245420 2.048774 255 220 0
105.668110 -64.784015 6.141379 174 0 0
-104.601152 51.688439 -5.033601 0 24 255
51.377464 47.340695 -2.703903 0 195 255
-99.868216 57.859200 -5.667706 0 0 232
66.915504 -17.467596 0.474339 174 255 80
85.672822 -61.184360 3.675208 255 100 0
-86.582810 45.788789 -2.899027 0 181 255
92.214384 -13.054472 -3.877067 0 109 255
-14.833766 -67.280839 4.037632 255 73 0
-45.977641 -86.644425 1.386666 241 255 13
111.728604 -37.069992 1.420919 243 255 11
-27.786578 20.703610 -2.794820 0 188 255
-69.659957 -1.843913 0.146320 150 255 104
-40.866936 -17.743373 -3.915467 0 106 255
97.147809 -87.820202 1.462725 246 255 8
116.184796 7.211911 -4.947502 0 30 255
-10.777260 89.810476 0.811516 199 255 55
-1.495841 -57.358718 0.566664 181 255 73
23.543359 50.460011 -4.420764 0 69 255
81.506430 -75.032060 2.616503 255 178 0
-117.820743 46.285681 -3.480155 0 138 255
70.957942 -13.495723 -0.340636 114 255 140
113.407732 40.542202 2.747362 255 168 0
-22.711656 25.629514 -1.456398 32 255 222
-14.929721 -28.698765 -0.261094 120 255 134
109.858860 61.140333 6.009341 184 0 0
-22.346932 -7.431420 -4.855738 0 37 255
-29.578169 87.340631 1.773217 255 240 0
86.229323 49.348841 3.232729 255 133 0
-6.431065 -86.727548 0.618456 184 255 70
35.274325 46.573290 -3.593386 0 130 255
-51.268806 14.997021 -3.108669 0 165 255
43.219168 73.039419 -4.820010 0 40 255
-31.705727 17.457952 -4.173998 0 87 255
68.047262 20.889408 0.121641 148 255 106
-1.791258 19.718344 -0.045548 136 255 118
100.645357 -49.977823 4.250848 255 58 0
11.386795 -3.001312 2.465019 255 189 0
85.799003 67.497724 4.051960 255 72 0
-14.293940 -61.326000 3.757260 255 94 0
40.630601 -20.220017 2.901427 255 157 0
-55.907506 50.490127 2.858512 255 160 0
20.716931 68.353369 -4.795073 0 41 255
39.124343 -58.364964 -5.773027 0 0 225
-74.172706 -42.029199 -0.250780 120 255 134
10.512278 44.128969 -1.341028 40 255 214
101.205967 46.051385 4.749054 255 21 0
-71.576857 -39.961730 0.325533 163 255 91
-2.819260 -66.972897 0.897778 205 255 49
80.960958 -75.016869 2.316982 255 200 0
-17.742943 75.624378 3.819150 255 89 0
-112.821815 82.376964 -3.003098 0 173 255
6.111892 -87.304809 -0.432850 107 255 147
-9.062194 -20.682518 -0.930614 70 255 184
102.645806 -38.587779 2.128018 255 214 0
39.343572 -13.074329 4.482198 255 41 0
66.348929 6.875129 1.087315 219 255 35
-31.674314 -3.566043 -5.935871 0 0 213
95.108960 12.158130 -4.676553 0 50 255
78.823963 5.165294 -2.058532 0 243 255
-98.154020 6.784384 5.102005 250 0 0
38.582423 72.470890 -5.670764 0 0 232
97.084506 -39.708242 2.962307 255 152 0
36.046063 -55.400226 -5.294203 0 5 255
113.078503 64.196705 5.495724 221 0 0
-57.368953 -1.595409 -3.059351 0 169 255
21.068214 -73.562585 -4.158709 0 88 255
8.019399 41.049984 -1.196780 51 255 203
-49.127623 11.537998 -4.251377 0 81 255
67.514982 38.729046 -0.614601 94 255 160
-16.500693 -42.338444 2.286131 255 202 0
35.892816 69.459176 -5.200107 0 12 255
67.723847 -57.754871 -0.024791 137 255 117
54.541127 55.267371 -3.450912 0 140 255
-95.908002 -35.842876 -0.680746 89 255 165
-106.737489 65.352300 -5.839529 0 0 220
76.871533 59.276903 2.257220 255 204 0
36.070252 53.186974 -4.767631 0 44 255
-84.448574 36.737429 -1.071928 60 255 194
-88.796681 50.869902 -3.636041 0 127 255
-0.591092 53.384422 0.118916 148 255 106
-77.296753 40.519635 -1.048574 62 255 192
103.343880 -72.927005 5.335299 233 0 0
-66.254547 -22.365144 0.023058 141 255 113
106.491662 67.507486 6.346183 159 0 0
51.789442 -86.001778 -1.879140 1 255 253
13.405404 -58.477471 -3.282999 0 153 255
41.073914 58.962174 -4.968884 0 29 255
46.088351 67.369270 -5.267858 0 7 255
-51.531461 49.870239 3.512604 255 112 0
-2.853892 31.683598 0.748261 194 255 60
-104.081820 11.194171 5.060514 253 0 0
-108.489964 -43.371018 -3.010491 0 173 255
106.452360 -24.167572 -2.099651 0 240 255
84.123465 -43.312270 1.537701 252 255 2
60.871894 -11.436694 2.222891 255 207 0
-95.043826 18.045883 2.813493 255 163 0
29.709020 -2.372957 5.321414 234 0 0
51.645671 89.881721 -0.466585 105 255 149
-16.677727 61.184464 4.357346 255 50 0
-29.298577 13.443755 -4.546858 0 60 255
54.308223 -65.919112 -3.439496 0 141 255
-117.526250 -41.572957 -1.980770 0 248 255
-7.063094 -68.734734 1.975509 255 225 0
-58.441513 -55.288643 2.334791 255 199 0
-13.496718 -23.672424 -1.618100 20 255 234
12.621897 -63.187918 -2.815505 0 187 255
-19.086350 -54.646596 4.185263 255 63 0
90.432301 87.965252 1.941195 255 227 0
91.668997 -4.398929 -5.158973 0 15 255
62.289213 -66.263199 -1.709377 13 255 241
70.678177 65.119090 -0.358380 113 255 141
0.153022 -5.073061 0.308442 162 255 92
-54.944675 79.714210 2.637529 255 176 0
75.760976 28.814233 0.221168 155 255 99
-92.031141 27.799297 0.276743 159 255 95
22.608622 56.426959 -5.248960 0 8 255
32.000917 -76.560638 -4.815007 0 40 255
-93.803408 6.083573 5.233839 241 0 0
-70.979904 57.030115 0.292955 160 255 94
41.330855 -85.408568 -2.022517 0 245 255
85.832305 34.364927 0.140422 149 255 105
-26.209973 3.194535 -5.618344 0 0 236
7.501732 -51.696704 -1.172135 53 255 201
49.975173 -52.905926 -3.837263 0 112 255
19.626786 87.431982 -1.977961 0 249 255
-8.920178 72.386997 2.325958 255 199 0
33.150865 73.348591 -4.928166 0 32 255
50.398215 -76.111670 -3.294741 0 152 255
72.244989 33.980678 0.136570 149 255 105
14.657585 3.105836 3.806241 255 90 0
38.620683 -77.497334 -4.014072 0 99 255
-73.128549 52.036329 -0.609410 94 255 160
-81.221401 -69.272434 -2.386839 0 218 255
74.342540 51.759204 1.367048 239 255 15
-66.329694 -61.921814 1.222428 229 255 25
-15.128027 78.647515 2.577753 255 181 0
92.383057 38.881410 2.144655 255 213 0
-84.784821 -2.870328 4.072990 255 71 0
42.889981 -16.414890 3.678670 255 100 0
-60.369778 11.468349 -2.345072 0 222 255
30.228596 -78.927476 -3.867802 0 110 255
75.967384 68.009075 1.856159 255 234 0
76.907604 51.147901 1.346568 238 255 16
66.626829 60.947384 -0.680202 89 255 165
4.296253 73.936008 -0.226907 122 255 132
10.462257 27.201150 -0.074800 133 255 121
-78.737285 18.199412 1.619769 255 251 0
-91.998270 47.576843 -3.521690 0 135 255
59.497824 -22.768016 1.190665 226 255 28
-107.463843 70.071006 -5.552616 0 0 241
103.856311 -47.403007 4.487814 255 40 0
-75.409269 20.991887 0.741316 193 255 61
52.818004 6.591710 3.803279 255 91 0
-12.563783 56.700773 3.367791 255 123 0
27.059178 74.105940 -4.045188 0 97 255
61.584647 -30.360829 0.104454 147 255 107
-48.933479 -0.714875 -4.540965 0 60 255
78.063847 -21.368515 -0.597538 95 255 159
61.277549 -32.836367 -0.495456 102 255 152
19.275482 78.209996 -3.379070 0 146 255
17.810117 26.327274 0.856379 202 255 52
-27.823700 46.452606 3.852415 255 87 0
112.592749 -59.275788 5.934288 189 0 0
-26.983127 63.513303 5.410233 228 0 0
-62.152698 55.086040 2.365301 255 196 0
13.987480 -48.907471 -1.950524 0 251 255
101.041990 -46.283194 3.775286 255 93 0
102.226954 8.634398 -5.308585 0 4 255
18.748183 20.480924 2.634563 255 177 0
-25.887337 -29.166278 -0.974497 67 255 187
59.311108 73.294373 -3.013675 0 172 255
14.168501 57.753978 -3.414025 0 143 255
77.467789 -13.818691 -1.838841 4 255 250
79.977382 -74.214036 2.278466 255 203 0
48.553175 -47.343013 -3.744391 0 119 255
113.477995 -42.931171 2.871765 255 159 0
35.681815 23.413602 2.147988 255 212 0
113.941978 14.124062 -4.114921 0 91 255
36.467612 86.086122 -2.033516 0 244 255
-67.594224 11.955084 -0.423219 108 255 146
30.633377 -18.439390 3.745128 255 95 0
64.262861 3.034082 1.087278 219 255 35
-18.442298 50.231929 4.160432 255 64 0
-79.732757 39.175622 -0.563953 97 255 157
-35.587404 64.096071 6.577264 142 0 0
67.568706 -20.097978 0.344342 164 255 90
-70.157884 15.288521 -0.156907 127 255 127
-117.264819 51.707508 -4.101611 0 92 255
90.966718 -73.505908 3.852867 255 87 0
113.222870 -5.088704 -5.378248 0 0 254
88.537559 29.995307 -0.367451 112 255 142
72.290160 57.685033 0.599278 183 255 71
55.114752 85.410742 -2.089912 0 240 255
12.344063 -74.349492 -2.346576 0 221 255
36.440369 83.444098 -3.531078 0 134 255
59.127825 -82.700430 -1.465025 31 255 223
-41.136096 45.918723 3.777207 255 93 0
-70.737856 -77.713017 -0.833501 78 255 176
46.547827 -72.583951 -4.338063 0 75 255
24.832751 -25.121669 1.684012 255 246 0
117.687495 58.764868 5.538303 218 0 0
-20.501055 -32.220114 0.826150 200 255 54
-20.622367 -88.770933 1.023705 214 255 40
-90.701291 0.535721 4.136700 255 66 0
-116.419473 -20.119871 2.782545 255 166 0
-86.573420 -69.534445 -3.555929 0 133 255
22.083758 -89.138337 -1.324339 42 255 212
111.317089 43.434302 3.872653 255 86 0
-92.817077 -30.691952 0.242088 157 255 97
-81.588189 -33.799992 -0.600574 95 255 159
43.653254 -7.981759 5.032040 255 0 0
-47.493065 -71.346143 4.686747 255 26 0
-109.044045 40.684978 -2.243336 0 229 255
93.039387 16.125541 -3.772477 0 117 255
-84.235908 -50.264666 -2.904908 0 180 255
-15.272775 22.013606 -1.476608 30 255 224
61.093445 -12.777642 1.737079 255 242 0
67.202809 -23.050226 0.331816 163 255 91
109.391506 -3.096866 -5.472707 0 0 247
22.207221 63.512217 -4.855906 0 37 255
-84.476055 -85.365056 -1.302908 43 255 211
-100.692894 -85.042983 -2.801920 0 188 255
34.337516 -30.675500 -0.261671 120 255 134
8.482297 -44.437969 -1.655073 17 255 237
-60.193265 -7.624416 -2.469870 0 212 255
-80.402325 42.655280 -1.286978 44 255 210
-35.936824 -2.939665 -6.068097 0 0 203
-50.897835 -25.621817 -1.552529 25 255 229
-34.904249 24.465765 -2.190337 0 233 255
-35.666986 39.813322 2.559246 255 182 0
60.605926 80.194807 -1.706040 13 255 241
-9.216559 27.186453 -0.120440 130 255 124
83.485766 75.083472 3.042838 255 147 0
0.490079 -82.804366 0.042318 142 255 112
-50.290135 49.936248 3.477806 255 115 0
101.824303 -66.000771 6.475515 149 0 0
36.344810 -45.559126 -3.750436 0 118 255
82.320881 86.803329 1.508618 250 255 4
-64.089452 80.979328 1.138170 223 255 31
113.585296 -25.922847 -1.629791 19 255 235
32.412661 56.772488 -5.815584 0 0 222
-30.057340 -5.936296 -5.712277 0 0 229
-59.739211 -59.508200 2.886033 255 158 0
-96.279424 -73.162461 -4.668708 0 51 255
-112.108866 -22.974315 1.761006 255 241 0
-72.959639 -36.490875 -0.002794 139 255 115
-45.635828 12.439131 -4.861214 0 37 255
7.357258 24.325041 0.477487 174 255 80
-24.485290 85.779241 2.650977 255 175 0
-109.100323 -8.947130 5.319678 234 0 0
-85.343187 45.533173 -2.590704 0 203 255
-115.581604 45.627960 -4.381940 0 72 255
-110.297924 -25.847212 1.830940 255 236 0
-48.610545 -77.669270 3.513442 255 112 0
33.245667 22.078937 2.658261 255 175 0
-83.202204 65.957965 -3.815640 0 113 255
92.059368 -16.439026 -3.783603 0 116 255
116.956938 -59.166136 4.996900 255 3 0
27.611187 -66.991954 -6.241910 0 0 190
-108.401893 -38.682818 -1.858244 2 255 252
-76.421991 89.049658 -0.213431 123 255 131
2.637850 67.145612 -1.068253 60 255 194
104.375531 79.008820 3.812282 255 90 0
115.657268 -50.249019 4.302949 255 54 0
56.834341 -23.035340 1.335550 237 255 17
93.677559 31.093682 -0.387643 110 255 144
-96.689101 -59.581738 -5.586548 0 0 238
1.734684 -73.281303 -0.789892 81 255 173
-5.217003 -72.962287 0.653277 187 255 67
-68.009957 -4.927228 -0.211152 123 255 131
15.378691 15.931803 2.817942 255 163 0
15.107892 -37.291716 -1.560190 24 255 230
113.161589 48.842953 4.262014 255 57 0
-103.917212 5.240949 5.834057 196 0 0
-48.198911 -24.152226 -1.228915 49 255 205
-78.939048 -50.183220 -1.485623 30 255 224
-66.455913 40.204199 0.887094 204 255 50
-43.594505 -19.239702 -3.295984 0 152 255
-31.462923 64.820734 6.272518 164 0 0
109.788087 84.116286 2.586160 255 180 0
-41.183988 30.258325 -0.688978 88 255 166
-3.868284 47.345037 1.498730 249 255 5
-80.188609 -11.812486 1.913226 255 230 0
-67.057755 54.966874 1.147763 223 255 31
-67.976737 -34.832049 -0.099556 132 255 122
16.536104 -62.680014 -4.288740 0 79 255
-47.812044 32.320541 0.878772 203 255 51
-53.318467 31.785737 -0.612536 94 255 160
5.666161 -30.463710 0.082667 145 255 109
-116.057909 33.095534 -0.276559 119 255 135
87.223803 75.756339 3.102526 255 142 0
-107.651751 -35.734617 -1.656239 17 255 237
-21.270457 41.613360 2.044608 255 220 0
117.253793 -3.989432 -4.216686 0 84 255
-79.683215 -27.487263 -0.161230 127 255 127
-109.194484 84.707649 -3.114236 0 165 255
-3.391536 28.390419 -0.280478 118 255 136
31.342029 -83.413982 -3.548958 0 133 255
-28.238253 43.305203 3.462812 255 116 0
-67.175092 58.660985 0.352566 165 255 89
45.837955 -2.103523 5.075163 252 0 0
21.539108 -75.394036 -4.059118 0 96 255
-36.708200 48.647311 4.220404 255 60 0
27.758952 -15.994771 4.069571 255 71 0
81.607454 56.159532 2.340297 255 198 0
3.533864 -17.306566 0.543647 179 255 75
-26.926205 -10.644667 -4.576557 0 58 255
27.773568 41.533177 -2.432280 0 215 255
1.198149 -41.771956 -0.647503 91 255 163
-96.298243 68.728997 -5.902617 0 0 215
96.765920 -43.544550 3.895491 255 84 0
-90.179660 66.327686 -4.393349 0 71 255
58.222845 50.352535 -3.145012 0 163 255
-16.012685 -37.909696 1.572555 254 255 0
68.026738 40.825890 -0.135825 129 255 125
5.523811 16.785268 1.140945 223 255 31
76.952356 -24.877204 -0.084847 133 255 121
-7.226049 8.515749 -1.815720 5 255 249
-60.682167 -60.521121 2.584836 255 180 0
64.879611 -87.121588 -0.641819 92 255 162
78.612827 84.906657 1.569224 254 255 0
0.620263 36.357551 0.166658 151 255 103
102.978034 48.760256 4.997403 255 3 0
49.810108 -27.108026 1.154051 224 255 30
103.831134 -87.643185 1.465405 247 255 7
-73.094046 -84.509529 -0.441728 106 255 148
106.440552 -34.879971 0.990611 212 255 42
64.236796 -44.831351 -0.835589 77 255 177
106.267344 -0.282733 -6.300400 0 0 186
-36.006776 -40.541557 2.414969 255 193 0
13.438185 74.190515 -3.107258 0 166 255
94.637000 -21.913475 -2.912324 0 180 255
41.385594 -29.932876 0.494853 175 255 79
-50.636901 -24.863448 -1.739150 11 255 243
-50.607212 -46.726601 3.616110 255 104 0
107.112235 -68.007596 5.547943 217 0 0
41.127150 26.772976 0.664409 188 255 66
-107.303714 -30.401194 0.318267 162 255 92
-57.906353 -17.812093 -1.536110 26 255 228
13.664312 73.454844 -2.592117 0 203 255
-74.510087 47.259638 -1.194852 51 255 203
-8.197957 76.913573 1.475190 247 255 7
40.243418 25.380425 1.587638 255 253 0
-99.795336 49.737329 -4.507639 0 63 255
-59.093635 45.609027 1.607202 255 252 0
91.373326 -8.730881 -5.476049 0 0 246
-110.187109 67.509224 -5.326367 0 2 255
-93.235514 -27.720184 1.133540 222 255 32
76.798936 -34.810987 -0.123203 130 255 124
42.340762 10.169138 4.855631 255 13 0
-6.858636 17.069916 -1.403129 36 255 218
86.177105 23.372999 -1.959894 0 250 255
-69.953177 17.816633 0.057517 143 255 111
-118.673184 -77.325886 -4.077745 0 94 255
74.954507 58.160123 1.247732 231 255 23
33.032107 47.239125 -4.052657 0 96 255
-39.161833 79.308993 4.268959 255 56 0
19.041164 -38.064905 -0.854558 76 255 178
-100.458258 -44.447429 -3.555821 0 133 255
-44.927508 48.273463 4.193938 255 62 0
16.436577 -67.111554 -3.776827 0 116 255
82.690886 -24.996651 -1.277634 45 255 209
-44.017430 85.293814 1.674411 255 247 0
-105.392035 -24.866320 1.545408 252 255 2
-98.846195 2.694179 5.066429 253 0 0
-46.474345 -11.754805 -4.332445 0 75 255
30.295986 45.950665 -3.394156 0 144 255
49.260417 33.709571 -0.328148 115 255 139
46.746357 -22.949497 2.902569 255 157 0
89.980984 41.338354 2.350287 255 197 0
43.629951 10.295543 5.712194 205 0 0
40.955372 -21.523338 3.389449 255 121 0
22.571771 -22.708243 2.396262 255 194 0
39.973744 -6.816206 6.135992 174 0 0
55.310731 -8.296674 3.162727 255 138 0
114.255366 -88.357957 1.157093 224 255 30
-76.896938 -87.240401 -0.480858 104 255 150
34.338402 -54.564925 -4.947671 0 30 255
-90.166057 33.124294 -0.164363 127 255 127
-70.543599 84.541925 0.171174 151 255 103
102.407535 -88.731874 1.647516 255 249 0
-22.855750 -89.145973 1.090970 219 255 35
16.114486 5.549712 4.057611 255 72 0
-69.200948 60.875083 0.428439 170 255 84
2.406679 65.530630 -0.805425 80 255 174
-114.147472 -64.988202 -4.974456 0 28 255
19.400320 -33.812617 0.068181 144 255 110
109.013731 28.372465 -1.601994 21 255 233
44.942296 59.805711 -5.190933 0 12 255
39.713037 65.199047 -6.294846 0 0 186
13.170903 -28.429154 0.351622 165 255 89
-43.117672 31.664579 0.098461 146 255 108
65.713089 18.179570 0.922373 207 255 47
-26.753895 -50.312010 4.735531 255 22 0
-39.220709 45.045184 3.960831 255 79 0
11.390087 -64.430342 -2.839135 0 185 255
113.955931 34.725059 0.644045 186 255 68
56.186330 -18.881794 2.153722 255 212 0
41.910123 49.800517 -4.661769 0 51 255
-89.265411 52.602049 -3.799630 0 115 255
73.958068 -63.216537 1.077989 218 255 36
-18.521368 8.753987 -3.990798 0 101 255
30.831863 70.479164 -6.065252 0 0 203
14.608627 27.717295 0.788909 197 255 57
68.509999 -10.792331 0.118710 148 255 106
-112.301374 -55.888857 -5.239141 0 9 255
-96.574234 -59.274032 -5.651478 0 0 234
-52.508797 8.268921 -3.212357 0 158 255
-71.406027 51.714116 0.092424 146 255 108
43.560273 56.071223 -4.493301 0 64 255
-91.979329 58.086532 -5.099664 0 19 255
-97.829091 23.362270 2.414668 255 193 0
7.152002 82.931819 -1.071240 60 255 194
-104.072299 9.667421 5.055526 254 0 0
70.598333 6.477188 -0.007350 138 255 116
-40.882158 80.339545 3.447799 255 117 0
-47.428934 53.753198 5.360718 231 0 0
23.333696 57.090464 -5.036982 0 24 255
114.278336 -22.094846 -2.200145 0 232 255
-52.060738 10.095439 -3.903667 0 107 255
-65.776160 -71.026295 0.939498 208 255 46
-31.604088 57.420836 5.571772 216 0 0
67.005660 -40.487780 0.158282 150 255 104
104.022431 27.130724 -0.888189 74 255 180
-82.996089 -84.137429 -1.451180 32 255 222
-112.826730 -27.082625 1.014302 213 255 41
-46.613610 -64.919569 5.192423 244 0 0
-43.017256 -21.407060 -2.466927 0 213 255
59.390177 23.745537 0.714955 191 255 63
43.345762 5.290972 5.529073 219 0 0
59.342059 -80.474711 -2.348203 0 221 255
-25.735934 1.956804 -5.676521 0 0 232
-17.150842 -86.492661 1.401694 242 255 12
106.056616 -10.496293 -5.280930 0 6 255
-108.396095 52.005265 -4.446446 0 67 255
-114.880384 13.285557 3.737642 255 95 0
-115.950966 -22.450710 2.342832 255 198 0
76.063585 26.119884 -0.611278 94 255 160
4.269900 12.757705 0.545810 179 255 75
46.773055 -19.634093 2.631851 255 177 0
36.843918 -19.458892 2.856962 255 160 0
75.113922 31.531644 0.109007 147 255 107
7.171643 24.615716 0.766895 195 255 59
-41.139263 26.890045 -1.721638 12 255 242
-93.108755 -66.147034 -5.056313 0 22 255
-21.342130 78.842233 3.402677 255 120 0
-73.172754 66.647354 -1.850206 3 255 251
102.315929 -61.117897 5.864024 194 0 0
63.153556 47.752411 -1.555512 25 255 229
-51.701417 -24.426855 -1.858068 2 255 252
2.739243 56.566826 -1.140912 55 255 199
-7.328663 1.007103 -2.728176 0 193 255
25.075711 24.655106 1.391230 241 255 13
107.261436 19.849131 -4.085654 0 94 255
-53.844588 25.815576 -0.897930 73 255 181
27.416186 22.272544 2.117109 255 215 0
1.051266 26.752756 0.318631 162 255 92
109.091883 -3.473021 -5.951045 0 0 212
-67.651127 3.081192 -0.532377 100 255 154
35.484494 -64.412834 -6.227641 0 0 191
-98.204771 22.657393 2.255030 255 204 0
10.488173 -21.051357 1.362741 239 255 15
110.328446 -80.052656 3.625021 255 104 0
52.656892 49.904670 -3.181982 0 160 255
-112.463858 29.979678 -0.051268 135 255 119
116.135604 -23.041137 -2.428500 0 215 255
9.545372 29.947707 -0.344471 114 255 140
19.137392 88.949980 -0.674683 89 255 165
106.903523 -63.832741 6.476991 149 0 0
20.340583 43.590632 -2.734639 0 193 255
-67.027343 89.616951 0.280605 159 255 95
-16.968445 -69.938115 3.727828 255 96 0
59.812521 -49.322818 -2.142159 0 236 255
-24.851798 -31.320193 0.653592 187 255 67
-79.557153 83.511095 -1.205377 50 255 204
-26.601738 -88.614684 1.527178 251 255 3
-95.253982 6.499480 5.023784 255 1 0
-96.013347 -45.406196 -3.441724 0 141 255
-90.849400 -62.961226 -4.671427 0 51 255
2.251687 -88.297063 -0.390213 110 255 144
-42.858299 -17.925954 -3.599633 0 129 255
-76.843890 -34.065764 -0.021515 137 255 117
57.301855 -25.109758 1.024202 214 255 40
26.795438 53.681690 -5.210326 0 11 255
76.759010 -13.307489 -1.378652 38 255 216
-81.414076 -20.980011 1.505559 250 255 4
28.874711 6.539290 5.394511 229 0 0
-56.834352 -1.600093 -3.479265 0 138 255
-1.157109 38.916080 0.235663 156 255 98
-12.912327 19.704173 -2.009285 0 246 255
19.994078 -13.021908 3.323520 255 126 0
16.889450 89.038294 -1.363157 39 255 215
100.419092 83.313367 3.006066 255 149 0
29.887183 28.078743 0.687582 189 255 65
-35.619489 57.419659 5.325352 234 0 0
70.658344 -59.276287 0.548056 179 255 75
-81.278657 79.089105 -2.568389 0 205 255
66.076791 67.892049 -1.277385 45 255 209
18.455864 3.981041 4.676017 255 27 0
-57.573768 -46.310747 1.866998 255 233 0
60.578641 8.998353 2.005814 255 223 0
-92.604112 43.519699 -3.463510 0 139 255
-111.444200 5.251771 5.504911 221 0 0
-54.776113 11.354212 -3.833597 0 112 255
1.145653 -18.761275 0.431528 171 255 83
31.386875 23.856186 1.989852 255 224 0
-44.571216 53.993426 5.093338 251 0 0
18.907949 58.627780 -4.613976 0 55 255
115.334370 -52.190383 4.103327 255 69 0
119.642603 62.035816 4.413621 255 46 0
53.023369 26.074533 1.536665 252 255 2
-47.483144 -29.381668 -0.462949 105 255 149
-5.586997 65.066390 1.391394 241 255 13
73.903389 -51.046916 1.313988 235 255 19
92.921095 -64.956688 4.532896 255 37 0
108.327176 46.256476 3.850958 255 87 0
-26.961918 86.522149 2.425405 255 192 0
-38.871216 -33.437831 0.250951 157 255 97
-39.368152 1.665236 -5.744835 0 0 227
68.418636 -28.132815 -0.091905 132 255 122
109.740505 21.450276 -2.330918 0 223 255
15.171443 65.355178 -3.566448 0 132 255
-13.641246 68.460899 3.380830 255 122 0
39.905293 31.289885 -0.073964 133 255 121
-18.813645 35.222223 0.617992 184 255 70
16.813764 -29.490796 -0.101586 131 255 123
-74.879202 -14.763076 0.645566 186 255 68
-96.196552 -81.859818 -3.957805 0 103 255
-22.667267 -60.677491 4.989526 255 3 0
-55.597227 -52.651394 3.226249 255 133 0
-83.518867 22.427793 2.215222 255 207 0
111.579370 22.690457 -2.305152 0 224 255
47.128096 -84.161947 -1.944106 0 251 255
-26.826597 -44.515013 3.033936 255 147 0
118.000453 36.818813 1.072386 218 255 36
-94.320122 62.758341 -5.239345 0 9 255
-36.313440 33.712351 0.418891 170 255 84
92.147031 6.455543 -4.525576 0 61 255
112.341963 -84.780896 2.865485 255 160 0
70.272013 -3.863267 -0.190665 125 255 129
-75.313935 89.780898 -0.503551 102 255 152
15.946340 -60.827168 -4.033731 0 97 255
-102.894127 -47.561606 -4.628873 0 54 255
-104.771677 55.966917 -5.096426 0 19 255
87.165044 52.096364 3.624598 255 104 0
-119.423012 56.247788 -3.956806 0 103 255
-96.717674 -11.859389 4.311727 255 53 0
-94.609150 -85.535048 -1.617032 20 255 234
50.781405 51.310435 -3.967777 0 102 255
30.824528 75.202053 -4.858352 0 37 255
-68.187602 8.190581 -0.202012 124 255 130
-21.557350 -19.556921 -2.391353 0 218 255
108.372598 -64.329907 6.408934 154 0 0
-69.473193 -39.335551 0.069008 144 255 110
-103.730419 4.360304 5.496075 221 0 0
35.220229 48.762564 -4.041904 0 97 255
-94.090447 -71.360249 -4.909527 0 33 255
13.538520 -4.584372 2.930752 255 155 0
-58.806290 -86.553557 0.612673 184 255 70
-112.179557 8.736707 4.980132 255 4 0
38.035914 -0.313968 5.148402 247 0 0
60.421825 -2.909482 2.321429 255 200 0
-44.599279 -44.850716 3.185565 255 136 0
-82.016188 -65.139235 -2.610227 0 202 255
114.372098 68.630469 5.481319 222 0 0
-61.260143 79.838425 1.409835 242 255 12
-60.887117 8.847276 -2.951941 0 177 255
-32.191681 81.521112 3.122477 255 141 0
-62.408109 -18.458571 -1.363993 39 255 215
-60.983264 -21.501769 -0.898593 73 255 181
101.869282 -24.231659 -2.714992 0 194 255
-100.319801 -74.969778 -4.971139 0 29 255
80.284698 -29.033776 -0.857963 76 255 178
8.336478 -13.976827 2.149474 255 212 0
-111.533597 36.813432 -1.703128 14 255 240
-83.753556 -35.035880 -1.001722 65 255 189
37.389329 -20.202051 3.191795 255 136 0
14.420057 46.196633 -2.728931 0 193 255
-61.917912 -0.926870 -2.283694 0 226 255
-50.083219 20.021356 -2.512909 0 209 255
102.545275 -14.338191 -4.729978 0 46 255
56.917284 -55.401503 -3.303106 0 151 255
38.865146 -17.399479 4.349490 255 51 0
101.779694 9.740764 -5.265326 0 7 255
-64.401408 65.134446 1.196189 227 255 27
-40.876935 -22.633126 -1.935438 0 252 255
81.173672 -67.056965 3.026081 255 148 0
-14.324696 -85.093253 2.050243 255 219 0
-12.808554 86.289814 1.039625 215 255 39
74.203658 22.255757 -0.587541 96 255 158
119.855202 58.957489 4.727326 255 23 0
93.018679 56.039484 5.121018 249 0 0
65.069832 10.793336 0.940627 208 255 46
-12.843986 -52.715703 3.548111 255 109 0
49.467088 -2.807425 4.312851 255 53 0
-65.868570 -73.944934 1.091483 219 255 35
-59.082505 9.917414 -2.544741 0 207 255
-70.971026 76.956030 -0.335988 114 255 140
43.619685 -14.337626 4.122461 255 67 0
107.500227 -2.458859 -5.106532 0 19 255
61.347071 -41.360381 -1.310736 43 255 211
-56.001995 58.823598 2.767515 255 167 0
38.489950 70.631108 -5.100365 0 19 255
-35.863155 12.174984 -4.815017 0 40 255
77.786161 -12.012094 -1.594522 22 255 232
-3.518793 -64.346340 1.183758 226 255 28
-60.083723 20.713186 -0.644408 92 255 162
-50.245066 -57.583693 4.196487 255 62 0
-99.512734 -39.339492 -2.375078 0 219 255
-33.298283 -29.086320 -0.433410 107 255 147
-38.559991 -43.788542 3.330177 255 125 0
-10.051530 34.330043 0.446875 172 255 82
37.805255 20.024588 2.755162 255 168 0
102.833773 64.805785 5.739982 203 0 0
76.188302 48.897034 1.569861 254 255 0
17.665932 55.456261 -5.147987 0 16 255
-33.250054 -45.807087 4.065979 255 71 0
-79.056081 14.986898 0.903812 205 255 49
21.869780 63.944783 -4.167032 0 88 255
-104.662269 17.746273 4.196219 255 62 0
-107.152336 -43.166721 -2.758483 0 191 255
34.138529 40.304347 -2.016512 0 246 255
-80.573957 -25.826689 0.452591 172 255 82
83.644543 23.317580 -1.366136 38 255 216
40.740988 60.016137 -6.064238 0 0 203
5.870326 5.730424 1.685298 255 246 0
104.693199 -7.125116 -5.728159 0 0 228
-88.363136 -5.121198 4.467689 255 42 0
-45.602870 25.362189 -1.769600 9 255 245
1.868520 74.604661 -0.378087 111 255 143
111.680501 -1.057159 -6.008136 0 0 207
-101.102786 25.033136 1.655429 255 248 0
24.463184 33.127302 -0.736297 85 255 169
100.682909 52.061601 4.966731 255 5 0
-85.242374 -72.569985 -3.240443 0 156 255
48.979757 10.311259 4.586675 255 33 0
45.761793 -69.099865 -5.356325 0 0 255
-33.521016 -84.913328 2.964580 255 152 0
8.543772 -62.316780 -2.557878 0 206 255
104.470765 86.897237 2.654597 255 175 0
-7.685877 18.176582 -1.268706 46 255 208
-10.473118 50.989853 1.952103 255 227 0
15.415707 14.663738 2.788981 255 165 0
-112.323812 23.323079 2.496080 255 187 0
74.288197 -26.952375 -0.267659 119 255 135
-107.694089 29.511205 0.731190 193 255 61
114.905174 -40.275028 2.286790 255 202 0
112.948090 8.404318 -4.336157 0 75 255
76.440788 3.558881 -1.380963 37 255 217
94.898363 6.035292 -5.085878 0 20 255
27.731959 -67.630172 -5.385244 0 0 253
-46.631247 2.318832 -4.356267 0 74 255
24.908747 -40.309599 -2.199246 0 232 255
42.918554 -86.316129 -2.091774 0 240 255
-86.005858 46.490779 -3.076237 0 168 255
65.941376 -67.603694 -0.670431 90 255 164
-47.088683 80.906769 2.955922 255 153 0
3.011390 1.386287 0.745509 194 255 60
-56.023785 -24.200440 -0.441701 106 255 148
-52.271345 -84.146332 1.761797 255 241 0
90.367418 -87.568335 1.928289 255 228 0
64.846471 32.677052 -0.248709 121 255 133
-104.972772 35.112396 -1.630311 19 255 235
65.065698 -26.072536 0.096414 146 255 108
101.995442 63.831650 5.722675 205 0 0
48.940582 -37.039527 -1.400338 36 255 218
46.151047 4.429290 4.984856 255 4 0
-56.621631 -64.268141 3.185425 255 136 0
47.758432 -26.322836 1.174621 225 255 29
-29.026421 40.465292 2.902588 255 157 0
101.483817 -11.723111 -4.682795 0 50 255
49.074127 -41.238256 -2.563257 0 206 255
-42.548803 0.802622 -5.639896 0 0 234
92.073293 61.120448 4.868926 255 12 0
65.783069 15.253191 1.165466 225 255 29
-71.744385 -41.925161 -0.782447 81 255 173
-68.454891 70.497009 0.523312 177 255 77
-116.887047 -70.149934 -4.545051 0 60 255
64.796994 45.466540 -1.008310 65 255 189
-99.368490 -9.796780 4.964544 255 5 0
-53.903849 5.068109 -3.702559 0 122 255
56.729164 -43.609225 -2.450038 0 214 255
-46.631437 -43.032651 2.583443 255 180 0
-51.396971 -62.162520 3.906210 255 83 0
-104.090706 8.137943 5.649765 210 0 0
-107.912374 40.054643 -2.855051 0 184 255
17.232895 -88.455903 -1.336618 41 255 213
-86.749002 -39.080994 -2.294995 0 225 255
111.309207 -2.124576 -5.931402 0 0 213
-113.783233 84.470390 -2.245990 0 229 255
-44.194007 0.673707 -5.354874 0 0 255
-75.865248 8.785631 1.909867 255 230 0
95.799317 6.520257 -6.228069 0 0 191
60.179302 -59.848081 -3.473592 0 139 255
-93.255353 4.983735 5.655195 210 0 0
-106.652426 -61.105983 -5.819934 0 0 221
-100.059263 53.336502 -5.712045 0 0 229
57.497907 50.542304 -2.295499 0 225 255
59.345992 48.179067 -1.865189 2 255 252
31.855810 -50.159457 -4.657500 0 52 255
-2.612428 -12.168909 -0.406999 109 255 145
-8.876015 -73.795547 2.290426 255 202 0
22.931105 14.487457 4.070476 255 71 0
-93.959114 -53.818641 -4.686148 0 49 255
70.684003 58.023856 0.402860 168 255 86
66.613613 7.657615 0.890028 204 255 50
43.393006 -50.131095 -4.451628 0 67 255
-63.462136 13.513185 -1.309817 43 255 211
-68.472219 -17.262301 -0.337132 114 255 140
115.252739 29.705350 -0.391798 110 255 144
107.662486 70.009020 5.812216 198 0 0
59.533237 -86.081542 -1.107976 57 255 197
68.460683 -42.147144 -0.229453 122 255 132
-10.054877 66.548714 3.171347 255 137 0
90.493035 -67.727973 5.301667 236 0 0
45.713033 12.158682 4.399428 255 47 0
-14.934890 82.092669 1.877323 255 232 0
43.542617 -50.755701 -4.067090 0 95 255
-100.885371 72.294450 -5.807123 0 0 222
-25.301838 -42.301886 3.359753 255 123 0
82.510065 13.141872 -2.124758 0 238 255
-4.841571 30.377119 -0.240572 121 255 133
13.507323 -75.745259 -2.786838 0 189 255
14.563142 63.732260 -4.023523 0 98 255
106.324686 59.185314 5.944256 188 0 0
-71.796227 -85.478858 -0.618084 93 255 161
43.549048 -3.094101 4.987510 255 4 0
-12.201170 76.512762 2.482511 255 188 0
-63.493444 -26.551946 -0.635188 92 255 162
-108.373318 -10.573174 5.061037 253 0 0
26.484637 -32.128951 -0.313135 116 255 138
-75.932754 -77.391371 -1.497638 29 255 225
19.795417 -72.442770 -4.080102 0 94 255
-16.817199 30.363016 -0.556478 98 255 156
-22.665229 -41.323514 2.579372 255 181 0
93.116808 81.525390 2.878351 255 159 0
-98.409846 72.261965 -4.726622 0 47 255
14.692030 40.945328 -1.873993 1 255 253
-20.523969 -0.183855 -4.570854 0 58 255
-83.666294 47.394142 -2.217922 0 231 255
-25.137576 -87.756662 1.678679 255 247 0
88.030664 80.524083 2.323915 255 199 0
-72.464087 85.573931 -0.063065 134 255 120
43.117912 16.834739 3.255155 255 131 0
-55.578885 12.181785 -2.820873 0 187 255
4.628759 44.197389 -1.288951 44 255 210
12.239954 -89.663063 -0.881849 74 255 180
-102.837036 35.456061 -1.267815 46 255 208
73.934176 -22.155298 -0.725272 86 255 168
-29.150697 -89.207112 1.499710 249 255 5
-69.654710 -11.579546 0.137589 149 255 105
-70.139737 76.501638 -0.047060 135 255 119
116.443263 16.084531 -3.549603 0 133 255
106.338640 -42.658894 3.637936 255 103 0
-7.395883 0.360238 -1.722219 12 255 242
-55.023892 58.708508 3.736071 255 96 0
49.948442 -63.626263 -4.885200 0 35 255
-107.317263 82.779536 -3.652570 0 125 255
86.155141 -61.873921 3.779412 255 92 0
-118.635949 -66.273884 -4.495596 0 64 255
-108.141756 -85.118747 -2.597699 0 203 255
-39.794433 69.852092 5.723057 205 0 0
-10.526399 21.249121 -1.835199 4 255 250
-118.741430 26.896090 0.409357 169 255 85
-51.451030 -17.761518 -2.764471 0 191 255
116.104534 -71.134377 3.873569 255 85 0
65.716195 -23.401665 0.291227 160 255 94
-105.945598 -60.038770 -6.531897 0 0 169
90.413042 13.307455 -3.776436 0 116 255
-8.219022 28.675201 -0.175963 126 255 128
117.438849 6.285668 -5.277273 0 6 255
-42.952021 -21.721193 -2.260696 0 228 255
-45.713194 -42.956890 2.976081 255 151 0
42.991466 32.548637 -0.409362 109 255 145
-2.861717 -57.473709 0.361434 165 255 89
-53.660219 77.437805 2.613796 255 178 0
5.905316 0.176653 1.432174 244 255 10
32.910686 6.328077 5.955545 187 0 0
-45.006742 63.432882 5.317224 234 0 0
77.826324 -68.588147 1.406274 242 255 12
59.705240 75.315523 -2.775411 0 190 255
60.749495 71.091960 -2.130045 0 237 255
38.453223 -22.430134 2.439784 255 191 0
-64.767503 -59.427203 1.596720 255 253 0
49.425209 53.517721 -4.108718 0 92 255
-78.079061 -82.065353 -0.975896 67 255 187
-85.938255 45.338353 -2.170072 0 234 255
0.905089 40.695858 0.170487 151 255 103
-78.627137 -65.722327 -2.204045 0 232 255
-89.413348 -89.748957 -1.748402 10 255 244
22.123596 -69.266883 -4.554855 0 59 255
114.118088 37.479305 1.918318 255 229 0
-106.669484 -11.924340 5.116107 249 0 0
-13.380617 84.636196 1.128112 222 255 32
-98.320817 -66.110358 -5.532219 0 0 242
9.299861 82.959482 -0.955115 69 255 185
17.912514 83.729630 -2.033170 0 244 255
-2.267263 -34.449852 -0.048581 135 255 119
-110.618833 -78.962594 -4.744602 0 45 255
48.194166 60.021186 -5.225078 0 10 255
1.892037 27.027813 0.733805 193 255 61
17.588963 38.560561 -1.482071 30 255 224
40.356908 -57.316189 -5.265212 0 7 255
97.447166 -80.383937 3.551190 255 109 0
-15.705044 -40.016821 1.208938 228 255 26
99.113357 66.813193 6.145191 174 0 0
-77.811685 -87.466407 -0.535734 99 255 155
-11.097676 56.267740 3.133271 255 140 0
-77.545716 -55.280461 -1.878187 1 255 253
-30.634394 -35.091837 0.659168 187 255 67
96.833955 12.088802 -4.126259 0 91 255
114.026529 70.528306 4.961857 255 6 0
-6.614870 9.325389 -1.462539 31 255 223
-53.622189 10.741200 -3.327182 0 149 255
-42.549133 47.281787 4.325113 255 52 0
96.397401 36.431213 1.546657 253 255 1
-14.753609 62.785727 4.172334 255 64 0
-72.366359 -33.862803 -0.132300 129 255 125
80.398487 81.575752 1.995659 255 223 0
2.399856 84.411786 0.242897 157 255 97
-17.471671 40.069895 1.680416 255 247 0
96.799377 -80.135604 3.254402 255 131 0
59.074568 -20.569956 1.396404 241 255 13
-116.585161 52.805738 -4.086783 0 94 255
111.965399 -50.182729 4.687576 255 26 0
-10.890644 -2.831850 -2.447774 0 214 255
-76.820058 -31.342499 0.001596 139 255 115
98.450310 -60.761530 5.065917 253 0 0
-19.306056 12.316811 -4.057785 0 96 255
44.308987 -24.659909 1.313273 235 255 19
60.191960 57.635645 -3.110469 0 165 255
-73.292947 -74.148566 -0.897799 73 255 181
116.044934 71.491935 5.125458 248 0 0
15.085564 -22.087739 1.884466 255 232 0
-106.324599 41.361487 -2.719272 0 194 255
8.815103 -50.850007 -1.752028 10 255 244
-115.584799 -75.129572 -4.453071 0 67 255
115.020041 -81.164443 3.824540 255 89 0
39.850854 -42.453023 -2.800321 0 188 255
-28.952610 -50.883403 4.993517 255 3 0
71.800542 23.803358 -0.966241 68 255 186
70.575240 21.139331 0.243454 157 255 97
48.113521 72.470268 -4.011029 0 99 255
-63.553729 21.070981 -0.856826 76 255 178
-97.639282 10.589028 4.318050 255 53 0
85.473234 -42.484378 2.361080 255 197 0
93.209095 -84.001026 2.387895 255 195 0
-37.075787 21.256825 -3.019642 0 172 255
-27.232037 -59.887274 5.447524 225 0 0
-23.236511 89.424397 1.138927 223 255 31
-53.584901 32.524803 -0.157132 127 255 127
105.199896 -83.987578 3.060032 255 145 0
7.578459 -11.403406 2.123378 255 214 0
50.261909 -73.115335 -4.056520 0 96 255
25.257982 -89.957653 -1.574968 23 255 231
-98.497319 -18.846715 3.246946 255 132 0
-102.674093 76.823198 -4.654443 0 52 255
-84.575097 -66.466258 -3.737276 0 119 255
-0.745103 88.051221 0.158262 150 255 104
30.680282 -9.517090 5.181770 244 0 0
118.988588 -35.442675 0.940656 208 255 46
96.165150 77.522170 4.123013 255 67 0
57.366435 -33.524956 -0.774552 82 255 172
-27.976268 -62.746312 5.836616 196 0 0
-37.287186 74.774209 5.252680 239 0 0
47.323981 75.929542 -3.942174 0 104 255
-37.027000 50.397706 4.891444 255 11 0
63.737742 48.132082 -0.232185 122 255 132
54.846871 -6.518244 3.665532 255 101 0
-91.213219 63.127496 -4.197869 0 85 255
72.935435 -16.818438 -0.841561 77 255 177
-97.588070 -3.637277 5.286755 237 0 0
-43.749162 -61.348424 4.986737 255 4 0
114.017414 5.631016 -5.652212 0 0 234
36.302028 38.633431 -2.462029 0 213 255
85.549170 -43.040916 2.096067 255 216 0
102.422135 -65.477697 5.974120 186 0 0
-56.480314 -76.426295 2.494005 255 187 0
70.964471 -4.932858 -0.313472 116 255 138
-30.645496 -70.571661 5.186373 244 0 0
-104.442121 -14.066324 4.231124 255 59 0
-94.366198 19.770215 2.567213 255 181 0
-89.701733 -79.275674 -3.352563 0 147 255
31.538760 52.318846 -4.701817 0 48 255
33.996160 -72.929156 -6.111213 0 0 200
83.398981 -68.557433 3.518285 255 112 0
-49.180320 27.782169 -0.645110 91 255 163
63.015508 79.425458 -1.388371 37 255 217
-55.976273 -69.197768 3.505670 255 113 0
-44.724522 36.024415 1.719056 255 244 0
37.396802 -5.307443 5.482390 222 0 0
-25.795394 -53.453037 4.985141 255 4 0
119.525972 12.316452 -4.041007 0 97 255
-44.027842 -12.761348 -4.534477 0 61 255
-63.016525 -21.255728 -0.915690 72 255 182
91.005473 66.083270 4.791406 255 18 0
89.544643 10.650976 -4.253907 0 81 255
-80.899046 55.541632 -2.878562 0 182 255
-38.983909 -82.315251 3.707531 255 98 0
2.429933 79.762720 0.092505 146 255 108
-104.094547 -49.189099 -4.546571 0 60 255
-31.006614 2.319078 -5.575772 0 0 239
64.853702 -77.985582 -1.095390 58 255 196
64.413145 -52.113345 -1.417036 35 255 219
-84.295075 -3.814375 3.636551 255 103 0
-47.162536 45.054751 3.609069 255 105 0
-55.584345 49.077728 2.840303 255 161 0
44.310993 -5.299688 4.801123 255 17 0
-88.347401 -45.419395 -2.544750 0 207 255
116.630190 19.179420 -2.214608 0 231 255
-92.157870 -23.318522 2.118174 255 214 0
6.896388 -60.506460 -2.413258 0 217 255
48.800858 47.076898 -3.363346 0 147 255
107.581947 51.673567 5.727424 204 0 0
27.394707 -59.375085 -5.676043 0 0 232
85.313604 -83.013197 2.184851 255 210 0
7.428332 43.422268 -1.217380 49 255 205
-66.979303 54.946223 0.854731 202 255 52
-18.967191 -77.068178 2.666658 255 174 0
25.674068 -18.954284 2.924732 255 155 0
7.434613 34.900672 -0.484203 103 255 151
67.814368 -30.052824 0.194611 153 255 101
9.487373 51.998052 -2.097687 0 240 255
-27.989612 -82.746116 2.799768 255 164 0
3.644988 11.039439 0.707737 191 255 63
4.702656 -51.361609 -1.496448 29 255 225
-117.605228 38.516043 -2.071519 0 242 255
-41.225086 -87.097366 1.806457 255 237 0
17.505502 36.922835 -1.062880 61 255 193
50.991944 -7.911382 4.730423 255 23 0
-17.391560 35.397273 0.710161 191 255 63
59.091609 -69.315335 -2.841862 0 185 255
0.803870 60.110834 -0.207591 124 255 130
-31.312858 27.954286 -1.844646 3 255 251
-61.821466 -83.547439 1.299446 234 255 20
71.428338 66.560800 0.753336 194 255 60
101.284604 -59.894300 5.526138 219 0 0
55.041714 -21.023682 1.627629 255 251 0
-67.079557 -26.744144 0.430544 171 255 83
49.423198 49.034482 -3.669089 0 124 255
1.216973 46.369434 -0.408211 109 255 145
101.942605 -74.764432 4.669497 255 27 0
-118.554761 63.490419 -4.305738 0 77 255
65.516693 -61.287065 -1.201730 51 255 203
-8.072570 38.963233 0.497004 175 255 79
85.365270 -67.576155 3.873399 255 85 0
25.398846 -16.270159 4.368829 255 49 0
-118.175402 -70.303698 -4.962555 0 29 255
46.016632 30.334578 -0.365270 112 255 142
7.975678 -17.880994 1.865128 255 233 0
-62.578281 11.236447 -1.624628 19 255 235
-90.743006 89.762381 -0.686434 88 255 166
-24.414140 58.400709 5.498603 221 0 0
14.616545 -53.979823 -3.768210 0 117 255
-5.202254 -11.905711 -1.716794 13 255 241
-115.910125 12.379458 4.705582 255 24 0
-84.503901 -29.372029 0.156742 150 255 104
43.391931 -79.108485 -3.708320 0 121 255
10.977443 -27.297828 0.188850 153 255 101
58.278396 -39.958507 -0.969486 68 255 186
-20.509667 -54.276452 4.060801 255 72 0
-58.343205 -61.073276 2.578799 255 181 0
71.558800 -70.665736 0.807022 198 255 56
-67.642662 61.786497 0.813866 199 255 55
-105.462490 -8.157539 5.442757 225 0 0
-31.540017 41.171990 3.148940 255 139 0
-11.693958 49.950561 1.939172 255 228 0
-69.811797 63.661967 0.351668 165 255 89
109.343076 15.727596 -3.648888 0 126 255
-64.454563 62.058624 1.657028 255 248 0
-90.728260 -65.455017 -4.911363 0 33 255
38.770023 -56.079831 -5.896861 0 0 216
-85.647817 26.384516 1.010171 213 255 41
-52.821453 -22.321487 -2.219044 0 231 255
-20.696746 -55.598741 4.562402 255 35 0
-54.254271 -23.127254 -1.672160 16 255 238
36.907927 -18.762694 3.459458 255 116 0
-86.389679 70.090172 -3.729077 0 120 255
34.601134 -12.381580 4.539965 255 37 0
-92.201533 70.806187 -4.681032 0 50 255
19.222137 -53.165818 -4.017156 0 99 255
114.904855 66.719473 4.719760 255 23 0
68.862808 58.379807 0.270376 159 255 95
107.119740 -57.925765 5.692504 207 0 0
11.048566 48.062297 -2.189832 0 233 255
-81.953090 53.087714 -2.424902 0 216 255
-31.147000 52.152375 5.349520 232 0 0
66.322152 71.807885 -1.540569 26 255 228
-88.329775 -8.140961 4.730987 255 22 0
39.388687 -1.499987 6.422952 153 0 0
-42.610521 -44.533385 3.260746 255 131 0
100.218477 -0.281682 -5.694256 0 0 230
-35.885591 76.386001 4.847573 255 14 0
-42.596580 23.225659 -2.603060 0 203 255
-54.665827 55.152389 3.567414 255 108 0
9.570495 66.261241 -2.367601 0 220 255
108.632631 19.938543 -2.669742 0 198 255
9.692282 9.416393 1.471492 247 255 7
57.936374 -51.915578 -2.744750 0 192 255
4.924204 14.802285 0.600667 183 255 71
-100.131371 21.522851 3.258090 255 131 0
20.793158 -81.163618 -3.297261 0 152 255
22.639680 -89.190097 -1.646569 18 255 236
23.095961 85.645329 -2.471469 0 212 255
-48.360591 -80.584287 3.146917 255 139 0
-55.957815 55.613641 3.362420 255 123 0
-40.982893 22.429194 -2.384347 0 219 255
-112.588446 60.256958 -5.723978 0 0 228
-81.325849 8.027644 2.686826 255 173 0
-51.120814 9.854065 -4.241458 0 82 255
2.944100 -50.188392 -0.908190 72 255 182
98.772422 16.873054 -4.094608 0 93 255
48.212660 70.664977 -4.981343 0 28 255
3.841989 -48.891342 -0.085573 133 255 121
52.005861 76.592895 -3.342387 0 148 255
-13.331873 -44.769830 2.089057 255 217 0
-108.649220 25.654887 1.533638 252 255 2
44.750953 74.762669 -4.588492 0 57 255
49.286058 58.085668 -4.095291 0 93 255
37.272256 -34.131776 -0.189785 125 255 129
84.590704 11.195710 -3.310229 0 151 255
67.607072 52.833340 -0.567409 97 255 157
78.950574 86.477235 1.561669 254 255 0
-108.958340 42.988002 -3.629104 0 127 255
119.965415 76.129256 3.669927 255 100 0
21.191684 3.064075 5.080724 252 0 0
22.284755 21.275982 2.225942 255 207 0
27.169561 -44.398713 -3.078618 0 168 255
-55.182336 -19.100239 -2.631517 0 200 255
-47.285087 -26.506825 -0.993225 66 255 188
90.450871 83.627608 2.957479 255 153 0
24.077424 83.381184 -3.151892 0 162 255
110.510213 78.764479 4.229384 255 59 0
-69.986522 -15.211165 0.589042 182 255 72
20.509955 82.399067 -2.834885 0 186 255
24.000258 25.860741 1.462043 246 255 8
-111.117794 -53.572719 -5.187162 0 13 255
30.252460 -3.823245 5.268598 238 0 0
-27.758581 -70.739917 5.232986 241 0 0
-16.804737 5.695149 -3.352561 0 147 255
-75.462063 81.227224 -0.959146 68 255 186
22.690811 -15.095462 4.188305 255 62 0
41.610530 -21.929761 1.558407 253 255 1
94.083596 -76.490756 4.065664 255 71 0
82.033464 -2.171525 -3.965539 0 102 255
115.246379 32.329442 -0.177304 126 255 128
114.195764 76.588417 4.297123 255 54 0
48.137026 -28.260477 1.267992 232 255 22
-52.623232 -44.944615 2.459074 255 189 0
9.637051 78.604189 -1.262685 46 255 208
-99.959125 -71.554323 -5.352066 0 1 255
15.898116 -24.372957 1.261943 232 255 22
-46.656535 -2.065092 -5.687456 0 0 231
8.751510 80.446220 -1.908237 0 254 255
60.018791 18.421684 1.283831 233 255 21
-105.448200 67.461051 -5.890943 0 0 216
90.253477 72.293585 4.856086 255 13 0
-110.903922 45.521675 -3.133534 0 164 255
-2.419542 52.512901 0.941562 208 255 46
-67.575282 -53.252876 0.562360 180 255 74
-110.633917 56.727828 -5.363119 0 0 255
-4.868613 54.048776 1.625551 255 251 0
-57.124103 -32.214338 -0.377922 111 255 143
-100.798520 -52.981217 -5.260187 0 7 255
77.862264 -41.998621 1.353269 238 255 16
-61.070651 62.431906 1.927536 255 228 0
105.171614 35.923761 1.901142 255 230 0
26.078360 -3.756521 5.597222 214 0 0
-34.756187 -74.276524 5.161328 246 0 0
-105.461492 70.893294 -5.428620 0 0 250
85.310843 -87.846992 1.052868 216 255 38
-93.889298 -52.389560 -4.441077 0 68 255
66.302320 72.450579 -0.989796 66 255 188
6.855631 3.665405 1.592871 255 253 0
-10.661303 -27.991277 -0.514656 101 255 153
-100.659492 1.734399 6.334355 160 0 0
-19.135038 23.268994 -2.176108 0 234 255
-116.046084 33.514607 -0.281059 118 255 136
63.158028 8.263171 1.978218 255 225 0
49.721276 -81.514873 -2.865906 0 183 255
-87.365789 -61.298842 -4.398393 0 71 255
2.297036 -42.672857 -0.147789 128 255 126
-77.269194 -6.149647 1.653125 255 249 0
50.891047 13.830734 2.881979 255 158 0
-74.636737 52.695703 -0.627939 93 255 161
-78.533769 -52.344162 -2.487397 0 211 255
-51.754671 -69.910547 3.860182 255 86 0
113.178439 59.804937 5.231807 241 0 0
76.431943 17.170488 -1.222270 49 255 205
-23.222303 -21.880534 -2.087773 0 240 255
70.668999 -76.888309 -0.005007 138 255 116
-33.252266 -55.417418 5.452731 224 0 0
-74.975215 53.941682 -1.154797 54 255 200
95.299771 3.781118 -5.604729 0 0 237
-111.205128 -86.462464 -2.019713 0 245 255
70.352509 -0.669250 0.282663 160 255 94
110.349435 -11.270868 -4.753531 0 45 255
-99.795979 46.963955 -3.458997 0 140 255
86.223120 -73.005592 3.744496 255 95 0
67.222191 -18.613200 0.625957 185 255 69
-109.830965 75.027240 -5.739418 0 0 227
-13.400299 40.736392 1.322200 236 255 18
-57.567925 27.213427 -0.324551 115 255 139
-27.781060 -17.501225 -4.097121 0 93 255
-28.366938 -44.904063 3.495972 255 113 0
-25.313513 -73.304849 4.998796 255 3 0
-117.657332 -35.331326 -0.592957 95 255 159
-54.897724 -24.519460 -1.208765 50 255 204
-50.391821 -11.070924 -3.927025 0 105 255
35.849558 61.287955 -5.848724 0 0 219
47.025363 -12.509239 3.431213 255 118 0
60.106274 26.265884 0.709914 191 255 63
32.879348 -60.072745 -6.235445 0 0 191
94.588464 -23.782250 -2.125806 0 238 255
13.483893 77.727024 -3.029055 0 171 255
-44.789687 -58.516386 4.591688 255 33 0
-110.356980 -70.152383 -5.522705 0 0 243
54.443053 -76.590464 -2.809147 0 187 255
14.960703 -89.291606 -0.798862 80 255 174
-80.791781 -63.463052 -3.362830 0 147 255
2.748564 -74.277303 -0.925258 71 255 183
106.637728 -59.597362 5.513372 220 0 0
25.321081 -16.339313 3.843804 255 88 0
-45.819901 36.373795 1.604049 255 252 0
73.609469 57.048510 1.140126 223 255 31
-25.254737 13.125812 -4.144798 0 89 255
-116.403254 -71.651367 -4.130372 0 90 255
-100.862852 57.962291 -5.784126 0 0 224
110.766850 29.364680 -0.650133 91 255 163
-97.519771 59.296267 -5.274863 0 6 255
68.012150 46.081943 -0.825290 78 255 176
-112.633310 -53.565158 -5.474251 0 0 247
-18.292301 83.922003 2.176316 255 210 0
-52.312122 50.897162 4.161277 255 64 0
-37.428407 -31.372753 -0.355877 113 255 141
-98.187085 48.835456 -4.377019 0 72 255
-23.520203 -14.000120 -4.271023 0 80 255
62.227654 -71.273186 -1.598811 21 255 233
5.947828 23.594446 0.738300 193 255 61
-88.281948 88.828632 -1.169663 53 255 201
73.321737 29.633989 -0.309791 116 255 138
89.114727 75.194436 3.588411 255 106 0
-10.508846 -54.353103 1.877867 255 232 0
-33.795844 0.645748 -6.386575 0 0 180
-115.731058 -35.705419 -0.952787 69 255 185
-103.066850 79.706442 -4.915152 0 33 255
-29.923192 -62.987158 6.358328 158 0 0
-92.802350 -85.273316 -2.594208 0 203 255
112.667504 6.213579 -5.208256 0 11 255
34.592719 -15.085784 4.903532 255 10 0
-44.917890 -51.533441 3.576207 255 107 0
20.393188 76.382055 -4.250509 0 82 255
-79.630058 -37.648738 -1.105131 58 255 196
100.156461 -47.370046 4.189194 255 62 0
0.188066 31.862747 0.376030 166 255 88
47.906456 84.978116 -1.585242 22 255 232
-76.310755 -14.580190 1.127331 222 255 32
-6.297960 46.713851 1.637722 255 250 0
51.320399 -79.842505 -3.011700 0 173 255
-27.011993 61.908526 5.485009 222 0 0
-104.385612 6.963988 5.966009 187 0 0
-7.400294 26.720981 -0.776057 82 255 172
77.761457 -5.886506 -2.482322 0 211 255
-9.096411 -86.890272 1.258764 231 255 23
115.135634 -20.331735 -2.723273 0 194 255
14.304280 -60.792264 -3.579000 0 131 255
91.850677 -57.549351 4.925087 255 8 0
-112.186719 59.779146 -6.323367 0 0 184
31.525574 -27.402984 1.380348 240 255 14
2.484573 58.538157 -0.005191 138 255 116
-34.116190 47.678127 4.346441 255 51 0
96.504949 35.284189 1.280858 233 255 21
-97.921634 -3.930054 5.685905 207 0 0
-3.347671 -77.783643 1.090864 219 255 35
-46.443829 57.127982 5.220899 241 0 0
110.406044 -84.916612 1.831515 255 236 0
67.599577 -21.071629 0.578502 181 255 73
-71.827518 69.567589 -0.164707 127 255 127
-89.343609 45.785804 -3.736532 0 119 255
-114.296265 14.757868 3.948394 255 80 0
-76.902716 23.412031 1.051658 216 255 38
102.958111 78.145052 4.813276 255 16 0
89.482034 49.030433 3.361879 255 123 0
71.983684 7.653850 0.361547 165 255 89
-23.924375 -23.099736 -1.953209 0 250 255
-4.360282 -69.726699 1.145003 223 255 31
18.052593 59.676217 -4.126196 0 91 255
74.451376 52.888009 1.297885 234 255 20
-118.978354 26.437633 1.497437 249 255 5
-76.491093 70.852643 -1.975051 0 249 255
19.535487 -84.563297 -1.916907 0 253 255
-86.078216 -71.474372 -3.456431 0 140 255
105.152454 18.092322 -2.643787 0 200 255
-109.290041 89.759406 -1.140121 55 255 199
113.673321 78.000864 3.952045 255 80 0
-68.507550 25.451012 -0.319057 115 255 139
-73.476472 -70.556189 -0.833344 78 255 176
-18.132663 9.041135 -4.001202 0 100 255
33.084337 21.045094 2.479353 255 188 0
115.097615 50.456953 3.929916 255 81 0
-5.689321 86.942663 0.462272 173 255 81
95.544455 49.712361 4.227917 255 59 0
93.716951 2.594483 -4.691340 0 49 255
116.272686 45.434639 3.699719 255 98 0
-33.626424 -26.268952 -1.491494 29 255 225
-6.112579 -6.203786 -1.195466 51 255 203
-114.811686 5.986092 5.062826 253 0 0
-27.885924 -23.535199 -2.563645 0 205 255
-35.131640 86.577899 1.643657 255 249 0
-90.143027 -38.293377 -1.570702 23 255 231
79.788243 26.150643 -0.495070 102 255 152
-52.996085 -48.197487 3.428965 255 118 0
-88.617694 89.558510 -1.949394 0 251 255
-92.288145 -27.328427 0.718805 192 255 62
-114.131193 18.967207 3.191129 255 136 0
61.250090 77.766849 -1.731470 12 255 242
7.674803 33.134179 -0.914457 72 255 182
5.668209 14.735710 1.095906 219 255 35
-20.700279 -76.022761 3.661626 255 101 0
111.314244 -14.000758 -4.061084 0 95 255
-29.276439 -10.029233 -5.493720 0 0 245
-6.031799 35.090511 0.848428 201 255 53
45.601895 -2.742787 4.886709 255 11 0
102.979065 -41.097298 3.381388 255 122 0
86.048241 5.452541 -3.868612 0 110 255
91.574761 -21.891745 -1.957203 0 250 255
-76.016832 57.156611 -1.684584 15 255 239
106.696682 -5.865156 -6.139800 0 0 198
77.725610 -8.035002 -1.471282 31 255 223
-40.852184 38.086329 1.757120 255 241 0
73.296623 6.595058 -0.509999 101 255 153
108.683559 -11.764527 -5.226131 0 10 255
58.397137 -75.187288 -2.723502 0 194 255
57.283348 -7.108842 2.960839 255 153 0
81.246589 65.643093 3.388024 255 121 0
90.904119 84.754638 2.056322 255 219 0
67.483248 63.596533 0.184896 152 255 102
-101.346178 -70.721687 -5.451003 0 0 248
-69.924854 69.073864 0.537134 178 255 76
-91.007625 -0.653153 4.392255 255 47 0
-8.167004 35.015936 0.283219 160 255 94
-104.246195 22.486921 2.927968 255 155 0
12.146722 -0.669454 3.571954 255 108 0
101.830330 -51.915754 4.972398 255 5 0
115.568010 -25.224837 -0.798981 80 255 174
-111.003669 -26.569633 1.051753 216 255 38
43.813742 48.384761 -4.023701 0 98 255
-85.676971 -62.912392 -3.377817 0 146 255
86.909863 -77.880487 3.409456 255 120 0
-112.519838 63.051959 -5.489724 0 0 245
-95.229428 29.072560 1.059382 217 255 37
-42.332259 11.357289 -4.989911 0 27 255
-118.732642 -63.304453 -4.498123 0 63 255
38.915495 -67.241326 -6.226032 0 0 191
-70.640125 30.135842 -0.301973 117 255 137
52.779515 -62.459169 -3.765865 0 117 255
107.883339 63.859465 6.274187 164 0 0
-7.106758 -59.528775 1.813600 255 237 0
-7.166267 22.232221 -1.193656 51 255 203
119.147245 -47.339848 3.364742 255 123 0
-44.707657 -33.678611 0.408782 169 255 85
92.606181 -31.431818 0.572756 181 255 73
51.154775 -85.559315 -1.013160 64 255 190
-117.825132 -14.559725 3.442317 255 117 0
-48.568955 65.792536 5.007334 255 2 0
53.038165 -0.182181 4.284091 255 55 0
-109.171314 -55.521353 -5.264806 0 7 255
85.794891 3.348139 -3.742745 0 119 255
98.946400 78.285072 4.488867 255 40 0
62.272117 -6.263506 1.145178 223 255 31
74.661787 -3.085421 -1.440865 33 255 221
23.382234 48.794853 -4.181188 0 87 255
74.032483 -77.849272 0.711987 191 255 63
-7.789944 -33.488398 -0.218142 123 255 131
-21.999512 -18.891011 -3.113974 0 165 255
48.710640 -34.498973 -0.884148 74 255 180
-8.325869 8.550654 -1.810020 6 255 248
-45.448200 50.408389 4.472372 255 41 0
-56.465073 -16.382613 -2.683894 0 197 255
-15.075189 51.299478 2.740980 255 169 0
-28.314580 -10.367768 -5.543758 0 0 241
60.991816 70.938712 -2.324772 0 223 255
68.182816 -31.286923 -0.199214 124 255 130
71.590311 -10.135703 -0.608209 94 255 160
82.754511 33.398291 0.594478 183 255 71
-33.059193 -88.358462 1.803207 255 238 0
-31.336617 69.479686 5.907731 191 0 0
81.138082 -10.243447 -2.438214 0 215 255
-76.771281 -23.127091 0.902359 205 255 49
48.466381 -69.012870 -4.328655 0 76 255
5.939955 -72.393432 -1.038054 63 255 191
39.954967 -4.960915 6.570787 142 0 0
47.260117 57.287498 -4.898674 0 34 255
40.534588 18.844858 3.250765 255 131 0
-63.591570 74.044420 0.796250 197 255 57
-114.361612 87.076616 -1.538529 26 255 228
108.623846 2.653155 -5.233389 0 9 255
95.418266 -55.118626 5.113177 249 0 0
1.137719 79.670864 -0.304331 117 255 137
38.699400 -50.184488 -5.080580 0 21 255
-98.139275 11.046663 4.899402 255 10 0
-9.986444 -53.568010 1.467119 247 255 7
21.108909 68.815791 -4.383330 0 72 255
47.964518 48.106027 -3.970586 0 102 255
-67.425179 4.400866 -0.439062 107 255 147
-97.774139 66.495777 -4.983419 0 28 255
110.683000 33.164029 -0.091963 132 255 122
83.650346 23.310102 -1.501942 28 255 226
-77.140275 31.513098 -0.338876 114 255 140
77.426049 70.466541 1.523921 251 255 3
74.958973 -18.159209 -0.509857 101 255 153
-76.431743 35.956660 -0.065634 134 255 120
73.102934 -26.117761 -0.016465 138 255 116
-28.287052 30.005638 -0.221649 123 255 131
-39.792759 5.665752 -5.749612 0 0 226
-81.476777 45.017411 -1.802340 6 255 248
21.944553 8.960092 4.814013 255 16 0
27.126075 -0.860437 5.943711 188 0 0
2.738841 -73.598059 -0.752089 84 255 170
-96.036161 -80.968917 -3.246029 0 155 255
70.981428 64.601032 0.101031 146 255 108
-43.970967 -8.770246 -5.485008 0 0 246
-56.519091 85.614170 2.097640 255 216 0
33.869695 -9.400602 5.374257 230 0 0
-75.654239 -72.984460 -1.354300 39 255 215
98.484793 43.966581 3.140144 255 139 0
35.553911 -32.493491 -0.270366 119 255 135
69.416457 22.213300 -0.119979 130 255 124
-38.244323 -82.907061 3.455130 255 116 0
-17.183838 71.070047 4.369280 255 49 0
-59.663575 -56.766777 2.355051 255 197 0
-59.744106 -23.493105 -1.291207 44 255 210
-20.392677 -15.017638 -3.491765 0 137 255
68.907696 5.616906 0.296932 161 255 93
0.738578 78.383683 -0.275142 119 255 135
79.988211 66.430083 2.122349 255 214 0
-93.183472 -21.956357 2.497625 255 187 0
-50.593035 -22.594084 -1.899952 0 254 255
-111.201458 43.046183 -3.168064 0 161 255
99.191303 -30.219472 -0.549957 98 255 156
-104.875096 -48.428963 -4.491854 0 64 255
10.083945 79.204327 -1.859470 2 255 252
41.602809 44.889935 -3.865111 0 110 255
-71.008921 -16.331598 0.266017 158 255 96
115.201907 -53.420082 4.701031 255 25 0
115.366149 -0.108594 -5.188164 0 13 255
-62.817442 -13.924301 -1.492796 29 255 225
-86.507151 -36.206682 -0.802390 80 255 174
35.939474 14.164515 4.017424 255 75 0
3.512870 -59.393987 -0.930443 70 255 184
25.025688 -42.499132 -3.406568 0 144 255
28.335803 9.829591 5.629125 211 0 0
109.470732 -16.603566 -3.972435 0 102 255
64.428513 -15.704252 1.200173 227 255 27
-44.975280 30.117102 -0.443846 106 255 148
59.377427 -76.703686 -1.992693 0 247 255
-12.190186 45.773388 2.144086 255 213 0
114.109495 82.233461 2.989365 255 150 0
-5.425868 73.635893 0.711604 191 255 63
-117.373464 69.144509 -5.093319 0 20 255
100.071237 -81.700207 3.547063 255 109 0
-53.566491 -34.397026 0.824703 199 255 55
77.172852 -72.189532 1.603538 255 252 0
26.770650 -70.995099 -5.394809 0 0 252
58.627593 -58.310214 -2.847841 0 185 255
57.310981 -80.014174 -2.305611 0 224 255
97.322335 77.439026 4.388597 255 48 0
79.984266 16.927188 -2.468203 0 212 255
34.878853 -32.197175 -0.662010 90 255 164
-41.603001 -45.645945 4.055009 255 72 0
-1.484213 -89.207375 0.157170 150 255 104
-53.088965 -84.476557 2.742237 255 169 0
-39.186673 26.280561 -1.854981 3 255 251
-9.465077 -3.830012 -1.986926 0 248 255
-18.442492 -32.907221 0.421676 170 255 84
-50.527819 -5.847273 -3.780024 0 116 255
-46.910456 -22.827763 -1.596668 22 255 232
-45.238033 36.867615 1.114841 221 255 33
-74.042157 9.453331 0.769677 195 255 59
19.884031 -14.340681 3.360927 255 123 0
-97.792665 -89.283371 -0.531635 100 255 154
-60.406428 8.516840 -2.009967 0 246 255
-79.048064 66.357960 -2.783148 0 189 255
49.605355 -44.881295 -3.551397 0 133 255
-52.800199 -28.879467 -0.349394 113 255 141
-96.078569 46.094961 -3.604917 0 129 255
77.107804 -60.915344 1.779234 255 239 0
-14.931632 15.176009 -2.602475 0 203 255
73.033862 21.329977 -1.001087 65 255 189
-43.014210 52.382631 4.919658 255 9 0
-36.836584 70.763725 5.657090 209 0 0
14.165698 61.385729 -3.409110 0 143 255
-103.280409 -56.588984 -5.918923 0 0 214
114.458649 49.523508 4.354285 255 50 0
-87.990496 17.724850 2.633535 255 177 0
99.158728 -16.169679 -4.816084 0 40 255
38.255202 -81.570181 -4.339582 0 75 255
63.404357 16.335328 1.470662 247 255 7
-69.605992 -13.021099 -0.410457 109 255 145
94.090511 35.954729 1.453297 246 255 8
8.607966 16.134277 1.273797 232 255 22
-20.797964 -64.725595 4.996333 255 3 0
-73.744559 36.989066 0.206328 154 255 100
-78.876490 -65.267612 -1.539803 26 255 228
87.046423 -66.096525 4.071847 255 71 0
112.708325 30.432202 0.333715 163 255 91
-19.614824 74.055301 4.090823 255 70 0
53.644706 38.957808 -2.584832 0 204 255
47.656772 79.658290 -4.218634 0 84 255
-1.479629 -63.679293 0.611657 184 255 70
-4.723340 -73.549711 1.541022 252 255 2
12.756944 -4.125262 3.109915 255 142 0
-36.808546 -42.831795 3.213550 255 134 0
58.944366 -40.203260 -1.443806 33 255 221
-19.690378 -56.276937 4.136372 255 66 0
1.102210 -36.880188 0.339642 164 255 90
-76.371966 42.961430 -1.017425 64 255 190
114.170614 -17.060486 -3.805613 0 114 255
-101.339785 -0.194345 6.140168 174 0 0
52.061761 -62.117626 -4.514817 0 62 255
38.562687 24.020407 2.254597 255 204 0
-37.316975 34.783986 0.851485 201 255 53
114.384515 -27.443936 -0.939249 70 255 184
-111.238016 8.575340 5.150281 247 0 0
-54.530659 -44.424176 1.701972 255 245 0
-38.959304 -75.141555 5.176458 245 0 0
34.080275 -60.444952 -5.659865 0 0 233
21.634603 -89.007788 -1.257203 46 255 208
50.770190 72.267315 -4.208416 0 85 255
86.510615 82.251973 2.761116 255 167 0
-115.358154 -61.008759 -5.620402 0 0 236
14.551483 57.457156 -3.387959 0 145 255
-23.743550 14.008333 -3.826646 0 113 255
45.432826 47.907120 -3.692333 0 123 255
6.455860 18.338907 0.981174 211 255 43
-36.419903 2.114395 -6.081607 0 0 202
-118.348315 -23.849384 2.487237 255 187 0
-45.429637 -21.521517 -2.821376 0 187 255
-12.956132 68.303243 2.551186 255 183 0
-39.106225 -37.277702 1.173076 225 255 29
-28.983785 -61.483967 5.784243 200 0 0
36.258659 88.548877 -1.969992 0 249 255
-39.484580 -38.584686 2.331699 255 199 0
84.222615 -71.441903 3.680551 255 100 0
-33.277758 -41.177500 2.161222 255 211 0
-15.711276 55.039464 2.971091 255 152 0
-15.990339 51.528309 3.230627 255 133 0
96.773997 70.070890 5.315382 235 0 0
25.153024 71.922235 -5.334864 0 2 255
111.515296 89.600109 1.129901 222 255 32
-118.929652 -30.898882 -0.543028 99 255 155
109.330788 -49.157874 4.768944 255 20 0
-73.201461 80.333036 -0.110197 131 255 123
95.361737 74.991905 4.562374 255 35 0
-109.448259 3.700834 5.899192 192 0 0
85.505688 -33.635309 0.641048 186 255 68
31.815063 -54.229314 -4.964365 0 29 255
44.491137 86.277570 -1.737822 11 255 243
-26.117601 25.050925 -1.481553 30 255 224
-26.851526 19.879466 -2.736111 0 193 255
-82.396322 -56.574599 -3.515053 0 136 255
-86.278063 -56.939381 -3.675590 0 124 255
29.810806 -14.428185 4.151706 255 65 0
-37.917368 71.487351 5.588175 214 0 0
-113.090043 56.430704 -5.251542 0 8 255
-79.324331 -42.418106 -1.250212 47 255 207
-79.197954 -78.216042 -1.535394 26 255 228
-73.622146 19.985269 0.661874 188 255 66
-10.999655 42.960393 1.476526 247 255 7
98.516749 76.915485 5.091782 251 0 0
19.646230 25.022739 1.532664 251 255 3
57.670489 -44.324952 -1.670906 16 255 238
-94.679047 5.924267 5.104909 250 0 0
46.199320 37.259029 -1.679470 15 255 239
87.617803 -54.631252 3.714852 255 97 0
118.736396 73.634937 4.214794 255 60 0
50.944584 -63.771284 -4.464422 0 66 255
25.719535 -88.168154 -1.390861 37 255 217
110.900441 -37.610653 1.637985 255 250 0
-89.019815 49.046644 -3.058895 0 169 255
70.306762 12.301497 0.252788 157 255 97
52.659436 -39.346701 -2.425518 0 216 255
54.285657 -30.307043 -0.280057 118 255 136
-34.869619 1.394295 -6.130335 0 0 198
-100.887638 55.899512 -5.506455 0 0 244
-86.045800 85.204029 -1.559198 24 255 230
42.473071 34.370158 -0.688428 88 255 166
-45.106096 -64.549566 5.265208 238 0 0
107.767032 66.856316 6.411777 154 0 0
-90.753513 56.755531 -5.072711 0 21 255
75.432436 37.636980 0.307052 161 255 93
-5.453162 57.174879 1.164053 224 255 30
-49.384931 -87.010642 1.740719 255 242 0
-58.857271 32.521320 0.285557 160 255 94
-35.177645 -2.146922 -5.953095 0 0 211
-31.693777 88.939530 1.722486 255 244 0
-65.730884 80.848568 0.680446 189 255 65
-67.443726 -5.094958 -0.174885 126 255 128
113.073520 60.803794 5.361420 231 0 0
-18.874341 41.218326 1.944336 255 227 0
29.530626 43.894710 -3.211756 0 158 255
48.630693 -26.385837 1.343579 238 255 16
-40.340840 41.619931 2.994173 255 150 0
104.394474 -84.033518 2.938727 255 154 0
-49.480553 -84.150302 1.836500 255 235 0
-73.935220 -48.683660 -0.731896 85 255 169
-109.320763 -47.741249 -4.531040 0 61 255
-56.886915 -87.533872 1.340781 237 255 17
-105.254694 68.904707 -5.599486 0 0 237
30.608317 51.995429 -5.014895 0 25 255
18.106009 49.623965 -3.598462 0 129 255
-114.591406 56.357875 -4.799472 0 41 255
107.996581 77.414843 4.413159 255 46 0
54.865547 -62.797836 -4.233554 0 83 255
12.052096 -1.209952 3.436679 255 118 0
106.773029 -22.919665 -1.802189 6 255 248
7.155182 -21.579889 1.229896 229 255 25
-77.723597 29.445825 0.332332 163 255 91
67.134099 -25.024783 -0.042203 136 255 118
109.244534 77.901464 4.185780 255 63 0
-105.615696 -65.630569 -5.668863 0 0 232
0.930045 -58.177897 0.062019 143 255 111
-65.662619 68.592346 1.118416 221 255 33
96.951815 -43.958497 3.673105 255 100 0
-97.010385 -25.889079 2.194535 255 209 0
73.605726 -8.260330 -0.893047 73 255 181
-70.524304 40.704551 0.161297 151 255 103
33.906906 73.405301 -4.970269 0 29 255
46.078678 29.626562 0.714718 191 255 63
62.534055 -48.681955 -0.998473 65 255 189
-107.270175 63.170817 -6.148659 0 0 197
-4.039055 -32.612877 -0.285518 118 255 136
-89.850527 -74.996801 -4.003078 0 100 255
-89.627387 -83.760451 -2.524202 0 208 255
-81.148672 60.166018 -3.123888 0 164 255
-84.492232 4.631074 3.852689 255 87 0
104.391572 -46.516702 4.431848 255 44 0
14.499092 -78.099801 -2.930405 0 179 255
-59.107995 84.901644 0.490265 175 255 79
-3.477524 52.804843 0.146991 150 255 104
-106.807170 45.721490 -3.947340 0 104 255
-68.155545 -16.023817 -0.350091 113 255 141
30.491649 -53.700089 -5.674734 0 0 232
46.690875 -24.525013 1.768425 255 240 0
27.777745 28.613159 1.115961 221 255 33
116.308478 22.788069 -2.171513 0 234 255
115.101134 -70.407752 5.169821 245 0 0
80.158511 64.773474 1.984662 255 224 0
-8.223410 16.293176 -1.314246 42 255 212
61.711946 11.953992 1.564586 254 255 0
-60.200178 25.755782 -0.668586 90 255 164
87.562699 9.068034 -4.406000 0 70 255
-61.505128 82.274022 0.968259 210 255 44
117.788425 -49.872794 3.672275 255 100 0
-116.724618 34.912589 -1.256983 46 255 208
71.091749 21.092969 -0.131243 129 255 125
0.158863 86.605144 -0.102377 131 255 123
75.915479 31.716735 -0.021120 137 255 117
5.069627 -49.291032 -0.665721 90 255 164
80.032244 -22.375084 -0.999249 65 255 189
50.014022 72.038663 -4.053098 0 96 255
33.401135 -74.187606 -4.824265 0 39 255
108.326741 48.436043 4.517385 255 38 0
-91.702094 2.427483 5.341145 233 0 0
102.291801 -83.351022 3.271382 255 130 0
5.227203 58.807225 -1.495131 29 255 225
49.791020 -56.072068 -4.523121 0 61 255
40.375201 -31.231671 0.280033 159 255 95
-25.969675 2.854856 -5.724083 0 0 228
6.417650 -32.187525 -0.058750 135 255 119
113.459684 62.187737 5.534587 218 0 0
-2.819486 84.236018 0.287911 160 255 94
99.987987 76.209362 4.560839 255 35 0
-117.975469 -1.807465 5.100679 250 0 0
17.815982 51.066151 -3.223852 0 157 255
45.373009 -32.589223 0.313646 162 255 92
-25.138893 -4.954092 -5.102553 0 19 255
-100.502621 2.172648 6.103236 177 0 0
70.098299 -12.182284 0.266175 158 255 96
60.715885 -54.987671 -2.743141 0 192 255
-28.499009 72.456883 4.673433 255 27 0
-96.580957 27.384518 1.390333 241 255 13
81.471886 -26.585635 -0.573421 97 255 157
66.248392 -34.774718 -0.325501 115 255 139
80.219219 -69.274136 2.826995 255 162 0
76.520689 -5.190601 -1.954284 0 250 255
-56.851770 -29.825390 -0.655161 91 255 163
29.911378 71.604740 -5.169512 0 14 255
-8.212798 -69.040460 2.198444 255 209 0
-26.313031 -52.728308 5.104711 250 0 0
-21.508971 27.227746 -0.070908 134 255 120
41.578081 -39.668401 -2.447043 0 214 255
119.548999 -28.598323 -0.365482 112 255 142
-6.561227 79.432507 0.988845 212 255 42
-32.021521 -48.769818 4.505906 255 39 0
30.696078 -61.406801 -5.875267 0 0 217
31.012661 -30.377192 0.850142 201 255 53
-22.278068 -20.448622 -2.708393 0 195 255
35.033699 -0.730706 5.423057 227 0 0
37.600296 39.746002 -3.379392 0 146 255
59.186494 -64.110494 -2.307395 0 224 255
-79.913500 -56.152839 -2.442542 0 214 255
36.614274 74.363473 -4.623645 0 54 255
-19.715434 32.499510 0.148240 150 255 104
91.057921 -71.610170 4.040373 255 73 0
28.411710 15.663622 3.796678 255 91 0
74.633423 60.492572 1.676667 255 247 0
74.476660 -46.550786 0.573651 181 255 73
-68.890777 -2.128912 -0.056562 135 255 119
-101.378684 52.676254 -4.794187 0 42 255
62.284180 -40.300875 -1.450742 32 255 222
-106.692211 37.998072 -1.441186 33 255 221
107.559824 -16.174956 -4.002532 0 100 255
45.672842 15.712137 3.848746 255 87 0
-18.395237 22.165091 -1.949248 0 251 255
40.855278 -77.306218 -3.996066 0 100 255
-88.325467 29.034002 0.389915 168 255 86
33.151386 52.788530 -4.920592 0 32 255
100.825709 -56.381710 5.680490 208 0 0
-119.971206 -75.902281 -3.499099 0 137 255
105.146576 4.301961 -6.022287 0 0 206
-45.426458 1.459987 -4.878878 0 35 255
-24.737221 -8.545245 -4.653097 0 52 255
105.490904 68.616137 5.538347 218 0 0
71.179660 -78.719955 0.290579 160 255 94
-27.624594 23.692192 -2.221424 0 231 255
115.101269 62.101973 5.510165 220 0 0
-112.177349 54.618961 -4.905017 0 33 255
38.517477 39.907117 -3.042452 0 170 255
2.261104 -53.477395 -0.367667 112 255 142
92.985143 -52.185661 4.837548 255 15 0
-115.512183 -14.124087 4.209562 255 61 0
-42.815806 50.691754 4.601528 255 32 0
-5.202581 -74.973419 1.418641 243 255 11
-102.411505 -79.639058 -4.288755 0 79 255
34.933793 71.564859 -5.615068 0 0 236
83.430199 -23.334310 -1.577647 23 255 231
97.508720 19.390714 -3.584031 0 130 255
-85.405034 77.539637 -2.754598 0 191 255
1.533438 -73.181730 -0.255829 120 255 134
116.403068 -18.006670 -3.079578 0 168 255
-102.829799 60.636273 -5.635988 0 0 235
49.178311 -56.819711 -4.722289 0 47 255
-51.354814 70.805675 4.102549 255 69 0
98.054395 39.098348 1.745595 255 242 0
25.970878 -19.841054 2.684462 255 173 0
95.107891 56.117214 4.660007 255 28 0
-107.890363 -12.746999 5.104784 250 0 0
25.336854 65.542771 -5.284914 0 5 255
-19.176435 89.363316 0.751749 194 255 60
-94.110733 15.848219 3.597202 255 106 0
-21.814759 31.210586 -0.431602 107 255 147
57.970918 -53.045380 -3.378182 0 146 255
19.703685 -60.346759 -4.278120 0 79 255
22.528785 -17.737456 3.340564 255 125 0
-52.916640 -38.766267 2.019784 255 222 0
2.154858 -6.526628 0.519440 177 255 77
-12.871853 -57.937595 3.152425 255 138 0
98.404117 30.263093 -0.538320 99 255 155
90.699994 7.222691 -4.779660 0 43 255
-15.025760 -57.238848 3.439499 255 117 0
0.788992 -75.468717 -0.447451 106 255 148
-49.761311 14.991675 -3.569881 0 132 255
16.063687 87.137178 -1.296076 44 255 210
-88.711147 83.056825 -2.583047 0 204 255
111.762325 89.077528 2.071132 255 218 0
-20.534113 -14.271718 -3.733217 0 120 255
-117.813231 73.295698 -3.928747 0 105 255
-48.727840 -71.824190 4.993158 255 3 0
107.730274 -89.972806 1.108296 220 255 34
-45.537360 -69.413033 5.483780 222 0 0
-27.238378 -86.826001 2.242316 255 205 0
113.948350 -68.866326 4.895530 255 10 0
68.361784 -2.554663 0.268313 159 255 95
-33.475797 60.651994 4.966916 255 5 0
-80.412060 42.420705 -1.681481 15 255 239
-26.233623 5.380528 -5.232882 0 9 255
-30.445239 -78.615376 3.914043 255 83 0
94.714669 26.300541 -1.386842 37 255 217
9.444935 23.223106 0.877399 203 255 51
101.956011 55.613505 5.431222 226 0 0
116.674047 8.256691 -4.766844 0 44 255
88.703143 -29.529401 -0.566208 97 255 157
-22.429361 -38.334038 1.604631 255 252 0
-26.261973 -1.647909 -5.315544 0 3 255
11.397024 -40.971951 -0.610874 94 255 160
43.026692 85.215874 -2.658775 0 198 255
83.706512 -72.913229 3.079340 255 144 0
76.200705 30.448650 -0.197144 124 255 130
-44.892665 -18.726314 -3.392904 0 145 255
56.626798 -16.903567 2.356464 255 197 0
-29.730302 5.635444 -5.559894 0 0 240
66.373930 -32.869458 0.410420 169 255 85
-116.800666 40.129105 -1.777022 8 255 246
83.693754 20.002906 -2.079376 0 241 255
47.527123 -3.442045 4.478932 255 41 0
-84.800116 -11.562007 3.244174 255 132 0
-59.919776 12.497299 -1.794422 7 255 247
-45.309080 41.620494 2.839684 255 161 0
3.247579 -59.395568 -0.818387 79 255 175
97.360461 -65.432421 5.611301 213 0 0
112.937924 -61.656414 5.572483 216 0 0
24.686347 -19.434422 2.953196 255 153 0
-93.783951 3.365957 5.274482 238 0 0
114.805052 -12.847501 -4.140542 0 90 255
110.518585 48.949970 4.342097 255 51 0
-98.851583 27.748336 0.616561 184 255 70
39.787045 28.567056 0.955741 209 255 45
39.964572 4.463982 5.470235 223 0 0
38.602686 85.047014 -2.549691 0 206 255
54.032084 -84.992210 -1.887227 0 255 254
-118.767078 -5.205286 4.093805 255 69 0
-45.897013 -25.608308 -1.587550 22 255 232
-38.988269 88.346007 1.699929 255 245 0
35.827943 -33.758137 -0.436968 107 255 147
-97.179378 -15.661389 4.205699 255 61 0
-53.664398 45.222985 2.649870 255 175 0
-77.928688 -13.816824 1.760165 255 241 0
-108.639949 -62.788891 -5.492716 0 0 245
-6.399757 -50.365431 1.055580 216 255 38
-70.995810 2.773922 0.889143 204 255 50
-4.275429 -22.084480 0.038024 142 255 112
-70.515939 13.908293 0.235310 156 255 98
70.077609 -46.697301 -0.192982 125 255 129
-93.207845 85.955625 -1.598266 21 255 233
65.080737 -29.841906 0.013111 140 255 114
37.798768 -22.191516 2.733071 255 169 0
-82.016496 21.117457 1.555608 253 255 1
-29.169449 61.792685 5.901130 191 0 0
-28.267869 65.365309 5.569673 216 0 0
-10.851930 8.506016 -2.376112 0 219 255
41.934980 64.087624 -5.599280 0 0 237
-116.424653 28.676584 0.618453 184 255 70
-80.251123 -28.324006 0.683625 189 255 65
47.651922 -2.541467 5.185155 244 0 0
-97.696235 -30.889569 0.024724 141 255 113
82.604453 52.085229 2.716336 255 171 0
-31.085619 15.080969 -4.068958 0 95 255
-111.291283 4.619057 5.115438 249 0 0
64.402170 -29.353013 0.253468 157 255 97
-61.183376 42.534100 1.273337 232 255 22
119.644520 -42.602429 2.061084 255 219 0
101.427009 -34.159937 0.674927 188 255 66
92.480033 -89.135904 1.810066 255 237 0
92.118857 -70.308589 4.970044 255 5 0
-102.337551 -31.292051 -0.260695 120 255 134
-113.593071 -31.456889 -0.074946 133 255 121
-23.760028 -13.231070 -4.257816 0 81 255
-19.079137 27.306449 -1.131354 56 255 198
-21.888747 -41.816331 2.253730 255 205 0
23.229271 -59.521719 -5.138264 0 16 255
68.142308 22.502345 0.078998 145 255 109
69.194718 38.795049 0.494018 175 255 79
103.244085 74.045325 5.709918 206 0 0
42.360339 0.115902 5.758269 202 0 0
90.558385 -79.345609 3.223686 255 133 0
-98.100790 -29.039338 0.217355 155 255 99
-113.766193 32.762234 -0.575180 97 255 157
-11.638116 -18.031308 -2.063660 0 242 255
91.874388 -64.391017 5.098124 250 0 0
-27.483012 81.781077 3.930154 255 81 0
-93.397341 62.512588 -5.358625 0 0 255
-89.695740 -43.540876 -2.143461 0 236 255
-65.077214 -67.323100 1.331860 237 255 17
87.287688 -3.815542 -4.031606 0 98 255
-39.312392 -45.603167 3.839403 255 88 0
86.214293 1.528577 -4.863705 0 36 255
106.135912 42.862191 2.996097 255 150 0
65.908474 -38.766090 -0.445422 106 255 148
101.623846 -22.747540 -2.298744 0 225 255
-58.752930 21.359252 -1.672675 16 255 238
-73.300889 5.495976 0.791294 197 255 57
-61.971084 -87.333951 0.331138 163 255 91
-115.705714 -30.790505 0.087290 145 255 109
103.391224 -66.080294 5.665948 209 0 0
-70.543706 64.653262 0.082370 145 255 109
31.201841 -6.449802 5.332952 233 0 0
-51.720808 52.682768 3.492567 255 113 0
9.590717 -42.035721 -1.296382 44 255 210
-15.410940 -79.395502 2.993287 255 150 0
53.023808 70.131724 -3.826834 0 113 255
-71.779155 68.851504 -0.520582 101 255 153
-50.711491 13.356488 -3.342667 0 148 255
-86.762535 -66.526470 -4.048536 0 96 255
-42.039715 -77.954638 4.416524 255 46 0
80.090573 30.219840 0.115626 147 255 107
111.253874 5.103215 -5.530473 0 0 242
-116.366060 -28.304521 0.251419 157 255 97
82.841478 13.477608 -2.475442 0 212 255
56.161404 -80.531148 -1.957730 0 250 255
-100.995083 -52.614758 -4.762703 0 44 255
-81.493902 85.719656 -1.476246 30 255 224
87.696723 -9.637945 -4.112434 0 92 255
-73.395097 -11.265976 0.910686 206 255 48
97.937293 86.672350 2.119003 255 214 0
9.592343 -9.367716 2.294595 255 202 0
116.254482 -81.621363 2.898109 255 157 0
1.127329 30.915436 -0.001200 139 255 115
-88.532556 1.636715 4.452216 255 43 0
25.455109 -43.983440 -4.004613 0 100 255
-13.114327 3.852567 -2.909849 0 180 255
-102.997346 -37.645744 -1.988980 0 248 255
76.444404 37.521825 -0.069550 134 255 120
95.797748 85.814701 1.700213 255 245 0
111.357560 -77.962898 4.146821 255 65 0
34.615950 44.119516 -4.125611 0 91 255
19.969039 65.536716 -4.790728 0 42 255
-73.212766 36.595404 -0.618192 93 255 161
111.393937 10.908090 -5.047125 0 23 255
56.364010 -38.599053 -1.381856 37 255 217
40.442197 -20.301037 3.672130 255 100 0
46.673594 -64.984933 -5.029901 0 24 255
81.989645 -79.333790 2.565921 255 182 0
-37.650470 36.144710 0.940001 208 255 46
-93.176252 -69.941821 -4.979650 0 28 255
117.897296 -81.005116 2.683565 255 173 0
-112.440035 -45.648619 -3.502512 0 136 255
-54.817773 -88.019727 1.657798 255 248 0
-1.943009 17.840829 -0.306625 116 255 138
-110.358526 4.239053 5.089039 251 0 0
-45.543439 -11.014375 -4.607011 0 55 255
88.882000 -75.984783 3.937148 255 81 0
30.097422 2.766707 6.307756 162 0 0
20.107564 34.063612 -0.762519 83 255 171
-115.619046 -29.138030 0.572915 181 255 73
-17.468163 -41.371969 1.646933 255 249 0
-90.729978 -14.121385 3.095409 255 143 0
-27.076034 -39.617049 2.083660 255 217 0
-26.723149 -21.729439 -2.183426 0 233 255
-18.092011 13.625777 -3.662760 0 125 255
-44.163769 -82.394153 3.218652 255 134 0
67.485236 -38.191279 -0.137109 129 255 125
-8.817033 -68.925626 2.039579 255 220 0
97.920193 -48.612211 4.079763 255 70 0
-37.422530 55.729702 5.010100 255 2 0
-85.538641 -19.980722 1.987051 255 224 0
-34.766758 -8.586416 -5.301985 0 4 255
89.182716 -35.470565 1.159987 224 255 30
-33.853667 81.234665 3.668326 255 101 0
76.936808 66.238271 1.883579 255 232 0
46.323142 -79.505162 -4.062340 0 95 255
-57.974687 -43.973336 1.336917 237 255 17
-74.080386 -12.946291 0.669148 188 255 66
-92.935257 46.836779 -3.773311 0 117 255
-12.154456 -32.780151 -0.291493 117 255 137
46.703481 -57.251872 -5.218098 0 10 255
-49.441404 -64.558265 4.627023 255 30 0
109.070469 62.203808 5.908363 191 0 0
-116.581422 -19.136914 2.962812 255 152 0
68.516070 -30.231316 -0.452812 106 255 148
-79.196301 -12.070418 1.697471 255 245 0
119.517217 88.145246 1.723320 255 243 0
-96.399558 36.306680 -1.700516 14 255 240
101.052525 -48.010609 4.434781 255 44 0
-23.637570 -55.234866 5.351311 232 0 0
-51.229752 -68.952783 4.752841 255 21 0
-110.206582 73.239660 -5.543094 0 0 242
-67.362542 -8.676344 -0.637745 92 255 162
-28.017715 35.770670 1.059573 217 255 37
104.581252 67.964981 5.518883 220 0 0
112.243317 -78.402587 4.304315 255 54 0
-100.889746 -51.869391 -5.009960 0 26 255
14.872062 -15.937114 3.026597 255 148 0
-112.189028 47.435192 -4.518440 0 62 255
-95.096345 -11.108599 3.790713 255 92 0
27.815487 -35.293457 -1.184052 52 255 202
6.440335 -77.077316 -1.325424 41 255 213
96.057492 -14.661401 -3.699534 0 122 255
96.887183 -55.785699 5.137603 248 0 0
-81.680528 83.284502 -1.441261 33 255 221
32.125077 67.058549 -5.418377 0 0 251
73.517927 -16.869104 -1.567614 24 255 230
65.406916 -74.685091 -1.052171 62 255 192
16.148783 -21.633223 1.662434 255 248 0
2.946968 85.402181 -0.744067 84 255 170
17.062033 24.137444 1.265618 232 255 22
-20.843665 -2.193430 -4.906813 0 33 255
15.627257 -19.037992 2.950227 255 153 0
93.993833 -54.382950 4.486855 255 40 0
-36.484865 -64.259619 5.805746 198 0 0
-14.233151 -14.068282 -2.399483 0 218 255
-14.865849 85.004704 2.498741 255 187 0
87.965497 79.999810 2.376662 255 195 0
-61.263961 64.613069 2.426848 255 192 0
-14.539204 -28.219523 -0.841917 77 255 177
60.308021 16.110788 2.243822 255 205 0
-25.855617 -57.089578 5.523360 219 0 0
85.320919 -44.712770 2.485552 255 187 0
9.069742 -58.238038 -1.942136 0 251 255
-96.258482 -22.707950 2.402668 255 194 0
-31.979350 -80.178430 3.814359 255 90 0
-84.867565 64.525048 -3.604707 0 129 255
-14.553798 76.850765 2.233789 255 206 0
-32.585104 -54.313154 5.407597 228 0 0
-38.550083 -30.656943 0.130076 148 255 106
79.050071 -50.401614 1.020481 214 255 40
95.357315 34.592089 0.237864 156 255 98
61.372799 87.581675 -0.523053 100 255 154
63.872202 77.267462 -0.996272 66 255 188
94.271711 -81.447431 3.193734 255 135 0
100.223679 77.456483 4.574723 255 34 0
-78.147501 -6.811108 1.988799 255 224 0
95.379056 -62.326360 5.924224 190 0 0
-81.343679 -35.008891 -0.924952 71 255 183
-54.748186 3.450897 -3.177686 0 160 255
69.809312 -22.663564 -0.053212 135 255 119
-85.668632 18.008250 2.156778 255 212 0
111.482842 -74.550711 5.002953 255 2 0
103.608392 21.250253 -3.069594 0 168 255
-119.979341 -28.894380 1.190790 226 255 28
32.726769 62.655498 -6.132332 0 0 198
102.115483 18.934747 -3.925926 0 105 255
9.700639 -80.013691 -2.374481 0 219 255
8.958089 86.663506 -0.810786 79 255 175
20.829077 -52.007086 -3.382807 0 145 255
12.756460 11.971921 2.951351 255 153 0
19.603294 -19.599847 2.559486 255 182 0
43.317232 13.306969 3.548122 255 109 0
109.491035 -65.031928 5.337982 233 0 0
-100.236694 -43.760132 -3.260095 0 154 255
-63.808568 -48.510662 1.009737 213 255 41
-118.621645 -14.799281 3.571025 255 108 0
-103.959431 -23.458475 2.304069 255 201 0
-71.598820 -18.637596 0.481056 174 255 80
96.497153 -19.016083 -3.480137 0 138 255
-44.353992 -22.145458 -2.234876 0 230 255
24.282349 55.825704 -4.624953 0 54 255
-44.908997 -6.454218 -5.181505 0 13 255
117.076432 19.353472 -2.698974 0 196 255
-73.780557 11.889671 0.808349 198 255 56
-25.234774 9.607534 -5.027119 0 24 255
-31.247477 69.969101 5.607323 213 0 0
-68.719586 80.689720 0.069701 144 255 110
-102.266283 -83.756767 -3.267822 0 154 255
-26.173814 -17.172456 -3.698111 0 122 255
-71.597819 88.024932 -0.252736 120 255 134
-114.365494 -52.664733 -4.450634 0 67 255
92.568299 0.932699 -4.698397 0 49 255
-37.646632 -23.487836 -2.902096 0 181 255
-117.224402 19.355904 2.212357 255 208 0
27.890421 50.091550 -4.868985 0 36 255
-5.241184 26.624245 0.037243 142 255 112
45.522180 -47.472746 -4.278643 0 79 255
-33.573930 24.400068 -2.483010 0 211 255
-86.352946 39.497729 -2.297600 0 225 255
33.498766 -69.278180 -5.990141 0 0 209
-24.384875 21.571909 -2.645640 0 199 255
90.390921 -85.104203 2.444396 255 191 0
-41.603899 -15.786959 -3.404950 0 144 255
-66.603448 -27.508690 -0.166126 127 255 127
-75.374554 -62.358926 -1.348162 40 255 214
-58.503748 30.486029 0.049946 143 255 111
-62.760359 32.808721 0.167082 151 255 103
5.248269 26.965108 0.453286 172 255 82
-30.676052 27.572803 -1.724421 12 255 242
112.670702 37.900947 1.983335 255 224 0
-71.062225 9.415823 0.567972 181 255 73
105.673470 84.031182 2.369062 255 196 0
-39.411403 17.532014 -4.116708 0 91 255
-4.005492 6.603893 -0.942276 70 255 184
110.241227 47.287046 4.277581 255 56 0
67.338294 -44.579906 -0.213386 123 255 131
107.216264 81.967475 3.957971 255 79 0
9.312763 20.198790 1.542372 252 255 2
-43.708767 -27.602508 -0.240034 121 255 133
42.027264 -40.093197 -2.531331 0 208 255
44.434071 -27.367962 0.762359 195 255 59
-110.028461 88.466752 -2.158379 0 235 255
-94.291463 -30.482531 0.512920 177 255 77
107.114724 -67.057962 6.296580 162 0 0
53.023818 66.610233 -4.319868 0 76 255
77.499102 -59.119429 1.990609 255 224 0
-74.888006 -28.367507 -0.265137 119 255 135
113.874152 -29.527647 0.033050 141 255 113
-47.779099 -60.484303 5.055159 254 0 0
-86.381445 -56.962941 -3.564047 0 132 255
-33.767513 63.035340 5.671942 208 0 0
-35.637587 80.152678 3.969853 255 78 0
-106.022959 -87.887205 -1.448982 32 255 222
83.160259 -18.952370 -1.888955 0 255 254
88.840606 64.947362 3.950926 255 80 0
-72.618186 -37.652646 -0.521091 101 255 153
12.204894 -85.658920 -1.424445 34 255 220
88.951406 66.007079 4.683107 255 26 0
-29.271121 47.590944 4.316625 255 53 0
2.166951 -84.072202 0.049019 142 255 112
-61.434058 44.275822 1.285582 233 255 21
-7.686428 -13.280215 -2.051539 0 243 255
-45.041842 19.263397 -2.711333 0 195 255
77.822449 -61.562926 2.252330 255 205 0
-81.797114 -29.285421 -0.232220 122 255 132
-112.087093 82.127486 -3.276345 0 153 255
96.183132 -9.473476 -5.378946 0 0 254
-78.674173 -19.663257 2.125579 255 214 0
11.810199 64.375887 -3.111019 0 165 255
50.169397 18.770270 2.753829 255 168 0
-41.568963 -0.279152 -5.384406 0 0 253
102.967239 -81.703412 3.060278 255 145 0
-38.907708 37.282316 1.948081 255 227 0
-72.722925 -42.226716 -0.446463 106 255 148
-104.319623 -32.606772 -0.206006 124 255 130
95.944150 -45.619049 3.106493 255 142 0
-68.151182 -16.445443 -0.129183 129 255 125
95.393307 66.565328 4.860373 255 13 0
-10.476591 8.284338 -2.465021 0 213 255
103.894807 54.405180 5.612017 213 0 0
-99.148508 81.157619 -3.338826 0 149 255
85.260986 38.349108 1.624260 255 251 0
115.040369 -64.995079 4.754166 255 21 0
50.607777 -50.418967 -3.095165 0 166 255
-87.925325 -84.394011 -2.122100 0 238 255
119.405688 60.372670 4.741935 255 22 0
72.289648 -58.023497 1.005664 213 255 41
-69.592564 57.163202 0.696144 190 255 64
112.913312 -48.893199 4.013261 255 75 0
-99.301510 68.947428 -5.539072 0 0 242
-88.840984 -77.496579 -3.292539 0 152 255
-116.410062 47.968849 -3.332573 0 149 255
22.162663 76.529744 -3.764718 0 117 255
-23.073486 -4.073589 -4.275172 0 80 255
-99.422684 -31.488023 0.257824 158 255 96
-1.664221 17.090589 -0.489587 103 255 151
91.432893 78.826114 3.249059 255 131 0
-97.894070 -67.679940 -5.594892 0 0 238
33.329850 31.037764 0.115909 147 255 107
-79.525074 -15.420039 1.598647 255 253 0
2.582849 69.836347 -0.554207 98 255 156
-37.750992 -63.006345 6.289429 163 0 0
-53.801357 48.099423 2.829279 255 162 0
-117.062032 7.437173 5.124180 249 0 0
18.819213 20.485179 2.591877 255 180 0
-13.572473 -0.261178 -3.289401 0 152 255
45.922797 -18.674680 3.668623 255 101 0
-75.663691 -51.776509 -0.810018 79 255 175
116.068695 29.211632 -0.970366 68 255 186
-115.256960 -7.167222 5.105556 250 0 0
-72.978765 77.055022 -0.434490 107 255 147
33.971690 -59.317668 -6.278140 0 0 188
-87.840851 -76.593730 -3.886991 0 108 255
-57.466952 31.546762 -0.011923 138 255 116
0.411987 55.088517 -0.429547 107 255 147
61.524599 27.375894 0.375976 166 255 88
87.476761 -5.197638 -4.565346 0 58 255
-43.974613 -74.079265 4.907443 255 10 0
37.854595 -76.000286 -5.098217 0 19 255
-114.447153 -10.984776 4.148191 255 65 0
93.752731 71.774342 4.663431 255 27 0
41.215210 -58.604935 -5.601472 0 0 237
96.535541 35.010977 0.633322 185 255 69
-69.507847 48.335953 0.194696 153 255 101
-0.801436 55.886223 -0.205125 124 255 130
58.492021 35.729142 -0.007318 138 255 116
-113.940203 20.595018 2.979185 255 151 0
81.865236 34.653224 0.672786 188 255 66
49.869464 -2.943756 4.681659 255 26 0
69.137548 6.820774 0.212556 154 255 100
-80.998407 70.024277 -3.251373 0 155 255
66.491581 55.524681 -0.717686 86 255 168
16.075714 -73.613410 -3.164634 0 161 255
-84.021024 -29.736961 0.001022 139 255 115
-88.313162 -42.161181 -2.198298 0 232 255
85.853003 -86.595017 1.093551 219 255 35
-24.360351 -83.442878 3.064163 255 145 0
-54.708721 -14.075987 -2.847510 0 185 255
-31.625282 -49.703993 5.262307 238 0 0
44.319326 88.124767 -1.337796 41 255 213
-87.273567 -37.921755 -1.531532 26 255 228
-81.133925 -35.747239 -0.538944 99 255 155
35.913886 -85.736775 -1.803936 6 255 248
94.633272 35.159488 1.484996 248 255 6
41.251314 87.917484 -1.951831 0 250 255
106.814423 50.804082 4.583371 255 33 0
-52.060568 64.298678 4.085927 255 70 0
-35.022106 -80.607034 3.486998 255 114 0
-30.545397 -71.209185 5.208344 242 0 0
-33.911390 -37.352841 2.793138 255 165 0
-55.513150 -15.118804 -2.448978 0 214 255
70.257220 -61.554959 0.655771 187 255 67
-52.006544 -84.138303 1.743935 255 242 0
-20.072580 2.909606 -4.491123 0 64 255
-6.630918 87.844366 0.880066 204 255 50
119.103198 -16.762680 -3.806091 0 114 255
-40.937853 -57.707151 5.349072 232 0 0
45.839890 -47.379890 -4.347850 0 74 255
-41.364817 -59.044713 5.153326 246 0 0
72.107798 -86.532516 -0.063127 134 255 120
-26.957107 26.981807 -0.970219 68 255 186
-114.846037 36.310981 -0.961029 68 255 186
5.544056 84.584564 -0.863325 75 255 179
-38.984226 -19.772006 -3.596240 0 130 255
-56.468291 -68.764078 3.781820 255 92 0
-49.771456 -68.416218 4.522443 255 38 0
-119.533971 -3.061731 4.577827 255 34 0
55.363711 48.309130 -2.079126 0 241 255
11.448816 -76.960712 -2.325676 0 223 255
32.718951 54.947480 -5.962500 0 0 211
16.680593 -52.448923 -3.184045 0 160 255
-28.546748 -80.040735 3.575859 255 107 0
-9.906976 -64.470310 2.049673 255 220 0
-5.685246 28.048525 0.095264 146 255 108
100.201243 -80.610191 3.388864 255 121 0
-36.386867 6.882411 -5.842274 0 0 220
-83.417575 81.237907 -1.866806 2 255 252
-99.889568 -11.806630 5.287105 237 0 0
-39.058149 79.957061 3.150428 255 139 0
17.361888 -46.484595 -2.758895 0 191 255
19.798653 36.084314 -0.738310 85 255 169
54.695249 82.708464 -1.583584 22 255 232
38.254712 -42.614226 -3.168501 0 161 255
-99.991764 73.486804 -5.333827 0 2 255
-26.468191 71.038939 5.273314 238 0 0
-31.107331 70.585398 4.948318 255 7 0
-92.911500 -17.400600 3.829966 255 89 0
21.234002 -83.850437 -2.594132 0 203 255
65.912846 -39.487555 -0.911172 72 255 182
-109.705487 -18.293575 3.681309 255 100 0
7.190753 -33.502561 0.204964 154 255 100
-91.314689 33.354748 -0.266070 119 255 135
66.332389 27.092448 -0.221018 123 255 131
14.040825 -50.927323 -2.400610 0 217 255
-104.178226 -4.222944 6.027045 182 0 0
3.790394 64.438452 -1.010428 65 255 189
-62.170493 24.600903 -0.718928 86 255 168
-70.255332 44.563607 0.310673 162 255 92
40.126585 59.201891 -5.569603 0 0 240
-22.913330 4.915908 -4.974381 0 28 255
102.772364 39.770382 2.500532 255 186 0
99.958835 10.432553 -5.003204 0 26 255
84.782071 -53.590897 3.386389 255 121 0
-21.525917 -77.990917 3.581718 255 107 0
97.133887 4.696921 -5.428799 0 0 250
-102.703586 54.936129 -5.012289 0 26 255
66.183874 66.332852 -1.326298 41 255 213
-33.844532 50.616151 4.290622 255 55 0
87.763777 -9.117962 -4.171381 0 87 255
-112.872828 32.783022 -0.240427 121 255 133
18.048299 -5.452875 4.045873 255 73 0
-103.296613 53.545173 -5.348935 0 1 255
-49.288620 -33.604527 0.764713 195 255 59
15.529144 -13.434685 3.145253 255 139 0
-86.652360 38.995709 -1.359911 39 255 215
46.620523 69.578002 -4.613328 0 55 255
3.065801 55.076568 -0.583191 96 255 158
-66.318378 -65.583659 0.772447 196 255 58
9.099449 -65.507512 -2.517878 0 209 255
-12.996617 -49.411609 2.549742 255 183 0
-111.922731 -37.677302 -2.126894 0 238 255
50.280437 -66.562399 -4.687937 0 49 255
51.507156 80.013057 -3.250244 0 155 255
98.432780 1.634610 -5.983897 0 0 209
105.979983 -81.962895 2.833038 255 162 0
-31.114384 -23.126551 -2.878929 0 182 255
34.345186 -5.524957 6.209084 169 0 0
25.862579 43.936982 -3.759355 0 118 255
-107.427043 51.353397 -4.877816 0 35 255
53.725086 -59.593061 -3.741344 0 119 255
-54.588415 -34.457431 0.912449 206 255 48
-18.032913 68.868488 4.006452 255 76 0
28.958098 -11.495117 4.935882 255 7 0
1.066380 13.649682 0.155838 150 255 104
-52.811353 85.826089 1.769984 255 240 0
89.553796 -15.762454 -3.177408 0 160 255
-97.488890 -75.970931 -4.205741 0 85 255
24.663486 5.428870 5.153371 246 0 0
-75.629999 -52.964178 -1.566846 24 255 230
101.958510 -52.048514 4.843126 255 14 0
104.747382 -33.868394 0.346767 164 255 90
51.277508 -18.236810 2.712973 255 171 0
92.197080 -59.052828 5.186827 244 0 0
63.930034 53.958916 -1.559506 24 255 230
36.983207 -89.428055 -1.261198 46 255 208
59.406737 76.139249 -1.715615 13 255 241
98.582294 22.236199 -2.815706 0 187 255
-67.951159 -47.773816 0.745391 194 255 60
55.028619 -88.711810 -0.937269 70 255 184
-76.953401 -47.119482 -1.672181 16 255 238
-9.378993 75.844642 1.652219 255 249 0
-38.438232 -27.695097 -1.010907 65 255 189
32.116731 -26.949989 1.276347 233 255 21
33.353815 -69.221132 -5.462694 0 0 247
96.563226 30.524748 -0.920663 71 255 183
81.537511 -38.490346 1.433780 244 255 10
-104.365161 -37.281255 -1.345059 40 255 214
-78.436639 -76.279493 -2.179181 0 234 255
-109.260602 -63.530232 -6.118116 0 0 199
50.498107 -60.965558 -3.890627 0 108 255
-36.900206 87.597489 2.224195 255 207 0
114.008885 10.554035 -4.805612 0 41 255
-68.564340 81.547999 0.077908 145 255 109
109.555912 -35.164268 1.092994 219 255 35
61.567227 -5.836399 2.346702 255 198 0
62.929276 72.185926 -1.741552 11 255 243
25.826181 42.451841 -2.729122 0 193 255
92.329837 12.296049 -4.368606 0 73 255
-63.761210 26.796128 -1.077278 60 255 194
88.543705 -79.147776 3.105998 255 142 0
91.408226 83.457235 2.348433 255 198 0
25.544669 81.021224 -2.949486 0 177 255
38.721988 37.174842 -1.582589 23 255 231
-65.086881 -21.448968 -0.374726 111 255 143
-2.083369 -36.560591 -0.313262 116 255 138
20.852201 -41.809097 -2.136927 0 237 255
-44.127349 -59.635829 4.806755 255 17 0
-109.857506 -83.375194 -2.696986 0 196 255
107.904963 -87.419111 2.056885 255 219 0
73.427839 -10.009996 -0.522231 100 255 154
-32.361811 -6.580192 -5.096684 0 19 255
7.702725 -45.799684 -0.938404 70 255 184
21.863009 -5.428534 4.480561 255 41 0
109.910369 88.005280 1.415512 243 255 11
14.026721 -37.630962 -0.985601 66 255 188
53.647223 76.533075 -3.002552 0 173 255
72.755776 -41.970916 0.515567 177 255 77
-95.880338 3.643324 5.095944 251 0 0
19.642436 21.411122 1.823562 255 236 0
103.188607 -66.260128 5.910375 191 0 0
77.757504 63.392091 2.633541 255 177 0
101.266361 -61.442091 5.566603 216 0 0
-81.048605 -29.219288 0.446409 172 255 82
66.637424 4.965642 0.980957 211 255 43
-53.036815 67.929528 3.859553 255 87 0
90.199058 63.627269 3.793443 255 91 0
68.228960 -27.913800 0.268113 159 255 95
-29.995158 21.024308 -3.624239 0 128 255
19.038207 -44.212272 -2.766053 0 191 255
-7.332114 -22.064897 -1.416119 35 255 219
105.927951 -30.105463 -0.677876 89 255 165
12.926661 4.894790 3.523224 255 111 0
-101.388216 -17.176549 3.140913 255 139 0
8.506696 87.536960 -1.220898 49 255 205
-115.391647 -28.765495 0.437038 171 255 83
-87.350358 64.658162 -4.571828 0 58 255
-2.193689 78.514888 0.415370 169 255 85
-9.247541 67.102940 2.294766 255 201 0
-103.445229 83.453413 -3.040355 0 170 255
-38.274365 61.876119 5.916110 190 0 0
-51.112924 -14.492267 -3.352699 0 147 255
-51.194921 15.202616 -2.657926 0 199 255
-13.670306 51.533947 2.558413 255 182 0
-111.706551 -6.858153 5.447760 225 0 0
-112.170576 45.008656 -3.615821 0 128 255
-63.595975 45.403490 1.314707 235 255 19
51.917758 21.230050 1.089690 219 255 35
104.806862 -51.740254 4.792242 255 18 0
61.263578 -25.336363 0.798523 198 255 56
-101.568468 65.374887 -5.933380 0 0 213
77.980202 -25.917613 -0.164197 127 255 127
76.729028 9.831463 -2.208095 0 232 255
82.590808 -58.611999 3.998038 255 76 0
54.545257 1.674051 3.936345 255 81 0
-57.362999 73.880637 2.575509 255 181 0
-1.201821 30.989403 -0.301148 117 255 137
-14.398408 69.121365 3.083384 255 144 0
-111.647623 58.833011 -5.845324 0 0 219
9.726342 -13.484625 1.988006 255 224 0
-56.442092 -64.232421 3.060085 255 145 0
108.587594 59.121668 5.932726 189 0 0
39.952387 77.860166 -4.455708 0 66 255
74.348769 30.026698 0.112874 147 255 107
-112.227633 -39.401036 -2.516402 0 209 255
50.883155 46.485956 -3.056606 0 169 255
72.724347 -3.848538 -1.068984 60 255 194
-9.223037 -63.683079 2.798751 255 164 0
-59.422159 -22.563582 -1.185187 52 255 202
-3.156863 36.725311 0.308217 162 255 92
12.009757 10.244453 3.287232 255 129 0
-15.876428 8.448034 -3.521849 0 135 255
-43.632669 -52.189480 4.505930 255 39 0
40.487256 -4.264703 5.611119 213 0 0
94.000511 -53.042789 4.518141 255 38 0
-55.579666 18.502317 -1.929061 0 252 255
91.790804 3.964340 -4.271068 0 80 255
-106.819360 -81.441110 -2.952379 0 177 255
45.109453 -0.548101 5.329176 234 0 0
-37.345604 -55.778890 5.606950 213 0 0
5.948143 44.742093 -0.589270 96 255 158
-34.881715 76.412011 4.922393 255 8 0
-100.685268 21.798589 1.901419 255 230 0
-80.132889 23.633120 0.714266 191 255 63
116.863042 -61.282100 4.944385 255 7 0
-20.152855 -51.596222 3.752803 255 94 0
108.057657 -72.250240 5.306463 235 0 0
4.724766 64.826459 -1.086877 59 255 195
95.737691 83.679964 2.358659 255 197 0
-13.232652 75.648340 2.994682 255 150 0
117.914713 26.486429 -1.215063 50 255 204
-5.395812 31.935757 0.277082 159 255 95
-57.925709 21.691146 -0.781290 81 255 173
-77.797906 73.964464 -1.963930 0 250 255
-102.746489 53.989156 -6.072485 0 0 203
-93.605193 1.558231 5.079573 252 0 0
43.703739 -1.749846 5.494023 221 0 0
-32.936844 50.493433 4.709815 255 24 0
89.694198 -53.565307 4.104922 255 68 0
-72.510817 21.431928 -0.012714 138 255 116
104.147222 -22.075213 -2.518891 0 209 255
-74.346896 29.275699 0.629928 185 255 69
-55.195336 -21.551286 -1.470432 31 255 223
-38.435868 -46.736417 3.774241 255 93 0
-56.937347 58.187277 3.214339 255 134 0
-20.399083 5.511981 -4.434073 0 68 255
72.671959 36.083853 -0.172414 126 255 128
-102.900253 14.226799 4.496930 255 40 0
-61.427365 64.802857 1.909368 255 230 0
-107.247346 46.432163 -3.491947 0 137 255
66.061943 84.754257 -0.152076 128 255 126
-91.268422 35.156455 -0.845754 77 255 177
2.304277 54.783777 -1.277409 45 255 209
88.393303 68.037369 4.538225 255 37 0
-44.176725 29.852361 -0.832648 78 255 176
-92.241801 85.536998 -1.814405 6 255 248
-56.051954 -65.731753 3.878603 255 85 0
105.522495 -63.640616 6.418156 153 0 0
-97.187077 -1.359856 5.661400 209 0 0
87.354038 43.536379 2.107186 255 215 0
-91.064309 26.569565 1.287661 233 255 21
-80.766805 74.822525 -2.212017 0 231 255
65.312032 25.575461 -0.758527 83 255 171
33.488533 -26.169847 1.297639 234 255 20
-43.021801 -44.899225 3.739259 255 95 0
48.500800 87.152038 -1.833915 4 255 250
-84.489337 25.845857 1.470905 247 255 7
91.496834 -89.199807 1.273800 232 255 22
18.173579 -30.294951 0.428542 170 255 84
107.082063 -5.197441 -5.589392 0 0 238
23.039239 -13.723268 4.172620 255 64 0
17.246331 84.951110 -1.413836 35 255 219
85.909378 -37.086713 1.011856 213 255 41
19.889197 -37.857058 -1.823264 5 255 249
-99.184343 -89.030787 -1.996322 0 247 255
26.838663 39.012644 -2.028613 0 245 255
-49.540918 -12.972151 -4.213173 0 84 255
33.094813 -78.351343 -4.644230 0 53 255
119.538735 22.028333 -2.043918 0 244 255
26.405800 -52.109284 -4.906360 0 33 255
80.104761 -58.293503 2.546674 255 183 0
-34.969784 55.773561 6.244889 166 0 0
-117.190054 -87.729279 -1.494647 29 255 225
-108.765649 81.279305 -3.751078 0 118 255
-115.605236 68.982786 -5.049624 0 23 255
-67.709076 -48.710328 0.051085 143 255 111
-55.031786 -47.649988 2.733648 255 169 0
-42.842182 -3.463688 -5.352497 0 1 255
37.045056 -79.815315 -3.444179 0 141 255
59.736302 56.905718 -2.363562 0 220 255
64.504339 3.895867 1.441272 245 255 9
60.473098 60.834670 -2.316667 0 224 255
85.187331 58.663814 3.830847 255 89 0
53.077823 23.037873 1.533679 252 255 2
-9.830340 40.791316 0.489426 175 255 79
-20.829580 88.789836 1.128033 222 255 32
-100.442757 -36.713610 -1.387562 37 255 217
-116.797076 -43.592617 -2.723728 0 194 255
85.694699 -1.541509 -3.857393 0 110 255
-84.316576 -58.606365 -3.628193 0 127 255
87.433208 29.039410 -0.699424 87 255 167
-24.133382 76.969101 3.919763 255 82 0
-105.619032 22.020927 2.256360 255 204 0
78.960543 -29.645502 0.500955 176 255 78
51.465942 18.072060 2.616775 255 178 0
119.438339 21.853599 -2.129204 0 237 255
10.039967 -84.681730 -1.050752 62 255 192
103.219992 42.734601 2.879964 255 158 0
1.513749 -40.970031 -0.565257 97 255 157
-57.231727 -36.596421 0.583273 182 255 72
-23.741297 -73.367449 4.540287 255 36 0
38.382462 52.407819 -4.887994 0 35 255
93.556324 46.056634 3.277546 255 129 0
75.869624 -51.279804 1.155667 224 255 30
103.344808 -16.095940 -4.459562 0 66 255
8.891534 43.117578 -1.216828 49 255 205
-9.394598 -3.911103 -2.358063 0 221 255
6.093906 26.173550 0.697927 190 255 64
103.969081 -10.581377 -4.750322 0 45 255
-32.104703 53.792650 5.523032 219 0 0
-105.519571 51.552731 -5.153933 0 15 255
-25.931087 41.798098 2.551866 255 183 0
35.938408 -67.856268 -5.714109 0 0 229
79.885097 -1.046132 -2.688340 0 196 255
106.311105 15.783557 -4.082987 0 94 255
45.005208 -77.071931 -3.788242 0 115 255
75.193941 21.985276 -0.878077 74 255 180
74.976796 54.555645 1.469933 247 255 7
74.114872 17.513225 -0.704795 87 255 167
23.860312 80.041711 -3.956585 0 103 255
106.772541 -42.593335 3.473223 255 115 0
93.956935 44.723695 3.251196 255 131 0
-118.142835 43.006197 -2.936105 0 178 255
-90.878064 46.621533 -3.139584 0 163 255
118.145864 -6.065036 -4.376414 0 72 255
39.928751 18.738944 3.109738 255 142 0
-86.380482 58.448093 -4.044222 0 97 255
98.625482 88.987407 1.032518 215 255 39
-98.582294 -23.336689 2.159235 255 211 0
9.061783 -33.141417 -0.136846 129 255 125
-26.978275 -57.275678 5.459548 224 0 0
-50.776715 -41.757998 2.226316 255 207 0
-62.599675 -40.572291 1.357273 239 255 15
-99.187694 -24.331712 2.299305 255 201 0
-29.479689 -37.289445 1.792170 255 238 0
-95.948355 -62.159868 -5.437698 0 0 249
29.806525 16.750275 3.909496 255 83 0
-42.839311 17.389064 -3.830946 0 112 255
64.060083 -31.907194 -0.338563 114 255 140
105.006115 36.552276 1.465474 247 255 7
92.871836 -38.662482 2.036653 255 220 0
57.482818 -6.608355 2.777639 255 166 0
67.314936 -69.644349 -1.326140 41 255 213
-97.909856 -77.735943 -3.980647 0 101 255
113.345033 14.293274 -4.284440 0 79 255
18.276337 56.053684 -3.893843 0 108 255
10.350813 86.588967 -0.923394 71 255 183
41.772386 -72.033837 -5.500792 0 0 245
-75.022360 -84.330550 -1.030263 63 255 191
-7.207418 -15.793620 -1.516810 27 255 227
-90.741836 31.635784 -0.824199 78 255 176
100.497832 73.895886 5.716299 205 0 0
-0.044576 -15.292731 -0.191660 125 255 129
-88.207067 7.023789 4.009357 255 76 0
112.754136 -87.533724 1.381283 240 255 14
19.381186 -46.894441 -3.176154 0 160 255
61.242738 73.084430 -1.701303 14 255 240
72.761357 -37.771131 0.801153 198 255 56
47.029863 69.547968 -5.010849 0 26 255
-13.525109 -53.645648 3.610416 255 105 0
-52.700563 -51.455158 3.646934 255 102 0
-107.630463 -27.136313 0.778899 196 255 58
29.751012 -20.957649 3.335449 255 125 0
-93.574955 -11.497445 4.225131 255 60 0
-31.377741 -4.778329 -5.544635 0 0 241
93.500315 21.140067 -2.413725 0 216 255
96.976967 -36.568816 1.353328 238 255 16
77.290185 8.633215 -1.924032 0 252 255
-73.627836 10.592072 1.146183 223 255 31
105.968093 44.776418 3.479740 255 114 0
-86.383077 87.188204 -1.726729 12 255 242
100.414413 7.551000 -5.043810 0 23 255
59.705657 63.053988 -2.677408 0 197 255
112.991487 66.693119 6.050502 181 0 0
116.202912 12.148420 -4.773534 0 43 255
6.015509 82.885429 -0.878547 74 255 180
-45.077284 -71.994029 4.852393 255 14 0
100.395566 -36.077122 1.046856 216 255 38
-44.758420 44.633506 3.817822 255 90 0
-40.157156 -72.451344 5.161254 246 0 0
16.554713 -60.734698 -4.670059 0 51 255
-85.975070 -75.905064 -2.963163 0 176 255
-10.540991 68.843823 2.112327 255 215 0
-86.947743 -15.454001 3.044430 255 146 0
-11.257385 -44.378143 1.925846 255 229 0
97.747605 64.248257 6.523985 146 0 0
100.858982 33.937070 0.581053 182 255 72
109.999596 -45.177548 3.739077 255 95 0
54.027009 -53.204995 -3.650782 0 126 255
59.161583 40.755341 -1.459486 32 255 222
-17.489658 84.277897 2.281331 255 202 0
94.709178 -51.154545 4.909031 255 9 0
-87.812756 -89.354812 -0.765909 83 255 171
-80.037364 76.154857 -2.985453 0 174 255
-91.615742 29.566537 0.753567 194 255 60
-21.976832 -63.454189 4.962892 255 5 0
-105.640740 -56.762096 -6.126235 0 0 199
48.898267 -38.692844 -2.019627 0 245 255
-76.141172 -55.329359 -2.324697 0 223 255
45.434181 55.599296 -4.809201 0 40 255
15.264049 86.434633 -1.498769 29 255 225
46.020660 -13.223156 4.209966 255 61 0
48.587021 -46.348936 -3.601116 0 129 255
68.687509 -37.768389 -0.419036 108 255 146
-5.059836 75.215131 1.315175 236 255 18
16.924522 30.473785 0.472024 174 255 80
-59.828287 75.073494 2.112224 255 215 0
0.266081 46.376875 -0.093186 132 255 122
-98.513035 -42.547936 -2.811531 0 187 255
109.105882 -48.661867 5.119040 249 0 0
102.982560 52.768762 5.351456 232 0 0
-102.343014 70.890611 -5.502994 0 0 244
-117.399397 -73.123059 -4.491332 0 64 255
-25.187032 -42.871171 3.133061 255 140 0
6.427028 -31.983148 -0.120638 130 255 124
-4.995508 35.747292 0.379108 167 255 87
-39.007835 -49.827471 4.902502 255 10 0
29.384882 -3.527487 5.515952 220 0 0
-23.866855 0.313010 -4.836892 0 38 255
-22.563959 67.711779 5.695812 207 0 0
-112.237993 -85.079203 -2.734474 0 193 255
22.390712 -0.670929 5.382670 230 0 0
-100.075061 0.793184 5.285616 237 0 0
85.969723 -19.856504 -1.887766 0 255 254
-5.420890 -74.276177 0.604030 183 255 71
-34.911056 -17.730664 -3.301996 0 151 255
38.670023 39.563890 -1.991026 0 248 255
92.503790 87.571659 1.088444 219 255 35
-79.505780 82.708685 -1.565782 24 255 230
-23.681740 74.686485 3.688344 255 99 0
113.664134 68.768353 5.964869 187 0 0
87.340600 -77.540523 3.719340 255 97 0
-26.146657 73.530387 4.858189 255 13 0
-33.065870 -45.876573 3.580471 255 107 0
75.819941 60.899905 1.678159 255 247 0
-99.786475 43.916940 -3.343496 0 148 255
-91.509773 59.824081 -4.497183 0 63 255
17.059582 -2.499178 4.891879 255 11 0
16.403465 -13.523750 3.542242 255 110 0
16.642833 17.858692 2.959549 255 153 0
63.633923 65.219803 -1.609507 21 255 233
91.513740 26.575967 -1.241039 48 255 206
-24.019508 -3.724886 -4.852516 0 37 255
-41.797407 -56.542908 5.458123 224 0 0
83.913560 8.549402 -3.363187 0 147 255
-61.248328 87.471882 0.377876 167 255 87
90.025775 -46.858089 2.910833 255 156 0
49.694885 49.037941 -3.864411 0 110 255
83.198941 54.410757 2.718781 255 170 0
32.908810 82.261115 -3.799636 0 115 255
-94.519793 55.189345 -5.047575 0 23 255
51.541318 23.282016 1.359357 239 255 15
-0.914108 -0.765740 -0.197102 124 255 130
-75.903790 -11.834687 1.388031 241 255 13
-95.497688 22.065598 2.566250 255 182 0
-56.893503 -49.072970 2.091465 255 216 0
-89.903434 -30.808262 0.382029 167 255 87
-87.441622 67.767733 -4.555188 0 59 255
82.452521 -74.377434 2.518360 255 185 0
108.147196 76.808379 4.660104 255 28 0
118.750629 39.844912 1.686433 255 246 0
14.257343 -84.796454 -0.832323 78 255 176
15.844965 -0.808776 4.056479 255 72 0
-105.704572 -9.526032 5.402104 228 0 0
-91.549069 24.499304 2.131012 255 214 0
64.898883 -14.477564 0.285731 160 255 94
17.015323 86.186879 -1.214957 50 255 204
16.004766 -7.523570 3.350493 255 124 0
60.792213 -84.725796 -1.372610 38 255 216
75.175134 -37.819554 -0.272289 119 255 135
50.452337 -41.841880 -1.926141 0 252 255
-117.403225 -70.729363 -4.680189 0 50 255
10.536232 -78.734003 -2.465159 0 213 255
80.523517 61.953379 2.738220 255 169 0
76.707660 -79.606048 1.645911 255 249 0
107.735722 -74.820106 4.607291 255 32 0
4.655047 -75.989290 -0.902706 73 255 181
5.332088 26.164609 0.021077 140 255 114
-114.067973 -7.331741 5.043783 254 0 0
3.062922 -17.411841 1.217166 228 255 26
15.335524 48.725068 -2.899931 0 181 255
100.301376 -4.106151 -5.979858 0 0 209
92.375170 -13.417044 -3.561411 0 132 255
-105.013940 38.747898 -2.770697 0 190 255
-85.949971 -29.654027 0.370227 166 255 88
-28.217074 -45.002511 3.888899 255 84 0
67.184702 65.631628 -1.263091 46 255 208
-80.105247 -85.747447 -0.881327 74 255 180
65.768296 24.431271 1.167506 225 255 29
22.277938 -81.701685 -2.411446 0 217 255
90.604187 -67.811351 4.343196 255 51 0
-37.830801 -48.249677 4.648130 255 29 0
-23.428628 -46.392150 3.369333 255 123 0
-105.548179 16.584490 3.895328 255 84 0
4.327997 19.450703 1.247277 231 255 23
65.904067 79.126621 -0.649172 91 255 163
3.181943 50.611776 -0.696036 88 255 166
5.149095 -85.813915 -0.549928 98 255 156
99.666258 -16.531184 -4.339581 0 75 255
64.005685 45.530120 -1.460672 32 255 222
-44.569313 87.103502 1.804518 255 238 0
106.741647 -11.960931 -4.842877 0 38 255
53.951927 -79.217183 -2.695126 0 196 255
-47.741888 -66.656221 5.498396 221 0 0
-69.276127 45.456619 0.344687 164 255 90
42.160448 49.406767 -4.605284 0 55 255
1.666363 11.766910 0.315569 162 255 92
23.738765 27.193869 1.793752 255 238 0
-88.973962 55.371106 -3.649736 0 126 255
63.784434 5.062944 1.827222 255 236 0
86.637679 -42.042900 1.698910 255 245 0
-19.241011 24.184956 -1.879449 1 255 253
-46.882626 -69.512680 4.743863 255 22 0
113.977078 38.386982 2.030751 255 221 0
113.970935 -15.340492 -3.833598 0 112 255
-90.064782 -14.375748 3.796726 255 91 0
9.741024 21.242621 0.556357 180 255 74
-15.151292 38.468101 1.355806 238 255 16
-52.751514 -21.935437 -1.533802 26 255 228
4.548189 71.054853 -0.924803 71 255 183
40.349520 80.514070 -3.676340 0 124 255
-32.017583 82.856090 3.087170 255 143 0
-46.196890 76.917574 3.887034 255 84 0
87.199755 2.982250 -4.539478 0 60 255
37.888470 -44.033383 -3.528426 0 135 255
-46.702625 63.732307 5.598733 214 0 0
-82.515906 7.038864 3.047173 255 146 0
-27.660229 -35.991130 1.817410 255 237 0
105.393253 2.155807 -6.069330 0 0 203
79.360635 -14.222566 -2.062570 0 242 255
-69.589804 -5.470105 0.355012 165 255 89
25.455410 81.366868 -3.667668 0 124 255
-118.749676 -0.249288 4.700981 255 25 0
97.716655 -25.336882 -2.185408 0 233 255
106.102651 44.777218 3.711143 255 97 0
-68.042221 63.682519 0.150042 150 255 104
-37.771556 36.460148 1.215429 228 255 26
-47.730975 -76.000044 3.717407 255 97 0
-75.338202 -30.106878 -0.111456 131 255 123
44.027121 75.784197 -4.135497 0 90 255
-29.565606 15.949738 -3.632448 0 127 255
-118.793987 -74.511111 -2.804841 0 188 255
-67.295672 36.379955 0.281940 160 255 94
38.631703 35.890867 -0.898082 73 255 181
48.405320 -43.667307 -3.141054 0 163 255
-116.027448 39.431811 -1.953412 0 250 255
11.993994 -49.057939 -2.458048 0 213 255
33.298114 82.119652 -3.349688 0 148 255
32.859773 24.684773 2.101379 255 216 0
36.343250 -62.033139 -6.085479 0 0 202
67.260952 9.388462 0.462486 173 255 81
-39.546891 63.903348 5.620288 212 0 0
84.238197 -60.518087 3.437020 255 118 0
-14.013491 66.137112 3.650120 255 102 0
-105.482903 68.553916 -6.288840 0 0 187
36.335745 -69.942549 -5.019904 0 25 255
-37.758567 63.257321 6.311999 161 0 0
32.438113 -85.815428 -2.727186 0 193 255
-30.420278 21.674734 -2.371493 0 220 255
-0.506839 13.550416 0.079539 145 255 109
13.287358 81.977907 -2.291400 0 225 255
49.934362 17.443433 2.726660 255 170 0
-48.885490 -8.285781 -4.300413 0 78 255
40.746198 -55.654488 -5.688257 0 0 231
-64.083098 39.427185 0.669292 188 255 66
69.851629 66.045807 -0.137285 129 255 125
-64.482234 -29.063433 0.352735 165 255 89
-102.754131 81.955595 -3.895987 0 108 255
-110.787571 58.987991 -5.159183 0 15 255
23.660110 -16.962626 3.245001 255 132 0
-42.461296 -50.008459 4.612921 255 31 0
17.896193 -25.206370 2.037144 255 220 0
-45.425967 7.461422 -5.343075 0 1 255
-14.514827 -71.464189 2.882487 255 158 0
88.839981 81.771261 2.257158 255 204 0
101.649711 -22.044267 -3.449576 0 140 255
-109.655797 -50.131687 -4.936414 0 31 255
107.569139 19.979342 -2.358505 0 221 255
1.166397 43.710374 -0.414801 108 255 146
57.508910 -62.138662 -3.255821 0 155 255
103.086710 -23.029432 -2.145790 0 236 255
-74.787916 -16.907106 1.097143 219 255 35
-28.299283 61.885849 4.995171 255 3 0
92.914340 -43.482045 3.109677 255 142 0
4.647206 -26.236241 0.926446 207 255 47
95.391145 -54.705605 5.583718 215 0 0
81.118082 -0.846303 -3.509077 0 136 255
119.644705 -19.711055 -2.491302 0 211 255
38.589186 36.060667 -0.923209 71 255 183
-103.914548 -24.900267 2.226448 255 207 0
96.635459 -58.134144 5.238266 240 0 0
-75.579972 -64.851547 -1.408102 35 255 219
-82.382237 36.411578 -0.646811 91 255 163
-31.446034 -62.782067 5.771092 201 0 0
-70.333302 -59.629408 -0.076629 133 255 121
-86.523285 36.584316 -0.987269 66 255 188
33.158792 45.276426 -4.048835 0 96 255
98.402063 -79.639341 3.735458 255 96 0
-56.727644 -70.414721 2.878294 255 159 0
-30.231814 -42.232757 3.569134 255 108 0
33.898722 -27.649793 1.231152 229 255 25
-48.007797 0.975842 -4.630306 0 54 255
-1.620789 -60.027661 0.572382 181 255 73
99.058059 76.527216 4.861061 255 13 0
-91.916135 -61.330529 -5.175848 0 14 255
8.340982 70.581447 -1.936428 0 252 255
-68.858105 -39.889722 -0.300817 117 255 137
65.593938 14.676419 0.957939 209 255 45
-70.036253 -9.770119 0.153047 150 255 104
74.587034 -58.690693 0.655387 187 255 67
-23.304817 -69.337171 4.295161 255 54 0
103.390826 -10.221026 -5.597609 0 0 238
-32.901298 -12.166170 -4.720647 0 47 255
-1.674913 -83.250830 -0.037250 136 255 118
-94.392950 -25.166966 1.492166 249 255 5
-53.462644 -85.045019 1.057441 217 255 37
-20.271794 -79.047635 4.402608 255 47 0
94.275691 42.456652 2.693171 255 172 0
20.748997 73.414682 -4.627443 0 54 255
74.310293 -54.719628 0.560012 180 255 74
84.817086 -9.030668 -2.980954 0 175 255
-98.370288 74.932998 -4.786716 0 42 255
-44.428294 -33.087626 0.542772 179 255 75
79.734663 -59.168909 2.650574 255 175 0
61.371000 36.247946 -0.592955 95 255 159
15.366009 -46.178675 -2.358495 0 221 255
-23.078341 -1.461242 -4.364562 0 73 255
-0.275429 -35.405329 -0.164106 127 255 127
-116.429782 -19.510112 2.922020 255 155 0
-89.131060 -52.798996 -3.783170 0 116 255
-34.587647 -86.905433 2.292209 255 202 0
-86.370400 -21.594241 2.398118 255 194 0
-64.721482 66.768966 1.455415 246 255 8
73.562012 32.446258 -0.087031 132 255 122
64.359716 68.321800 -1.118215 57 255 197
55.407937 -32.534187 -0.734885 85 255 169
15.929060 -87.241565 -1.319940 42 255 212
101.227017 -52.293514 5.242441 240 0 0
-64.866808 -38.215985 1.112646 221 255 33
28.910998 69.840156 -5.653705 0 0 233
-19.009415 74.118653 3.766330 255 93 0
106.072064 -45.937833 3.970088 255 78 0
-37.564143 -44.674536 3.209887 255 134 0
-62.822791 -12.516343 -1.560891 24 255 230
64.322405 -42.602251 -0.894610 73 255 181
74.461097 58.129750 1.054305 216 255 38
52.511638 35.814543 -0.835223 77 255 177
68.018933 78.386461 0.283194 160 255 94
-73.923599 -14.824958 0.663018 188 255 66
25.183697 89.205968 -1.104612 58 255 196
8.911178 -16.934999 1.628223 255 250 0
98.286997 -47.391427 4.006566 255 76 0
-24.624679 58.590373 5.495323 221 0 0
-61.032750 33.431966 0.708288 191 255 63
-46.220888 -10.395356 -4.276828 0 80 255
2.902189 23.544354 0.402337 168 255 86
115.978642 -82.044049 3.200483 255 135 0
47.506053 9.368836 4.364053 255 49 0
52.814356 -86.880078 -1.147471 55 255 199
-7.964986 4.432028 -1.932786 0 252 255
-24.800564 63.743004 5.321043 234 0 0
103.556174 -75.375023 4.673859 255 27 0
-11.880066 -35.439214 0.730616 193 255 61
-89.885126 -30.784218 -0.287890 118 255 136
67.206283 -73.788291 -0.761100 83 255 171
-71.569049 7.952667 -0.048337 135 255 119
-26.370208 56.470269 5.803398 199 0 0
26.895390 19.606867 3.684318 255 99 0
79.668694 -71.873156 2.472360 255 188 0
-118.367008 -48.108686 -3.974014 0 102 255
36.497773 -4.493605 5.795511 199 0 0
-87.305213 42.669546 -1.646498 18 255 236
31.494658 -22.812377 2.743971 255 168 0
25.171473 88.819333 -1.037706 63 255 191
3.946450 -0.548599 1.903270 255 230 0
-17.676706 89.087804 1.788961 255 239 0
9.812513 55.650660 -2.000865 0 247 255
109.704300 -55.912541 5.653872 210 0 0
-35.471549 71.318730 5.371119 230 0 0
-6.874153 -11.949505 -1.476949 30 255 224
-84.635297 79.934157 -2.139326 0 237 255
-26.751553 -19.336240 -2.764377 0 191 255
-107.583482 50.965824 -4.781533 0 42 255
98.286294 42.547979 3.086689 255 143 0
-37.126298 -42.464807 3.380716 255 122 0
105.035005 -77.413101 5.178965 245 0 0
-87.572866 -58.948055 -3.982531 0 101 255
38.748843 -20.199803 2.655124 255 175 0
24.615134 73.267505 -4.603393 0 56 255
38.682802 3.846864 5.930973 189 0 0
70.824384 75.442518 0.643186 186 255 68
-102.092267 60.855300 -6.245807 0 0 190
57.431840 72.842002 -2.962100 0 176 255
-113.744175 12.773083 4.079568 255 70 0
-47.658227 25.391874 -0.938163 70 255 184
83.363293 28.249409 -0.435997 107 255 147
16.886108 82.159424 -2.048119 0 243 255
103.431254 63.375602 6.329982 160 0 0
86.882718 17.321865 -2.720727 0 194 255
-18.420303 21.235181 -2.771774 0 190 255
-52.431154 13.956108 -2.598574 0 203 255
-71.108208 33.457427 -0.637140 92 255 162
-109.850314 60.799463 -5.709437 0 0 229
51.916472 -86.242021 -1.485084 30 255 224
73.451225 22.471355 -0.477134 104 255 150
-108.552117 34.715858 -0.836411 77 255 177
-1.998084 -70.667609 0.584591 182 255 72
79.385766 -62.735011 2.624513 255 177 0
33.470854 40.003371 -2.312506 0 224 255
-20.012351 -26.936775 -1.636997 19 255 235
107.856914 43.622846 2.852912 255 160 0
-18.543487 87.824807 1.808164 255 237 0
-45.042027 40.400377 1.929999 255 228 0
-0.662970 9.989215 -0.053945 135 255 119
-36.762734 -74.220692 5.593424 214 0 0
-25.895059 59.059015 5.542747 218 0 0
-0.723261 36.820954 -0.341131 114 255 140
-101.401745 -47.990772 -4.323079 0 76 255
24.841712 62.452631 -5.399802 0 0 252
19.808043 58.027451 -4.559701 0 59 255
50.774097 62.174780 -4.332633 0 75 255
-61.698565 -19.235437 -1.432975 34 255 220
-110.170166 42.610398 -2.954269 0 177 255
49.884064 18.148250 3.355211 255 124 0
-31.455747 -41.435748 2.740741 255 169 0
23.420527 -52.205360 -4.294690 0 78 255
-55.012098 -40.078563 2.085530 255 217 0
-36.369477 -89.097209 1.730511 255 243 0
-56.887818 -76.883747 2.372123 255 196 0
-1.761373 36.911393 -0.621057 93 255 161
35.466738 76.130006 -5.173759 0 14 255
-63.505503 71.851793 1.679227 255 247 0
-44.140675 62.566929 5.446801 225 0 0
-9.020307 -31.979974 0.104672 147 255 107
47.141203 -48.211756 -2.591730 0 203 255
-31.406635 -16.422087 -3.793489 0 115 255
-105.063118 31.332141 -0.121591 130 255 124
4.537068 72.045369 -0.528319 100 255 154
-10.989896 -6.597158 -2.151129 0 236 255
119.275377 71.032824 4.417702 255 45 0
19.234920 65.606846 -4.316614 0 77 255
-108.915119 -18.073210 3.791297 255 92 0
34.524556 -67.113445 -5.882795 0 0 217
-100.115495 24.966828 1.557168 253 255 1
-30.608239 -17.856076 -3.236786 0 156 255
-111.577762 72.872447 -4.641279 0 53 255
24.198110 0.088385 5.059565 253 0 0
-78.530241 9.681656 2.185813 255 210 0
106.625867 20.130082 -3.402873 0 144 255
-73.587691 -32.981703 -0.433500 107 255 147
112.345141 -50.861257 4.885383 255 11 0
99.314473 9.825923 -5.123855 0 17 255
4.318721 -72.205635 -1.023604 64 255 190
-8.598422 17.958993 -1.308237 43 255 211
-26.624031 9.474422 -4.751654 0 45 255
59.762781 77.180306 -1.727220 12 255 242
-74.895114 -83.183161 -0.956946 69 255 185
-34.920670 -45.108290 3.852507 255 87 0
-105.913626 -46.136533 -3.754223 0 118 255
-17.440474 76.278608 2.898720 255 157 0
-74.075888 -1.683144 1.243067 230 255 24
100.692591 82.630408 2.836249 255 162 0
-11.869593 5.175008 -2.941378 0 178 255
-66.520709 -51.665927 1.036648 215 255 39
-54.326565 -78.240763 2.883347 255 158 0
-77.223234 24.593809 0.676853 189 255 65
-98.639401 76.819469 -4.378509 0 72 255
-107.214695 -5.962218 5.380023 230 0 0
51.958363 79.377196 -2.502654 0 210 255
-94.825656 -16.486451 3.314498 255 127 0
81.991588 -88.639733 0.233221 156 255 98
112.250065 72.735392 4.848362 255 14 0
99.443272 -10.296762 -5.356556 0 0 255
-77.618890 -26.371615 0.687956 189 255 65
70.312194 88.973970 -0.075419 133 255 121
23.372492 -10.671890 4.125510 255 67 0
106.981436 -59.012777 5.488395 222 0 0
-49.635808 -25.211902 -1.845517 3 255 251
25.267124 11.133408 4.069811 255 71 0
27.876706 80.512411 -3.638592 0 126 255
-74.480376 59.811030 -0.670595 90 255 164
24.058829 -15.996707 3.378512 255 122 0
54.047565 75.081288 -3.507482 0 136 255
73.637882 22.250460 -0.553600 98 255 156
85.394386 -44.650784 2.293603 255 202 0
-113.619850 -54.427379 -5.074200 0 21 255
62.049872 -79.706928 -0.908130 72 255 182
-42.141109 -54.105094 5.109623 250 0 0
63.706018 -57.814691 -1.588225 22 255 232
-83.700038 -59.890141 -3.480249 0 138 255
-29.725250 -58.502046 5.304748 235 0 0
-22.507397 -22.291389 -2.602879 0 203 255
46.913660 -84.853800 -3.116319 0 165 255
27.789311 -46.523293 -4.145915 0 89 255
75.297414 19.596800 -1.092861 59 255 195
-118.548991 -1.625114 4.818546 255 16 0
-51.738734 20.851486 -1.848582 3 255 251
56.621052 27.252460 -0.057024 135 255 119
-62.518498 38.677221 0.938308 208 255 46
82.490323 -57.981195 3.739474 255 95 0
-45.484178 40.617254 2.341614 255 198 0
40.077567 56.026616 -5.477571 0 0 246
-106.745051 37.243322 -1.136179 55 255 199
99.884036 3.267374 -5.530165 0 0 242
-93.014263 -69.887915 -4.717076 0 47 255
-21.312216 -48.017272 3.328854 255 126 0
-26.573300 -4.097083 -5.659906 0 0 233
-47.173121 -28.831925 -0.389736 110 255 144
8.655516 -18.505309 1.714992 255 244 0
5.905418 -42.854625 -0.803709 80 255 174
70.608818 -5.148670 0.268568 159 255 95
113.301529 54.571263 5.648516 210 0 0
72.175243 -73.724671 -0.091998 132 255 122
53.608584 85.003892 -1.875184 1 255 253
-72.522789 -60.900261 -0.891921 73 255 181
-69.063579 61.616734 0.338839 164 255 90
-117.015050 -49.724279 -3.146405 0 163 255
-97.691239 -43.651719 -3.555643 0 133 255
67.882301 69.630064 -0.746829 84 255 170
-106.350901 81.443395 -3.303301 0 151 255
-55.325898 9.721037 -3.536161 0 134 255
-27.992795 43.108810 3.037143 255 147 0
-82.274574 -43.646824 -1.430788 34 255 220
-38.489327 -72.600331 5.746537 203 0 0
-59.465699 -29.175950 0.293871 160 255 94
-21.797289 -34.849107 1.264545 232 255 22
-77.154191 -32.416288 -0.171811 126 255 128
-113.852517 23.886751 2.019484 255 222 0
98.082303 -55.513035 5.816177 198 0 0
58.248889 -22.639133 1.132969 222 255 32
64.836652 12.145312 1.366315 239 255 15
-58.866873 84.305327 1.172508 225 255 29
105.508146 10.311790 -4.849957 0 37 255
79.978407 35.435320 0.804707 198 255 56
-21.984604 -2.270385 -5.415548 0 0 251
-50.535921 52.522761 3.843612 255 88 0
70.326741 -81.437029 -0.070611 134 255 120
-115.000003 -17.527126 3.743464 255 95 0
17.377662 -52.470121 -3.760896 0 117 255
88.287544 -26.331849 -1.859970 2 255 252
98.981679 -36.022293 1.314982 235 255 19
101.878443 36.336534 1.535095 252 255 2
-17.096712 19.763009 -2.715375 0 194 255
-116.233039 28.821110 1.143249 223 255 31
-36.074976 -11.440337 -4.620379 0 54 255
-55.119579 -58.067974 3.104126 255 142 0
18.820709 -49.741494 -3.528845 0 135 255
54.007059 7.507439 2.792597 255 165 0
115.185265 -45.461032 3.148512 255 139 0
-43.394208 -10.735171 -5.231796 0 9 255
-32.912104 77.293758 4.422064 255 45 0
-99.252022 -35.516480 -1.121579 56 255 198
79.918798 -70.927253 2.499819 255 186 0
-0.321517 83.660513 -0.140965 129 255 125
-64.039167 57.096309 1.295067 234 255 20
0.657436 -70.161350 0.006465 139 255 115
-3.657345 70.444285 0.725663 192 255 62
76.162957 17.783260 -0.535235 100 255 154
-64.906972 -56.208381 1.205876 227 255 27
1.651714 44.790134 -0.324514 115 255 139
-13.220526 -12.959347 -2.448599 0 214 255
-95.917827 76.411803 -4.418779 0 69 255
-86.875111 82.572530 -1.937054 0 252 255
-62.218169 -77.284949 1.817299 255 237 0
-15.667879 64.973764 3.979111 255 78 0
13.317895 -81.630046 -2.399790 0 218 255
58.862644 71.976949 -2.578548 0 204 255
98.426995 -2.221888 -5.802021 0 0 222
-98.032486 -74.400166 -4.692031 0 49 255
113.661569 -17.969733 -3.350921 0 148 255
-20.970348 -31.146347 -0.133650 129 255 125
67.356368 35.259772 -0.150686 128 255 126
-40.279926 37.420072 1.688352 255 246 0
55.243914 -23.836995 1.065554 217 255 37
44.533701 38.470770 -1.955633 0 250 255
-115.387551 -88.233601 -1.802663 6 255 248
89.188769 -48.138347 3.413324 255 119 0
-109.498017 -70.376680 -5.900096 0 0 215
-1.799173 -61.261490 1.132878 222 255 32
-67.854981 -37.263954 0.540104 179 255 75
22.005819 -57.671421 -4.728967 0 46 255
-76.306911 3.005844 1.532691 251 255 3
26.193113 82.842804 -2.807550 0 188 255
64.781163 76.808248 -1.145746 55 255 199
22.474975 47.832545 -3.350495 0 148 255
81.037408 55.952949 2.776729 255 166 0
-28.446563 -64.364963 5.721864 205 0 0
40.439962 -74.981969 -5.477579 0 0 246
-12.605602 28.867986 -0.687347 88 255 166
99.710212 -14.078735 -4.361921 0 73 255
-97.206159 -55.391821 -5.689735 0 0 231
88.689887 -74.706313 3.664355 255 101 0
-116.777888 -34.936797 -0.590894 95 255 159
85.314894 -9.274477 -2.932195 0 178 255
-99.523587 -85.929334 -2.536990 0 207 255
47.304230 -16.902642 2.307758 255 201 0
-95.617949 -61.563099 -5.483180 0 0 246
67.291208 67.059946 -0.455561 105 255 149
-66.583097 40.849211 -0.158952 127 255 127
-103.125702 -52.044816 -4.694976 0 49 255
88.814072 -67.129023 4.387451 255 48 0
18.364141 50.728573 -3.070380 0 168 255
83.368270 46.672116 2.352835 255 197 0
70.077317 84.981379 0.094319 146 255 108
-97.371639 -65.104676 -6.005453 0 0 208
-96.883774 9.343881 5.282990 237 0 0
51.566087 58.145659 -4.173459 0 87 255
82.971265 -9.692279 -3.202465 0 159 255
-76.720225 -45.145834 -0.945828 69 255 185
92.858873 -67.143956 4.886818 255 11 0
-113.675542 -38.200537 -1.265641 46 255 208
64.450846 -25.002864 0.649488 187 255 67
30.612333 27.588017 1.122719 221 255 33
-27.573842 -75.905503 4.443835 255 44 0
-28.256713 45.464525 4.346951 255 51 0
-46.183494 -66.927744 5.172408 245 0 0
-5.858120 -42.157101 0.971566 210 255 44
0.082697 -8.903733 -0.335457 114 255 140
-80.377773 -81.342830 -1.379861 37 255 217
-116.757403 -28.420779 0.807463 198 255 56
6.455205 80.967049 -1.318149 42 255 212
-74.278912 80.974267 -1.074866 60 255 194
-96.400613 55.352043 -4.826477 0 39 255
-59.451805 -36.232857 0.651333 187 255 67
-85.328275 6.535309 3.876036 255 85 0
87.658383 56.670654 4.376144 255 49 0
-50.269025 -89.890672 1.541607 252 255 2
35.449837 -14.851114 4.897782 255 10 0
-117.657864 5.282819 4.686318 255 26 0
38.690657 22.378329 2.500106 255 186 0
109.035208 -47.315439 3.492099 255 114 0
61.213093 -29.082780 0.271411 159 255 95
63.316391 89.441538 -0.310989 116 255 138
-19.726790 -75.685513 3.166669 255 137 0
-5.436966 58.158318 1.413376 243 255 11
96.358007 15.059146 -4.064451 0 95 255
-63.190070 88.052586 0.503628 176 255 78
1.328756 14.612516 0.315948 162 255 92
55.001312 -17.828577 1.921578 255 229 0
-38.990710 83.387203 3.047253 255 146 0
-6.725405 18.013939 -0.376696 111 255 143
-111.506372 17.173700 3.705558 255 98 0
43.736088 59.269942 -5.634856 0 0 235
-79.877106 -27.825042 0.365689 166 255 88
-57.886201 17.853126 -1.406198 36 255 218
-66.018615 51.820784 0.379976 167 255 87
52.357790 -50.615409 -2.816173 0 187 255
-24.159071 -45.953147 3.325996 255 126 0
118.533006 45.572383 3.350351 255 124 0
71.840187 63.660335 0.807067 198 255 56
101.664541 36.589084 1.216276 228 255 26
44.909984 25.314372 1.504226 249 255 5
-64.801075 -65.712409 1.598764 255 253 0
-42.290943 62.316658 5.621426 212 0 0
-32.729818 86.944118 1.573398 254 255 0
-71.403384 69.082461 -0.250224 120 255 134
-7.989780 4.925961 -2.464747 0 213 255
69.856993 -67.285238 0.181289 152 255 102
5.244616 -9.927200 1.212166 228 255 26
-80.098146 74.842359 -2.752165 0 192 255
55.866558 31.546562 0.274172 159 255 95
111.631494 -62.373665 5.760496 202 0 0
-6.112845 81.148855 1.386441 241 255 13
-85.996772 28.001846 0.707532 191 255 63
55.304744 47.179701 -2.832514 0 186 255
9.385312 -70.496576 -2.968750 0 176 255
73.961667 18.794364 -0.685949 88 255 166
25.362304 52.500672 -5.157585 0 15 255
89.264921 -60.982226 4.395629 255 47 0
-116.552932 -40.385680 -3.040049 0 170 255
36.112161 66.512061 -6.571044 0 0 166
24.407477 5.700696 5.122174 249 0 0
66.912114 50.105342 -0.548393 99 255 155
-67.509321 48.729451 1.174609 225 255 29
20.500518 4.591759 5.099263 250 0 0
-55.882793 -13.682776 -3.112795 0 165 255
61.136761 43.249118 -0.974779 67 255 187
-100.872089 -22.271803 2.510129 255 186 0
-82.173370 31.504108 -0.668936 90 255 164
106.859602 -73.473710 5.325726 234 0 0
57.044578 44.052074 -2.224656 0 230 255
-59.498550 47.749458 1.551155 253 255 1
-45.059751 59.530841 4.936198 255 7 0
-15.836708 0.644845 -3.963277 0 103 255
-63.972533 57.169472 1.348472 238 255 16
-86.337387 -50.214374 -3.434694 0 141 255
112.772854 -86.692652 2.045145 255 220 0
-69.172942 69.722998 0.369529 166 255 88
59.519122 -66.734583 -2.879153 0 182 255
52.368862 -48.701928 -3.434010 0 142 255
56.558842 -39.774789 -1.344685 40 255 214
-47.279020 -85.858767 2.179873 255 210 0
-66.629591 -47.609422 0.826008 200 255 54
27.985537 -17.476324 4.158857 255 65 0
118.899994 -59.518294 3.853044 255 87 0
-26.712028 75.706629 4.851703 255 14 0
-67.563536 -79.836833 0.515189 177 255 77
1.954435 -37.736254 0.204504 154 255 100
-74.436127 -51.412033 -1.382852 37 255 217
-36.722352 6.576024 -5.611568 0 0 236
56.462418 -75.452608 -2.238884 0 229 255
-61.807891 7.542620 -1.433486 34 255 220
-12.412497 -60.310475 3.578997 255 107 0
34.450517 45.987130 -3.902074 0 107 255
-81.789337 -20.645238 1.248756 231 255 23
-85.330619 -23.323645 1.472662 247 255 7
111.565393 64.445601 4.977736 255 4 0
88.273789 -60.632609 4.261152 255 57 0
92.348002 2.650277 -5.512999 0 0 244
17.375097 41.178437 -2.107974 0 239 255
1.056021 -2.585606 0.155069 150 255 104
-93.900367 89.175307 -1.164726 53 255 201
-62.379029 89.209833 0.711174 191 255 63
-93.015420 -75.634928 -4.025083 0 98 255
7.746277 80.413972 -1.168427 53 255 201
-15.433877 70.165538 3.674708 255 100 0
-78.572286 -70.626590 -1.571604 23 255 231
-96.277682 46.101820 -3.815954 0 113 255
17.843344 -29.441523 0.246067 157 255 97
-86.127835 -42.802258 -2.513669 0 209 255
-116.910571 5.271165 4.970392 255 5 0
-65.865679 -75.470299 1.127166 222 255 32
72.707973 52.246207 1.291956 234 255 20
37.839784 83.278161 -3.199510 0 159 255
4.121108 -37.706954 -0.048844 135 255 119
-65.915113 87.637576 0.254984 158 255 96
-7.788932 79.249197 1.696806 255 245 0
-117.621878 -10.718510 3.885419 255 85 0
-41.932218 -6.593209 -5.242755 0 9 255
-4.944599 26.155570 -0.124986 130 255 124
-98.001064 -77.995952 -4.812231 0 40 255
19.208025 -52.429347 -4.046576 0 96 255
-13.793272 10.437917 -3.380488 0 145 255
-107.008187 -25.397265 1.805311 255 237 0
-84.678643 1.617367 3.840842 255 88 0
-2.795677 -58.782778 0.766373 195 255 59
95.291210 81.803168 3.412286 255 119 0
-106.345355 -12.341091 4.973365 255 5 0
14.926392 -46.907064 -2.399308 0 218 255
-51.738428 -81.895272 2.436643 255 191 0
-26.790756 14.487654 -3.953417 0 103 255
101.369963 -16.114630 -4.544483 0 60 255
31.141369 33.076009 -0.242941 121 255 133
-51.774689 35.103692 0.569502 181 255 73
-11.575208 -77.986322 2.068258 255 218 0
115.515064 -71.444192 4.892257 255 11 0
88.161830 -7.719010 -3.987974 0 101 255
-17.816686 -12.605001 -3.121568 0 164 255
7.134327 -13.992707 1.292006 234 255 20
-9.997418 4.729146 -2.431548 0 215 255
-83.865781 -10.420069 2.676859 255 173 0
112.258786 61.911749 5.159095 246 0 0
-65.004575 16.852536 -0.292687 117 255 137
-67.404348 -36.553342 0.107517 147 255 107
-93.502422 -17.669049 3.582228 255 107 0
106.031251 -48.141702 4.467096 255 42 0
99.553270 12.155738 -5.271311 0 6 255
32.887612 66.653923 -5.554668 0 0 241
6.873458 26.651486 0.714033 191 255 63
19.450048 75.857365 -3.356367 0 147 255
-31.105136 46.016566 4.501330 255 39 0
93.571276 16.614789 -3.613703 0 128 255
13.764446 59.244199 -3.382827 0 145 255
85.412633 30.537057 -0.401978 109 255 145
46.687401 -87.590672 -1.829901 4 255 250
42.948480 26.831378 1.012339 213 255 41
41.066988 48.955551 -4.727440 0 46 255
66.217529 49.295322 -0.943260 70 255 184
75.212072 -38.870548 0.567532 181 255 73
43.955291 -57.863424 -5.623062 0 0 236
-43.017280 -89.945495 0.979606 211 255 43
-56.828728 -48.724520 2.239519 255 206 0
-72.974752 -55.804977 -1.304077 43 255 211
85.439156 -38.200127 1.004585 213 255 41
-3.410284 -72.189493 0.739894 193 255 61
-119.921444 -56.944549 -4.323473 0 76 255
23.776246 -67.376114 -4.775095 0 43 255
87.261972 -46.987203 3.257259 255 131 0
100.477571 -18.087921 -3.706832 0 121 255
105.253313 56.629340 5.559845 217 0 0
88.479968 75.033355 3.559232 255 109 0
-77.587351 16.088555 1.388511 241 255 13
3.759025 2.122620 0.580799 182 255 72
50.016772 -2.112545 4.825838 255 16 0
34.382157 79.525172 -4.036196 0 97 255
-33.938517 69.853243 5.541302 218 0 0
-111.071296 24.576012 1.595108 255 253 0
94.370244 -27.521559 -0.596222 95 255 159
66.740220 61.398927 -0.270857 119 255 135
87.843048 80.777973 2.329225 255 199 0
-27.473831 -0.573194 -5.051527 0 23 255
-60.467177 -55.424155 2.172139 255 211 0
82.609812 -2.579804 -2.987946 0 174 255
37.096749 -30.558242 -0.346751 113 255 141
40.135659 -76.790256 -4.440376 0 68 255
-111.767402 25.795061 1.934115 255 228 0
-94.272383 18.467856 3.198935 255 135 0
64.651332 14.058213 1.423739 243 255 11
92.054545 -72.423766 4.553946 255 35 0
-35.161261 30.468594 0.088908 145 255 109
89.323016 -14.108246 -2.802879 0 188 255
-76.994839 -31.233301 -0.300540 117 255 137
19.166947 -30.535440 0.249685 157 255 97
-36.181874 -9.545535 -5.657428 0 0 233
8.132255 6.140865 1.354370 238 255 16
-72.789795 54.083861 -1.083204 59 255 195
-28.080487 16.875931 -3.659403 0 125 255
-9.185583 -83.570672 1.522949 251 255 3
19.055175 -10.606647 4.131678 255 67 0
-70.800916 37.868395 -0.003691 139 255 115
25.317332 -23.131218 2.131872 255 213 0
-69.162803 -82.647523 -0.188939 125 255 129
114.281993 81.275471 3.287024 255 129 0
-62.075881 3.867993 -2.119410 0 238 255
-93.689346 -57.063444 -5.839064 0 0 220
-54.926643 79.152203 2.908466 255 156 0
16.338356 -80.881739 -2.679102 0 197 255
-12.909280 -77.372317 1.944686 255 227 0
38.255642 -66.434026 -5.651811 0 0 234
-93.638158 -55.071260 -4.758863 0 44 255
-20.988274 17.383747 -2.507298 0 210 255
13.453473 78.065588 -2.673332 0 197 255
113.919429 -24.358807 -2.225236 0 230 255
92.750054 74.993887 4.588175 255 33 0
17.195316 -41.383016 -2.152483 0 236 255
-47.907696 -31.949609 0.520017 177 255 77
-92.440594 7.657155 4.906528 255 10 0
31.779465 60.643842 -6.486132 0 0 172
15.189341 33.162689 -0.749955 84 255 170
-6.177002 -21.634333 -1.229284 49 255 205
52.854040 -37.921893 -0.880239 74 255 180
-8.319119 -28.315763 -0.093571 132 255 122
67.005277 67.577204 -0.547050 99 255 155
-50.749323 -33.887602 0.086977 145 255 109
-41.417588 -58.857842 5.726488 204 0 0
98.960899 -42.265452 1.699323 255 245 0
18.969904 -19.185662 2.605022 255 179 0
109.188712 81.751925 3.396774 255 121 0
-105.247468 -4.187983 6.247022 166 0 0
101.950352 68.139792 5.909705 191 0 0
-106.229394 71.065722 -5.866669 0 0 218
59.468148 16.014297 1.830902 255 236 0
18.987826 41.297550 -2.581244 0 204 255
-90.857768 -65.658954 -4.986673 0 27 255
-47.301542 -15.079595 -3.970080 0 102 255
-4.850462 -70.808989 2.213851 255 207 0
13.944456 -70.602043 -3.543368 0 133 255
-2.947419 -1.924985 -0.998861 65 255 189
-113.468476 60.022169 -5.475630 0 0 246
118.699205 -74.332100 4.738021 255 22 0
-35.484964 -83.903886 2.576526 255 181 0
53.431890 60.755113 -3.580788 0 131 255
102.921318 -9.303847 -5.030452 0 24 255
113.832023 -67.874673 4.999006 255 3 0
-75.921745 71.526544 -1.639892 18 255 236
94.134396 8.849609 -4.145095 0 89 255
3.060675 45.315874 -1.274908 45 255 209
37.238102 74.804795 -5.469535 0 0 247
-60.964732 -66.088198 1.515805 250 255 4
-85.416976 -62.139535 -4.217551 0 84 255
19.010797 78.718614 -3.192526 0 159 255
96.758044 -31.926642 -0.272880 119 255 135
-19.526734 16.138066 -3.088122 0 167 255
108.746649 8.927965 -5.271351 0 6 255
49.377825 -50.885361 -3.739236 0 119 255
-115.497541 -36.449596 -1.417334 35 255 219
104.136295 -69.945122 5.539992 218 0 0
-93.023144 2.457707 4.884080 255 11 0
-66.730168 23.528889 0.073297 144 255 110
15.079571 -87.033318 -1.305142 43 255 211
105.493926 58.138724 6.198628 170 0 0
-87.642931 -44.172583 -2.901029 0 181 255
-48.572245 4.983409 -4.739184 0 46 255
-109.058129 -78.257598 -4.265345 0 80 255
-98.905883 -30.408693 -0.119700 130 255 124
-16.617828 -73.449996 3.318838 255 126 0
18.189180 15.988343 2.410917 255 193 0
2.653443 -32.099243 -0.371417 112 255 142
-108.614729 75.229177 -4.056002 0 96 255
-17.074573 -66.265089 4.113718 255 68 0
-13.449798 7.774765 -3.681319 0 123 255
104.436168 82.055473 3.666959 255 101 0
-41.416899 -38.076312 2.266528 255 204 0
32.048785 66.627543 -5.156089 0 15 255
-2.908316 88.354726 0.426836 170 255 84
66.790916 -74.994772 -0.348776 113 255 141
24.995437 6.980658 5.135640 248 0 0
118.112542 -14.925837 -3.949565 0 104 255
32.892130 -3.599040 5.951513 188 0 0
-37.990229 56.615429 5.546927 218 0 0
-19.118380 53.224870 3.558258 255 109 0
85.454841 -43.321590 2.803872 255 164 0
-31.649543 14.034562 -4.629276 0 54 255
102.414916 82.376500 2.976911 255 151 0
-14.267731 -48.257770 2.525208 255 185 0
106.363470 -55.181462 5.891609 192 0 0
-83.920507 11.051683 2.937238 255 154 0
68.166468 -17.780423 0.006722 139 255 115
-13.292764 -38.121301 1.574524 255 254 0
-65.563791 49.637125 0.604370 183 255 71
21.689839 81.270875 -2.732554 0 193 255
-105.704922 -45.081699 -3.776346 0 116 255
-72.031161 -67.690778 -0.800089 80 255 174
83.338819 -8.305988 -2.769819 0 190 255
5.709231 5.695698 1.717436 255 244 0
-38.824444 68.653665 5.935563 189 0 0
-85.362043 81.767748 -2.255631 0 228 255
-81.504106 6.553575 2.784956 255 165 0
-64.822378 26.935254 -1.490480 29 255 225
-9.444786 11.057807 -2.233961 0 230 255
-115.186319 -89.148543 -1.463825 31 255 223
-70.759424 11.909160 0.541520 179 255 75
-17.251744 34.118768 1.429161 244 255 10
91.830709 -27.298062 -1.016191 64 255 190
87.746086 20.745494 -1.312479 42 255 212
104.409509 -13.850847 -4.659144 0 51 255
-65.981577 75.077869 1.241920 230 255 24
-90.184975 -3.946504 5.095845 251 0 0
83.800857 11.492520 -3.618704 0 128 255
47.682639 -58.664343 -4.296190 0 78 255
-60.835635 40.824247 0.658068 187 255 67
-16.018702 -6.822861 -3.788404 0 115 255
101.907465 -62.380083 5.616229 212 0 0
76.059793 2.281441 -1.910060 0 254 255
104.711720 -51.556572 4.627325 255 30 0
-1.463709 -27.494980 -0.227392 122 255 132
-73.777049 -39.499404 0.108749 147 255 107
9.364759 2.115424 2.001845 255 223 0
-92.785657 12.482594 4.558187 255 35 0
-91.908309 53.220311 -4.302749 0 78 255
-98.166370 2.487056 5.966116 187 0 0
-59.532641 68.369730 2.743972 255 168 0
-80.663303 60.338928 -2.486050 0 211 255
-58.144088 -81.906529 2.006218 255 223 0
46.827638 -27.488322 0.621052 185 255 69
41.347491 -72.221967 -5.678187 0 0 232
-113.817395 66.168224 -5.064432 0 22 255
86.153883 -82.548320 2.402367 255 194 0
76.794710 -46.591026 1.866056 255 233 0
106.620059 15.521985 -4.247812 0 82 255
-67.693776 -67.890279 0.477330 174 255 80
55.243084 79.210791 -2.841714 0 185 255
13.675509 -41.617037 -2.398759 0 218 255
49.577340 -70.499511 -4.291661 0 78 255
96.807678 -67.793829 5.995570 185 0 0
-100.513532 -15.764509 4.090391 255 70 0
81.903524 -3.298199 -2.776759 0 190 255
86.112241 19.634702 -1.938584 0 251 255
34.803842 -72.228560 -5.940490 0 0 212
-23.620090 -58.610779 5.224615 241 0 0
9.885458 -33.998664 -0.746832 84 255 170
-86.299391 -78.148569 -2.860456 0 184 255
58.773781 -74.629425 -2.169769 0 234 255
12.290887 -28.027875 0.424909 170 255 84
18.031332 -22.875187 1.772877 255 240 0
50.218630 43.588339 -2.254856 0 228 255
-95.722977 85.557631 -1.580803 23 255 231
-108.626013 -61.975951 -6.267912 0 0 188
-91.433584 44.303773 -3.125207 0 164 255
-100.795550 -83.288564 -3.355811 0 147 255
72.386906 -56.542309 0.263926 158 255 96
-88.227366 -78.571115 -2.948697 0 177 255
-29.534466 -78.855822 3.822834 255 89 0
37.628351 -58.503547 -5.411067 0 0 251
-58.107641 8.188860 -2.351077 0 221 255
98.809136 49.332496 4.469637 255 42 0
99.336266 72.200429 4.804679 255 17 0
-26.222381 75.498881 4.490266 255 40 0
20.789394 -32.847006 -0.367013 112 255 142
68.568271 61.758507 -0.584832 96 255 158
115.607712 16.113086 -3.217987 0 157 255
46.266490 30.655773 0.132878 149 255 105
-12.063679 32.532673 -0.229434 122 255 132
-109.593470 -44.541646 -3.362736 0 147 255
34.033341 78.893507 -4.712231 0 48 255
38.214688 -23.559010 2.658742 255 175 0
46.412001 -72.941072 -4.652897 0 52 255
-36.463451 -2.214791 -5.439299 0 0 249
86.784686 11.715607 -3.436111 0 141 255
22.215681 11.831394 3.633724 255 103 0
-28.748666 16.753052 -4.112780 0 92 255
-61.629176 85.989243 0.960807 209 255 45
-112.663360 7.479769 5.029248 255 1 0
50.858957 47.486260 -3.346201 0 148 255
-44.183688 41.805333 2.896819 255 157 0
84.950960 9.692883 -3.898469 0 107 255
-42.739978 15.437745 -4.233029 0 83 255
-46.585936 71.196698 4.324277 255 52 0
68.092648 -46.251937 -0.326357 115 255 139
-28.778695 48.576799 4.589926 255 33 0
116.606671 -20.430904 -2.768826 0 190 255
15.735516 29.415643 -0.003607 139 255 115
104.978122 88.576554 1.463310 246 255 8
-90.783000 -12.761418 3.689068 255 99 0
-108.829736 57.428329 -5.572283 0 0 239
-116.786932 -14.387476 4.025694 255 74 0
90.251983 -45.484407 3.181167 255 136 0
-5.557037 -60.817073 1.693877 255 246 0
56.053527 68.836105 -3.690734 0 123 255
6.060517 85.365315 -1.126863 56 255 198
112.181995 46.902149 3.387834 255 121 0
74.388029 -27.859611 0.044453 142 255 112
-4.934411 79.116051 0.943506 208 255 46
-76.594559 -2.983194 1.406119 242 255 12
-27.786915 -0.608419 -5.477407 0 0 246
-26.259480 67.377332 5.223174 241 0 0
-33.624768 -86.830764 1.945495 255 227 0
51.501373 42.982505 -2.781062 0 189 255
80.829388 -13.683480 -2.183913 0 233 255
79.186010 51.488445 2.158538 255 212 0
-72.760028 -28.206796 0.172182 152 255 102
-79.557516 -59.687496 -2.635907 0 200 255
40.921166 18.069855 3.472946 255 115 0
55.959415 20.409605 1.759582 255 241 0
68.096396 -19.558841 0.096383 146 255 108
96.883974 -26.394823 -2.381144 0 219 255
-39.339040 79.747170 3.689725 255 99 0
-103.705346 -60.255265 -6.153742 0 0 197
-31.203547 33.618924 0.707930 191 255 63
-42.230666 -20.999461 -3.008032 0 173 255
-93.551862 88.392810 -1.647622 18 255 236
43.069885 85.889804 -2.465821 0 213 255
2.706652 46.917251 -0.865810 75 255 179
29.688986 7.630604 4.783889 255 19 0
88.625406 -3.391329 -4.696766 0 49 255
18.200791 -65.008752 -4.367651 0 73 255
92.966672 13.387386 -4.027166 0 98 255
75.369290 62.902579 1.856467 255 234 0
6.664398 50.454027 -0.938119 70 255 184
28.627938 -22.458301 2.466696 255 189 0
-7.123587 -58.039436 1.870998 255 233 0
-26.969222 -5.796276 -5.582478 0 0 239
55.519340 -83.242394 -1.898087 0 254 255
24.253898 12.090092 3.999001 255 76 0
-31.256623 37.018368 1.433246 244 255 10
36.683723 -88.917957 -1.583485 23 255 231
8.563731 51.610620 -1.713526 13 255 241
-93.293257 -23.574642 1.732595 255 243 0
58.787981 16.381052 1.737361 255 242 0
-0.803526 27.201908 0.249356 157 255 97
102.798539 65.668616 5.800684 199 0 0
95.784350 86.269079 2.213452 255 207 0
-92.705425 27.740123 1.235231 230 255 24
-56.133904 -9.387514 -3.082800 0 167 255
47.174998 45.080805 -3.386060 0 145 255
-71.922630 38.207785 0.236777 156 255 98
77.807280 -23.106326 -1.007639 65 255 189
41.647246 71.955826 -5.056073 0 22 255
108.132784 -66.424599 5.484227 222 0 0
-35.683298 -86.747882 2.776251 255 166 0
45.148665 -55.618903 -5.228651 0 10 255
24.512397 28.266906 1.386167 241 255 13
43.609196 87.753671 -1.922543 0 253 255
107.565423 -17.414152 -3.955949 0 103 255
-35.421953 -66.258487 5.401711 228 0 0
-64.462949 53.640388 0.847149 201 255 53
73.122120 87.939642 0.272231 159 255 95
-83.722493 -76.784565 -2.409792 0 217 255
12.318158 31.156851 -0.227056 122 255 132
102.251494 3.619723 -5.915230 0 0 214
83.240525 23.108249 -1.093731 58 255 196
45.934817 -24.203056 1.805504 255 237 0
-116.623047 -39.508017 -2.283579 0 226 255
115.187459 61.592807 5.350542 232 0 0
-11.388739 -74.360155 2.394838 255 194 0
-50.155329 33.117887 0.237947 156 255 98
-103.877442 -12.382757 5.123183 249 0 0
-85.382358 10.611210 2.632162 255 177 0
-109.060183 79.784137 -3.361161 0 147 255
14.384843 39.820762 -1.421874 34 255 220
-28.614794 41.053650 2.239310 255 206 0
-49.351538 -3.880293 -4.552146 0 59 255
76.385339 29.664179 -0.148465 128 255 126
-100.795602 -14.331894 4.819468 255 16 0
-18.723924 -9.231900 -3.731103 0 120 255
72.757984 62.964739 0.727682 192 255 62
79.177423 16.952538 -1.435942 33 255 221
50.186339 50.062260 -3.223290 0 157 255
5.771792 16.073122 1.575464 255 254 0
-81.840432 1.646361 3.232667 255 133 0
-25.124400 44.392097 3.284823 255 129 0
54.974102 -30.187150 -0.045230 136 255 118
67.391447 60.179770 -0.513036 101 255 153
26.481158 21.922476 2.773467 255 166 0
95.691157 -44.853306 3.484978 255 114 0
15.504934 30.724715 -0.580204 96 255 158
83.425108 59.750491 3.261591 255 130 0
97.124045 -48.642617 4.069198 255 71 0
-79.669166 -25.158402 0.814526 199 255 55
-85.016594 6.749449 3.492359 255 113 0
117.095776 -48.355617 3.769025 255 93 0
-48.953862 33.280135 0.361256 165 255 89
-12.376927 57.075353 3.298613 255 128 0
-18.320962 -5.372432 -4.566678 0 58 255
83.591813 -82.808845 1.939488 255 228 0
-117.001642 -30.984335 -0.185522 125 255 129
-2.226148 40.079967 0.468520 173 255 81
-9.195316 19.090684 -1.290894 44 255 210
-96.369531 1.548289 5.615050 213 0 0
-12.904747 48.833500 2.815264 255 163 0
89.825771 84.328611 2.428039 255 192 0
-107.645043 -1.012910 6.342821 159 0 0
-59.926876 -41.082474 0.712554 191 255 63
25.871336 46.416670 -3.753027 0 118 255
10.386400 -57.865931 -2.878707 0 182 255
62.364520 -62.176398 -1.506552 28 255 226
-37.870768 32.074350 0.357145 165 255 89
-90.447154 -44.388265 -3.009904 0 173 255
-31.182252 51.402796 5.284803 237 0 0
79.289479 -40.426256 1.025643 214 255 40
-15.439161 -5.041478 -3.677144 0 124 255
-24.803779 -24.317719 -1.975270 0 249 255
67.643344 -54.321241 -0.155803 127 255 127
20.501755 -42.466190 -2.496040 0 210 255
-87.170259 24.322212 1.915256 255 229 0
-28.686230 -52.598250 4.750012 255 21 0
98.202162 36.051366 1.352620 238 255 16
-112.974372 -2.266022 5.231871 241 0 0
62.934308 -41.131256 -0.556965 98 255 156
-45.992159 60.861000 5.191907 244 0 0
59.636444 -44.399812 -1.963753 0 250 255
-80.527030 79.589180 -1.593579 22 255 232
37.473895 12.548866 5.128375 248 0 0
86.396973 48.026603 2.995899 255 150 0
-104.134283 87.866991 -2.117002 0 238 255
109.742215 -3.958000 -5.633484 0 0 235
-94.469601 35.628517 -0.568821 97 255 157
-116.791081 -75.556933 -4.453927 0 67 255
77.431110 47.227318 0.844531 201 255 53
3.046703 -72.980447 -0.735489 85 255 169
-111.588270 -39.889300 -2.822528 0 186 255
37.269674 54.470934 -6.028559 0 0 206
2.037535 34.452521 0.002965 139 255 115
118.770865 -29.193289 -0.392093 110 255 144
114.271972 -69.545342 5.430178 226 0 0
90.900757 -67.550569 4.865992 255 13 0
5.549710 51.870122 -1.047506 62 255 192
76.476658 -41.101578 0.854667 202 255 52
56.756874 -44.682354 -1.529863 26 255 228
-54.594113 -88.037956 1.044173 216 255 38
59.446117 12.132947 1.987573 255 224 0
-49.017902 39.223065 2.364466 255 196 0
-19.151173 78.326411 3.483834 255 114 0
-100.830317 84.122767 -2.890760 0 181 255
-87.176128 -53.539644 -3.726647 0 120 255
0.308297 -80.275099 -0.242200 121 255 133
81.084045 -15.161587 -2.399522 0 218 255
70.604949 -29.407713 -0.636247 92 255 162
-82.358128 -71.289701 -3.531706 0 134 255
10.210692 57.271478 -2.396374 0 218 255
-46.407037 -26.033206 -1.542130 26 255 228
-70.836560 49.214677 -0.471514 104 255 150
-32.167882 -32.687858 0.189018 153 255 101
43.190170 -49.845662 -4.243468 0 82 255
102.065605 -28.867483 -0.269389 119 255 135
-96.639811 28.373464 0.833418 200 255 54
-49.660421 -22.354462 -2.397217 0 218 255
59.558890 56.086625 -2.719828 0 194 255
-0.525993 -7.147752 -0.225842 122 255 132
-26.913270 36.015413 1.506755 250 255 4
72.386441 -20.500587 -0.323100 115 255 139
-115.656310 39.195148 -1.750523 10 255 244
107.125242 1.916845 -6.395427 0 0 179
-54.692638 85.834099 1.653001 255 249 0
83.242974 20.265543 -1.208212 50 255 204
80.358211 -13.755119 -1.977005 0 249 255
81.073957 28.207334 -0.570598 97 255 157
28.582464 -31.205459 0.172672 152 255 102
35.735765 23.402523 2.675932 255 173 0
-108.448076 -50.958712 -4.793569 0 42 255
-17.496376 87.098836 1.850886 255 234 0
30.090248 62.452417 -6.393604 0 0 179
-54.474722 -54.756486 3.615890 255 104 0
43.490348 -48.700332 -4.138193 0 90 255
12.586525 5.955637 3.216376 255 134 0
40.187343 23.537085 2.230896 255 206 0
85.495446 -30.935066 -0.133300 129 255 125
-39.763654 65.416470 5.933968 189 0 0
29.910514 -70.557855 -5.838476 0 0 220
-108.235317 11.414299 4.796103 255 18 0
71.391933 -14.757296 -0.400509 109 255 145
75.638607 79.653807 1.156658 224 255 30
45.154937 41.438748 -2.597553 0 203 255
45.909528 72.709995 -4.892845 0 34 255
14.539348 55.414580 -3.096540 0 166 255
-41.930402 -57.060610 5.561949 216 0 0
71.278610 -30.796219 0.026164 141 255 113
-88.405777 -28.044079 0.906990 206 255 48
19.597931 -72.154223 -4.080162 0 94 255
-94.119244 60.337407 -4.863263 0 36 255
58.901020 60.374350 -2.857533 0 184 255
0.463573 53.302288 -0.452512 106 255 148
32.027255 -85.883776 -2.275269 0 227 255
-79.109762 88.044948 -0.563380 97 255 157
-20.115767 61.377764 4.988482 255 4 0
38.466619 -66.179638 -5.635208 0 0 235
-14.146383 -39.595145 1.384507 241 255 13
53.644364 23.480842 2.074133 255 218 0
-99.644245 -5.796711 5.397522 228 0 0
-34.012623 -55.108126 5.328285 234 0 0
-94.088329 38.914713 -1.712223 13 255 241
57.320815 40.726056 -1.668125 16 255 238
-25.278945 -58.703252 5.740317 203 0 0
59.538147 -5.651299 2.271046 255 203 0
61.500690 70.558887 -1.960782 0 250 255
-110.935491 -55.470702 -5.315495 0 3 255
29.082007 -72.622484 -5.273180 0 6 255
73.040019 49.912402 0.085698 145 255 109
99.726354 84.811073 2.755810 255 168 0
-98.729532 0.547864 5.876576 193 0 0
-97.884185 -86.690008 -2.111406 0 239 255
-13.500400 -88.129474 0.867745 203 255 51
60.090152 -28.000606 -0.005976 138 255 116
-93.212012 86.525855 -2.187160 0 233 255
119.253237 -15.599827 -3.997879 0 100 255
50.931229 64.440759 -3.903537 0 107 255
-116.542353 74.037171 -4.495143 0 64 255
58.532745 -22.899809 1.624490 255 251 0
-16.808732 49.871579 3.240711 255 132 0
-77.876903 27.301041 0.951587 209 255 45
39.093722 14.310427 4.249604 255 58 0
51.626285 -41.414453 -2.339979 0 222 255
29.092949 49.003466 -4.731670 0 46 255
-59.244098 32.780329 0.222118 155 255 99
-76.330259 -22.720334 0.430295 170 255 84
-105.627601 -35.379686 -1.659324 17 255 237
-79.781266 -60.724207 -2.074043 0 241 255
-33.537540 -85.112676 3.099071 255 142 0
-38.990042 -9.087232 -5.522206 0 0 243
-103.235622 26.752817 1.696177 255 245 0
82.692174 6.194614 -3.919304 0 106 255
-75.142787 16.518665 1.045053 216 255 38
-100.728710 -39.160367 -1.545622 25 255 229
-69.895521 28.307368 0.685818 189 255 65
-13.936329 -75.661273 3.090822 255 143 0
29.837877 -48.650264 -4.041119 0 97 255
-100.465324 -60.653879 -5.761550 0 0 225
-83.725890 -40.465787 -1.009312 65 255 189
-113.649869 49.892770 -4.524545 0 61 255
-24.427204 -4.134140 -6.025296 0 0 206
119.836226 38.586313 2.023713 255 221 0
67.498952 55.570409 -0.526907 100 255 154
84.666270 -13.383124 -2.893573 0 181 255
99.344004 -32.391047 0.510433 176 255 78
-66.951015 -77.737606 0.809505 198 255 56
35.342923 -4.190109 5.422696 227 0 0
-19.975787 68.319008 4.577493 255 34 0
-32.839156 75.012745 4.677342 255 26 0
62.011608 30.752517 -0.015859 138 255 116
14.884191 5.239234 4.001301 255 76 0
29.376920 73.009299 -5.090810 0 20 255
-55.073222 -34.948195 0.455434 172 255 82
105.596912 -34.574913 0.995391 212 255 42
37.439226 83.176548 -3.168002 0 161 255
31.114346 50.282929 -4.751797 0 45 255
62.297077 84.512545 -0.626163 93 255 161
99.256307 35.712580 1.260755 232 255 22
-77.825137 -85.264902 -1.045620 62 255 192
-56.635962 17.122160 -2.255308 0 228 255
113.375469 -22.326939 -2.773978 0 190 255
41.745887 -38.734025 -1.547218 25 255 229
93.230911 33.969208 0.896133 205 255 49
-40.451318 62.695635 5.193561 243 0 0
116.792095 51.916141 4.363744 255 49 0
-16.466093 60.889632 4.469507 255 42 0
73.110877 -50.725965 0.189091 153 255 101
98.719828 -9.689132 -5.233119 0 9 255
4.089611 21.296154 1.156398 224 255 30
-19.986207 -85.313393 2.178640 255 210 0
-0.507485 7.197916 0.153424 150 255 104
-89.050699 -79.997458 -3.305843 0 151 255
-102.813815 -9.474253 5.869464 194 0 0
106.857277 -29.913000 -0.243358 121 255 133
36.531990 24.644576 2.473333 255 188 0
-99.799384 -13.629228 4.232431 255 59 0
21.556816 -50.267158 -4.175223 0 87 255
-60.299233 -65.132053 2.172617 255 210 0
81.581766 61.614683 3.167916 255 137 0
-33.835250 -78.795958 3.872648 255 86 0
-115.809171 11.154482 4.512443 255 39 0
39.718646 4.931014 6.213264 169 0 0
118.656600 -73.831011 4.442848 255 44 0
56.891195 -24.968636 0.845994 201 255 53
110.734339 66.212654 5.889570 192 0 0
-95.488894 67.425793 -5.658380 0 0 233
-50.007544 -74.538799 4.179619 255 63 0
66.183195 74.251657 -1.204133 50 255 204
-9.048948 -15.045230 -1.471018 31 255 223
-77.221802 17.883430 1.586600 255 254 0
-37.737047 -68.027131 5.321108 234 0 0
-51.509462 7.687142 -3.735478 0 119 255
48.841742 30.327300 0.742705 193 255 61
65.450504 -24.739172 0.938572 208 255 46
56.535715 -12.229017 3.278732 255 129 0
40.303544 41.093696 -2.448672 0 214 255
59.464261 -43.109311 -1.218347 49 255 205
101.536248 -22.537565 -2.733814 0 193 255
-56.675038 15.483996 -1.707690 13 255 241
-53.181031 80.330935 2.690739 255 172 0
115.640229 31.367914 0.367908 166 255 88
91.327405 -40.379196 2.400903 255 194 0
39.494075 77.292161 -4.353781 0 74 255
70.445230 -41.004850 -0.258714 120 255 134
34.330721 -1.453934 6.246320 166 0 0
-46.000452 -44.145638 3.226775 255 133 0
15.675209 -29.286244 0.132157 149 255 105
-61.401611 54.681258 2.613234 255 178 0
-96.364524 -48.828492 -4.094388 0 93 255
-38.653593 74.839319 4.774700 255 19 0
74.044031 53.726953 0.887685 204 255 50
-86.649525 81.339864 -1.979671 0 248 255
-109.062108 52.322335 -5.180850 0 13 255
-63.476876 -10.275226 -1.549802 25 255 229
68.256964 19.868950 -0.384803 111 255 143
91.839298 -17.961182 -3.162381 0 161 255
-54.310065 4.972344 -3.897151 0 107 255
110.518654 21.470869 -2.398339 0 218 255
-5.333508 -81.509136 1.355790 238 255 16
44.818681 3.775692 5.736959 204 0 0
40.274581 3.313077 5.271454 238 0 0
-13.303652 28.974379 -0.253741 120 255 134
81.899668 -2.888682 -2.526441 0 208 255
95.350174 -84.558575 2.518571 255 185 0
-6.849937 42.791033 0.968472 210 255 44
-47.809004 61.108514 5.029797 255 1 0
104.833786 5.805808 -6.194398 0 0 194
47.935352 65.827771 -5.025731 0 25 255
-32.732656 84.892221 2.682975 255 173 0
-80.671807 -81.613549 -1.537723 26 255 228
-25.294855 84.576020 2.614758 255 178 0
-13.458411 -20.692053 -1.685007 15 255 239
75.309580 15.225784 -1.147342 55 255 199
48.439381 87.763084 -0.851201 76 255 178
2.473499 -66.937919 -0.160612 127 255 127
97.918509 -88.097622 2.047020 255 220 0
20.389437 -8.085443 4.517729 255 38 0
87.285325 17.381152 -2.180278 0 234 255
-104.528103 88.566959 -1.899421 0 254 255
-100.855875 75.788837 -4.380462 0 72 255
86.295401 30.588997 0.150500 150 255 104
56.453236 12.380736 2.781186 255 166 0
-57.805884 52.348285 2.134756 255 213 0
-91.086000 -29.833682 -0.078059 133 255 121
-102.801932 13.338425 5.193620 243 0 0
-43.219070 21.694377 -2.934548 0 178 255
92.554234 -71.954007 4.899909 255 10 0
-73.962921 -32.431625 -0.061003 134 255 120
-60.233206 -81.203064 1.433444 244 255 10
79.563071 -22.652319 -0.914202 72 255 182
-75.605487 7.471073 1.946613 255 227 0
-62.592193 -72.224537 2.029873 255 221 0
59.147118 -55.840535 -2.105325 0 239 255
85.539961 -59.627517 3.553152 255 109 0
106.122680 82.194895 3.249071 255 131 0
-109.239511 -81.414209 -3.050471 0 170 255
-40.886817 -82.593459 3.238779 255 132 0
26.572090 -18.352694 3.342437 255 125 0
-40.354053 -19.003120 -3.838659 0 112 255
57.888109 45.178125 -2.047863 0 243 255
-65.913681 -52.175479 0.776832 196 255 58
25.094429 -71.748561 -4.660580 0 51 255
-81.095798 -42.597997 -1.532498 26 255 228
-83.882166 58.231036 -4.005456 0 100 255
71.446895 -26.806436 -0.719473 86 255 168
30.623196 19.498993 3.724440 255 96 0
16.234415 -3.784688 3.504725 255 113 0
-29.773713 67.227462 5.227999 241 0 0
41.607595 -85.244036 -2.899765 0 181 255
108.594986 6.458774 -5.764480 0 0 225
-30.016903 46.618231 4.186243 255 63 0
-108.618816 51.267403 -4.925001 0 32 255
-58.151354 44.498238 1.639658 255 250 0
67.410537 -24.787089 0.086974 145 255 109
-48.590780 54.263019 4.209712 255 61 0
61.064137 19.494723 1.233575 230 255 24
-71.091756 63.094299 -0.549902 98 255 156
23.147722 69.120946 -4.860414 0 37 255
-32.247242 10.787425 -5.440021 0 0 249
7.885271 -79.275947 -1.528652 27 255 227
-30.090531 86.902989 2.217551 255 207 0
22.422648 -52.517938 -4.708551 0 48 255
57.402430 20.535378 1.506568 250 255 4
48.193711 -86.041757 -1.774940 8 255 246
-16.718172 -84.140082 1.926836 255 229 0
-111.123612 64.078039 -5.826152 0 0 221
78.515363 86.674759 0.797143 197 255 57
-94.398437 -38.735913 -1.861794 2 255 252
-28.972068 -4.636880 -6.515331 0 0 170
69.305875 -84.058753 0.048980 142 255 112
115.089651 -88.347404 1.501701 249 255 5
54.367889 -73.828927 -2.634468 0 200 255
-92.631430 69.996699 -5.313582 0 3 255
111.544601 -59.839788 6.094293 177 0 0
-108.624333 -78.146145 -4.297994 0 78 255
-111.193951 1.323049 5.628766 211 0 0
56.559235 -55.524753 -3.097484 0 166 255
100.483016 77.625015 4.352028 255 50 0
33.678779 53.218975 -5.744051 0 0 227
90.125871 42.984095 2.728455 255 170 0
35.462740 -38.301434 -1.832465 4 255 250
-99.690171 20.977175 2.552746 255 183 0
28.627201 19.601918 3.458390 255 116 0
63.881279 -81.589090 -0.886976 74 255 180
-1.441720 40.846303 0.388358 167 255 87
50.549106 85.929046 -1.665696 16 255 238
-7.679114 -35.568675 0.457923 173 255 81
-95.342279 65.612465 -4.808144 0 41 255
86.910775 -54.073962 3.780816 255 92 0
-70.408433 -83.033960 -0.584604 96 255 158
-70.867690 -13.674443 0.498147 175 255 79
-88.931702 9.976338 3.434720 255 118 0
-36.876221 -12.257951 -4.868667 0 36 255
-23.500108 -44.492550 3.077179 255 144 0
-72.362025 -78.283389 -1.257332 46 255 208
-80.887760 -16.492325 1.367939 239 255 15
-11.703161 -75.328750 3.172569 255 137 0
-117.076146 -54.063378 -4.886467 0 35 255
-1.961923 59.916400 -0.274086 119 255 135
-94.318894 51.149289 -4.832319 0 39 255
-87.933995 64.796781 -4.519546 0 62 255
-91.223442 -10.998159 4.477522 255 41 0
83.196759 8.557338 -3.676060 0 124 255
75.738510 81.642481 0.893172 205 255 49
116.325829 52.537466 4.476925 255 41 0
73.368160 -66.323213 0.820111 199 255 55
1.435935 50.366708 0.014384 140 255 114
-25.546909 -43.673933 3.042611 255 147 0
20.345795 19.516608 1.912038 255 230 0
31.197641 -84.947583 -2.729225 0 193 255
117.251938 -18.518508 -3.338269 0 149 255
-39.554956 -17.748304 -3.834186 0 112 255
96.832349 8.839030 -4.967167 0 29 255
108.213120 -15.980306 -4.976276 0 28 255
109.090305 -61.798213 5.831297 197 0 0
30.183073 66.586161 -5.733558 0 0 228
27.609383 -16.215089 3.482516 255 114 0
119.127000 -74.345064 3.298491 255 128 0
-20.645527 42.856573 3.007880 255 149 0
66.227966 45.402132 -0.354909 113 255 141
-100.784979 -79.241467 -4.598894 0 56 255
-62.776960 -69.296130 1.490823 248 255 6
0.912044 -88.511493 -0.386325 110 255 144
56.693902 7.067578 3.004336 255 149 0
-77.058806 11.302728 1.171453 225 255 29
76.610286 86.957823 0.824097 199 255 55
17.939972 -35.210393 -0.798127 80 255 174
-87.412856 -62.424378 -3.983641 0 101 255
-110.712850 74.898199 -4.806652 0 41 255
-24.446991 -56.883093 5.639403 211 0 0
77.256501 19.860889 -1.465492 31 255 223
114.403628 -75.019835 4.690859 255 25 0
62.335374 53.303494 -1.556686 24 255 230
-65.993302 -72.152463 0.874198 203 255 51
95.330346 -77.272950 4.232981 255 59 0
-82.524537 -58.118450 -3.283150 0 153 255
-24.718234 67.734763 4.730383 255 23 0
40.476465 1.606073 5.703465 206 0 0
-38.872680 18.338838 -3.304367 0 151 255
-41.053937 -53.696009 4.391998 255 47 0
-16.070244 75.253982 3.776155 255 93 0
97.023706 76.398328 3.892062 255 84 0
-7.621747 -24.477223 -0.462899 105 255 149
-99.022267 43.961420 -3.838174 0 112 255
-34.603574 80.186138 4.094170 255 69 0
20.649501 9.234232 4.019778 255 75 0
9.810143 -2.842377 2.598129 255 179 0
109.432143 24.442764 -1.982845 0 248 255
2.056016 -84.797574 -0.246289 121 255 133
69.693854 -70.303557 0.104116 147 255 107
60.051419 5.314476 2.414225 255 193 0
-8.095916 -16.490409 -1.576585 23 255 231
-19.421691 -40.254900 2.392636 255 194 0
-9.591287 3.244350 -2.631944 0 200 255
-91.322965 -2.467320 4.870579 255 12 0
-99.249634 -14.288217 4.580589 255 34 0
-92.594501 68.396107 -5.218465 0 10 255
-88.662804 -66.240739 -4.580907 0 57 255
-100.299837 72.683544 -5.161872 0 15 255
-24.918758 52.970516 4.764086 255 20 0
-84.340476 -44.263302 -2.246910 0 229 255
114.685896 15.071374 -4.112080 0 92 255
-22.461042 46.418783 3.541760 255 110 0
-118.902195 9.897462 4.439897 255 44 0
38.534150 -61.050073 -6.393677 0 0 179
51.672086 -24.777006 1.135468 222 255 32
107.524686 7.984241 -5.528957 0 0 243
-61.296344 33.440977 0.279253 159 255 95
-43.696045 -5.068044 -5.105193 0 19 255
59.595338 20.661387 1.505962 250 255 4
30.175131 41.591821 -3.038756 0 171 255
29.945423 48.771988 -4.820050 0 40 255
104.301578 46.767102 4.271684 255 56 0
119.142108 -6.686946 -4.772926 0 43 255
-117.956403 66.121292 -5.260713 0 7 255
-26.938330 -60.545796 5.847900 195 0 0
106.446949 12.875165 -5.028561 0 24 255
-115.685235 -58.362111 -5.312651 0 3 255
-38.668853 -66.994841 5.836825 196 0 0
63.438148 6.578081 0.794513 197 255 57
-102.004172 15.621519 5.102714 250 0 0
21.051323 69.974149 -4.093510 0 93 255
100.842794 48.314017 5.068868 253 0 0
8.215773 46.606379 -1.545365 25 255 229
-118.959592 -3.332869 4.767467 255 20 0
-92.762567 -13.561415 4.327530 255 52 0
-21.807542 45.458914 3.243101 255 132 0
-117.041717 63.362806 -5.005464 0 26 255
38.609785 -46.232834 -4.158566 0 88 255
-55.378956 -67.159411 3.226569 255 133 0
-37.765405 -32.967513 0.883443 204 255 50
68.069159 -18.147146 0.472880 174 255 80
56.219566 88.129873 -1.003383 65 255 189
72.057057 55.278780 0.349036 165 255 89
-74.436791 55.966231 -0.407892 109 255 145
-37.557470 84.693406 2.597758 255 179 0
32.732005 70.675332 -6.218689 0 0 192
0.478265 -57.289923 0.028348 141 255 113
73.574621 -46.165976 -0.125720 130 255 124
-20.831941 52.300023 4.612639 255 31 0
98.530672 76.272638 4.292852 255 55 0
-67.118517 -22.287775 -0.336374 114 255 140
36.983792 89.222035 -1.489813 29 255 225
71.988155 -58.241377 0.457283 172 255 82
117.282261 -82.925696 2.233648 255 206 0
-29.216612 77.878059 4.397725 255 47 0
92.187263 -29.837979 -0.321143 115 255 139
24.552900 -74.448497 -4.780454 0 43 255
33.874320 73.263887 -4.956446 0 30 255
-58.363356 -39.020613 1.304470 235 255 19
90.917121 59.108337 4.451333 255 43 0
-103.929222 81.239350 -3.641042 0 126 255
117.806834 -20.789263 -3.106787 0 166 255
16.035810 -25.874434 0.148948 150 255 104
19.669888 34.158551 -0.352115 113 255 141
-78.021629 -48.669277 -1.661148 17 255 237
42.145195 77.726229 -3.772322 0 117 255
-82.711366 85.980763 -1.265531 46 255 208
80.412317 -84.335171 1.408681 242 255 12
59.364599 58.693349 -2.534611 0 208 255
-79.498111 -37.813377 -0.605793 94 255 160
69.249412 -11.448231 0.338832 164 255 90
31.952836 -54.077050 -5.778291 0 0 224
-48.842636 57.943398 4.854987 255 13 0
39.195756 16.624329 3.233438 255 133 0
46.898490 25.458648 1.600231 255 253 0
-0.050004 36.896163 0.741975 193 255 61
46.453757 -22.489538 2.954912 255 153 0
69.877898 65.403330 0.538407 178 255 76
93.998394 -82.909105 2.622440 255 177 0
79.355685 0.557345 -2.279171 0 226 255
-94.155080 -4.892155 4.863802 255 13 0
86.705732 -3.601318 -3.728595 0 120 255
107.951126 10.530757 -5.200907 0 12 255
-4.085103 30.690444 -0.253751 120 255 134
97.360110 -39.012935 2.230237 255 206 0
-66.197890 8.092024 -0.528109 100 255 154
-110.329311 -30.100587 -0.133417 129 255 125
-12.855720 87.915118 0.926509 207 255 47
-91.246200 65.929375 -4.795593 0 41 255
-88.578406 -88.233974 -1.240775 48 255 206
-13.460535 -78.689899 2.118324 255 214 0
113.756960 -35.516682 1.095018 219 255 35
4.812813 38.163990 -0.669567 90 255 164
117.080352 89.238651 1.576826 255 254 0
2.135042 74.730629 -0.353444 113 255 141
-8.846432 -87.978020 1.262404 232 255 22
-114.984636 -53.801978 -5.071073 0 21 255
-99.995218 87.034588 -2.333699 0 222 255
89.789986 -6.422168 -4.374116 0 72 255
44.967130 17.665946 3.829957 255 89 0
15.345306 -4.084742 3.832149 255 89 0
93.852764 7.901974 -4.984586 0 28 255
36.081685 -72.628726 -5.873466 0 0 217
-52.290815 59.141753 4.055240 255 72 0
87.820213 -15.447892 -3.023989 0 172 255
54.926039 8.935273 3.747053 255 95 0
-100.721397 -32.010512 -0.663968 90 255 164
79.559157 -52.942546 2.428284 255 192 0
-32.465390 -44.597409 3.776800 255 93 0
82.879165 -9.942720 -2.171226 0 234 255
78.211380 -63.151591 2.620370 255 178 0
97.834751 37.325772 1.130151 222 255 32
-92.744517 -42.250122 -2.845783 0 185 255
56.569925 77.138907 -2.614719 0 202 255
-44.878538 66.304589 5.090576 251 0 0
85.834917 80.019478 2.409915 255 193 0
-92.415761 19.375055 2.406556 255 193 0
90.284667 14.459345 -3.739340 0 119 255
113.475567 -26.157838 -1.741314 11 255 243
4.000673 -84.086853 -0.620885 93 255 161
11.702223 51.713374 -2.740087 0 193 255
26.614625 22.006788 2.591300 255 180 0
95.384023 -33.359198 0.546571 179 255 75
-98.862459 15.174986 4.203614 255 61 0
84.521779 69.682032 3.399335 255 120 0
-36.278304 -58.050418 5.349559 232 0 0
-22.536413 -72.652223 4.416585 255 46 0
89.525578 -12.677825 -3.317313 0 150 255
-90.748260 -47.773218 -3.555138 0 133 255
-85.542373 78.564766 -2.743505 0 192 255
43.423701 64.410431 -5.386105 0 0 253
55.103564 -67.291856 -3.584562 0 130 255
-65.890455 -27.832665 -0.401930 109 255 145
46.421305 41.091370 -2.531158 0 208 255
-34.341882 -0.772025 -6.329037 0 0 184
-113.388443 79.774440 -4.036336 0 97 255
-57.060905 77.181598 2.443323 255 191 0
-81.333678 -88.112540 -1.073404 60 255 194
-11.676031 80.552231 1.518550 250 255 4
-11.234959 -67.996677 2.863427 255 160 0
-27.640218 -56.876906 5.632310 211 0 0
98.299787 43.376583 3.177556 255 137 0
-27.586733 31.587515 -0.152909 128 255 126
-74.090812 -63.408127 -0.512700 101 255 153
107.383643 83.143716 3.181222 255 136 0
33.693383 -4.115517 5.679052 208 0 0
108.440047 20.392791 -2.774534 0 190 255
-11.649258 -61.753274 3.516993 255 112 0
25.230795 65.007571 -5.857886 0 0 218
-41.147546 62.066437 5.367194 231 0 0
111.123940 -29.330274 -0.704206 87 255 167
-53.749871 1.244932 -3.744867 0 119 255
103.490889 -81.049477 3.263054 255 130 0
-38.045827 63.183614 6.377193 156 0 0
64.238989 -60.042306 -1.396468 36 255 218
35.317360 56.637644 -5.122046 0 17 255
66.704373 -61.869852 -0.800375 80 255 174
-71.011712 -2.520941 0.489228 175 255 79
119.769305 76.470916 3.923079 255 82 0
-0.759764 -61.877841 0.056208 143 255 111
-102.008760 -51.478631 -5.425088 0 0 250
43.816946 -9.925894 4.749442 255 21 0
-101.318550 27.093941 0.722374 192 255 62
35.539485 -84.037300 -3.388585 0 145 255
52.089094 -16.089467 2.941739 255 154 0
-71.177902 -44.544317 -0.095545 132 255 122
-92.213278 -46.874279 -3.240159 0 156 255
-87.662864 -45.592434 -2.342037 0 222 255
37.670847 26.157820 1.299852 234 255 20
59.271993 36.487205 -1.180309 52 255 202
100.700023 -55.033343 5.951606 188 0 0
-42.015336 -51.088733 4.782299 255 19 0
-96.505965 50.975974 -4.608098 0 55 255
31.120208 83.658779 -3.491279 0 137 255
80.755086 3.019403 -3.190134 0 159 255
54.234535 81.294378 -2.092339 0 240 255
-2.341222 21.755001 -0.541714 99 255 155
-55.514463 -39.573715 1.850918 255 234 0
55.004172 83.113545 -2.316696 0 224 255
85.528310 -55.452907 4.093166 255 69 0
-67.373675 66.201393 0.192829 153 255 101
50.491304 71.709487 -4.679003 0 50 255
65.089664 -23.974621 0.354106 165 255 89
119.225822 -85.111289 1.861517 255 233 0
-29.906364 70.255835 5.179337 245 0 0
-25.712680 1.408039 -5.296145 0 5 255
-109.351537 -27.925606 1.279455 233 255 21
-81.614376 16.701207 1.611338 255 252 0
58.676710 79.192931 -1.684368 15 255 239
-54.622575 45.610150 2.946414 255 154 0
98.769972 20.252262 -2.631936 0 200 255
-43.493157 57.747692 5.329816 233 0 0
71.113371 18.553234 -0.369478 112 255 142
-33.505926 -15.317767 -4.330591 0 76 255
61.504261 69.719083 -1.954647 0 250 255
-14.790291 -1.982182 -3.989973 0 101 255
-69.331543 26.673970 -0.557082 98 255 156
-70.674911 -36.678714 0.003729 139 255 115
-51.258663 37.593510 1.448686 245 255 9
-91.433232 74.760248 -4.078393 0 94 255
88.107608 -21.750487 -2.492375 0 211 255
101.274052 57.780538 5.146055 247 0 0
71.105718 83.812682 0.031989 141 255 113
-118.871996 19.836648 2.767653 255 167 0
91.799521 -17.840329 -2.823700 0 186 255
70.687580 -24.778129 -0.262086 120 255 134
82.115176 -78.759295 1.677772 255 247 0
31.493502 -23.307524 1.937251 255 228 0
-70.132131 -29.526953 -0.193118 125 255 129
-48.519880 -30.532119 -0.002894 139 255 115
-26.619685 -18.145551 -4.061147 0 95 255
-75.677255 -44.473082 -1.171097 53 255 201
-113.318753 51.342027 -4.934847 0 31 255
108.819263 0.420012 -5.935020 0 0 213
-26.554074 46.730638 3.746320 255 95 0
25.974422 -70.300886 -5.492685 0 0 245
-94.236650 69.938671 -4.724617 0 47 255
85.753544 -47.919878 3.310578 255 127 0
60.363773 -36.718146 -0.340145 114 255 140
-110.313724 33.230881 -0.355782 113 255 141
-71.727557 55.159532 -0.208498 124 255 130
58.617156 30.157351 0.345196 164 255 90
-106.346998 8.915453 5.443012 225 0 0
-114.348492 -44.873704 -3.976007 0 102 255
-91.550184 -66.625057 -4.828390 0 39 255
-85.888049 -39.960512 -1.473120 31 255 223
65.708229 -52.365855 -1.140629 55 255 199
67.761155 8.052836 0.820263 199 255 55
17.242644 39.247755 -1.593362 22 255 232
-46.742256 30.132270 -0.722427 86 255 168
68.108798 -45.066550 0.072414 144 255 110
32.212517 6.858461 5.312375 235 0 0
-105.313397 72.980952 -5.105873 0 19 255
-74.695187 11.438783 0.718649 192 255 62
46.921851 -54.432478 -5.132530 0 17 255
15.878675 56.369787 -3.560989 0 132 255
-25.379739 -35.879535 0.982135 211 255 43
7.276725 75.337801 -1.716973 13 255 241
-61.690269 44.270722 1.160424 224 255 30
20.667162 -58.013253 -4.580558 0 57 255
-86.826535 -73.083018 -3.078386 0 168 255
116.902594 -35.688913 0.973748 210 255 44
77.659875 80.143458 1.419285 243 255 11
-0.687074 87.017978 -0.045218 136 255 118
114.707531 10.678566 -4.070109 0 95 255
42.686306 -62.795476 -5.566768 0 0 240
18.837903 -0.948920 4.212942 255 61 0
35.204693 65.524199 -6.133838 0 0 198
48.460447 12.799131 4.518032 255 38 0
117.617500 -75.172046 4.135324 255 66 0
68.160665 6.216591 1.106327 220 255 34
-63.010498 87.879265 0.259867 158 255 96
-105.837542 -74.018979 -4.810166 0 40 255
100.855502 -42.546963 3.050264 255 146 0
57.097098 57.637118 -3.119907 0 165 255
19.842517 40.474705 -1.965509 0 249 255
-2.544932 77.626860 0.817657 199 255 55
107.874192 -65.272575 5.849218 195 0 0
-109.881276 2.959790 5.932308 189 0 0
-82.732961 9.639008 2.712601 255 171 0
-43.884620 15.184608 -4.159429 0 88 255
119.412960 -62.912587 4.944346 255 7 0
46.799202 29.978074 0.670751 188 255 66
24.190201 80.412356 -3.346764 0 148 255
-37.740830 -31.433610 0.621155 185 255 69
-82.121714 79.786399 -2.344194 0 222 255
-116.006355 4.887801 4.653772 255 28 0
-85.944181 50.516815 -2.858363 0 184 255
-78.272093 41.077884 -0.867284 75 255 179
2.631276 58.332061 -0.897729 73 255 181
-32.144449 67.749135 6.327308 160 0 0
114.736139 2.191486 -5.396923 0 0 252
101.083554 -47.456754 5.138050 248 0 0
13.272097 -39.062441 -1.809916 6 255 248
-80.134573 -58.818729 -2.850007 0 184 255
-43.829516 -84.485997 2.866999 255 159 0
-113.586396 84.535792 -2.101823 0 239 255
38.852391 28.015718 1.575601 255 254 0
-27.587113 -39.355353 2.053515 255 219 0
102.377804 -24.777077 -1.905727 0 254 255
-44.053818 -53.560284 5.121382 249 0 0
84.326647 81.111307 2.565940 255 182 0
-25.437430 78.117257 3.827969 255 89 0
36.830802 -21.741853 2.774054 255 166 0
-34.743060 76.466151 4.127641 255 67 0
74.149801 -68.991859 1.520017 251 255 3
-66.187614 37.329124 -0.002935 139 255 115
-81.592722 -43.615338 -1.510642 28 255 226
-107.597410 74.217626 -4.885928 0 35 255
-28.483164 -72.213206 5.282367 237 0 0
56.132255 -21.373330 1.598006 255 253 0
-8.989813 43.943977 1.656789 255 248 0
82.344788 -57.388100 3.345061 255 124 0
20.723771 30.068283 0.020823 140 255 114
8.109078 36.938892 -0.574065 97 255 157
-0.301189 66.086103 0.187158 153 255 101
-110.381508 85.387678 -2.787259 0 189 255
21.743684 -62.681804 -4.834145 0 39 255
-74.135689 -55.993324 -0.670191 90 255 164
-100.180951 -29.566859 1.008504 213 255 41
-95.501812 6.107738 5.170328 245 0 0
-80.357386 57.872185 -3.687538 0 123 255
28.894271 67.320246 -5.338229 0 2 255
-51.303453 80.729682 3.078134 255 144 0
-49.217245 -41.062999 2.234034 255 206 0
-20.850667 1.022432 -4.758898 0 44 255
109.582518 88.743325 1.435761 244 255 10
-58.135128 8.080409 -3.034468 0 171 255
-47.791898 45.355024 3.515300 255 112 0
-59.768453 57.419987 3.011418 255 149 0
-44.458581 -51.677327 4.728874 255 23 0
-48.524398 28.162590 -1.101372 58 255 196
79.364752 -30.016206 -0.690454 88 255 166
115.019581 1.291566 -5.088479 0 20 255
-25.577200 85.117904 2.679052 255 173 0
88.244357 -31.557561 0.517161 177 255 77
-94.558696 68.584337 -5.227912 0 10 255
-4.312419 28.658232 -0.316094 116 255 138
77.367203 -89.124601 0.330841 163 255 91
-98.337700 -63.192531 -5.357316 0 0 255
119.668830 0.246760 -4.008910 0 99 255
-24.167442 33.038388 0.171617 151 255 103
-0.175519 67.273605 -0.068511 134 255 120
106.989470 -19.641141 -3.384040 0 145 255
100.758296 -11.496930 -4.670508 0 51 255
-69.890170 77.827922 -0.238562 121 255 133
-10.581240 -70.418602 2.911489 255 156 0
56.412861 12.442824 2.987136 255 151 0
-9.584547 49.922995 2.123945 255 214 0
105.554787 -35.974933 1.727288 255 243 0
-71.954581 67.893479 -0.832422 78 255 176
114.124281 29.580836 -0.727216 85 255 169
29.143278 -46.866361 -3.494220 0 137 255
27.283717 36.786697 -1.489101 29 255 225
44.002888 21.436814 2.435102 255 191 0
-56.425043 -77.917774 2.416338 255 193 0
-13.454723 -44.265421 1.735656 255 243 0
-67.518447 -70.554497 0.909367 206 255 48
73.427350 -59.241714 0.728794 192 255 62
-40.543335 48.569093 4.735827 255 22 0
-85.613590 -14.474607 3.252379 255 131 0
93.498603 -59.475741 5.187281 244 0 0
-37.428754 24.381116 -1.335710 41 255 213
108.055502 -71.528782 5.451519 225 0 0
-13.110888 -49.621703 2.827266 255 162 0
36.209925 44.345675 -3.252424 0 155 255
68.602630 -18.540144 -0.006209 138 255 116
3.803969 -75.542772 -1.197323 51 255 203
106.586209 -56.040284 5.808339 198 0 0
74.291920 -6.752239 -1.364245 39 255 215
94.013579 -5.170972 -5.517740 0 0 243
7.615389 40.709262 -1.203858 50 255 204
-88.923978 33.975779 -0.236903 121 255 133
-78.504681 -20.792424 1.862863 255 233 0
-84.912713 84.662416 -1.680356 15 255 239
8.218584 -22.343011 0.973819 210 255 44
108.160379 -42.103628 3.188721 255 136 0
12.711750 -77.152964 -2.131845 0 237 255
-16.847781 3.719226 -3.993587 0 100 255
-92.969636 22.580381 2.081147 255 217 0
-29.990197 42.397185 3.371026 255 122 0
-75.791245 32.304546 -0.186926 125 255 129
-10.447215 45.854958 1.582044 255 254 0
-9.905581 77.463890 1.702150 255 245 0
104.230979 14.016254 -4.761863 0 44 255
-24.993949 87.462228 1.763622 255 241 0
92.005841 50.325266 4.099894 255 69 0
-109.936347 -62.412767 -5.595981 0 0 238
-36.954387 -15.094860 -4.484187 0 64 255
53.265178 37.181163 -1.134033 56 255 198
-12.764650 -52.330711 2.715675 255 171 0
-101.038353 69.101305 -5.574889 0 0 239
-34.359173 54.820846 5.971484 186 0 0
12.834328 21.694545 1.423508 243 255 11
109.383484 -46.286934 3.441517 255 117 0
-63.050571 24.243519 -0.276034 119 255 135
-98.499575 63.463817 -5.566132 0 0 240
61.832032 32.286764 0.112214 147 255 107
27.701930 -44.810885 -4.292033 0 78 255
-36.110376 86.384112 1.952408 255 227 0
-26.106470 2.936116 -5.318706 0 3 255
-41.288480 61.494612 5.717797 205 0 0
39.164193 45.879466 -3.961257 0 103 255
87.774081 68.240394 4.582304 255 33 0
-48.055482 -37.858941 1.231525 229 255 25
98.336758 -83.021359 2.917325 255 156 0
-19.533358 64.311484 4.725452 255 23 0
-2.077974 27.777439 -0.368479 112 255 142
-58.457916 -32.860348 -0.011738 138 255 116
-99.174602 -34.423037 -0.915553 72 255 182
-71.703290 -0.506309 0.302223 161 255 93
-59.797752 77.126355 1.918615 255 229 0
-14.959946 -57.407605 4.005719 255 76 0
-1.461953 78.503734 -0.131755 129 255 125
82.734291 -21.367984 -1.778454 8 255 246
-33.709483 63.324030 5.793447 199 0 0
63.739057 -41.112774 -0.839424 77 255 177
-59.065141 32.870977 0.385364 167 255 87
-5.262978 19.614024 -0.187408 125 255 129
-101.625634 67.433229 -5.285316 0 5 255
94.094644 87.282240 2.754776 255 168 0
-35.398945 30.515202 -0.785371 81 255 173
33.748471 50.589306 -5.118184 0 18 255
14.863445 -30.139577 1.137807 222 255 32
-2.849756 -51.462335 0.750695 194 255 60
-62.627233 31.186859 0.119713 148 255 106
77.796198 -59.519236 2.065760 255 218 0
-6.609809 -46.978038 1.131825 222 255 32
-88.404409 19.852223 2.982899 255 151 0
-96.029583 -71.828678 -4.902958 0 34 255
0.892168 -68.022504 -0.386771 110 255 144
15.634278 31.416027 0.084734 145 255 109
-53.728431 -0.786548 -3.920980 0 106 255
-63.641831 -65.133517 1.898328 255 231 0
79.249381 15.360641 -1.531363 26 255 228
44.141913 47.340695 -3.752597 0 118 255
-85.524386 -2.715933 3.865210 255 86 0
73.913474 -66.171535 1.248886 231 255 23
-106.221057 -54.543253 -5.455236 0 0 248
82.329265 50.020216 2.242540 255 205 0
80.788968 -60.790941 2.919025 255 156 0
-90.304203 86.092554 -2.352427 0 221 255
117.840157 74.936870 4.168270 255 64 0
96.081282 -44.580767 3.185588 255 136 0
-77.083703 -40.082021 -0.193179 125 255 129
36.834505 87.249745 -1.791886 7 255 247
-8.471565 66.406307 2.138652 255 213 0
-85.288779 87.760963 -1.297497 44 255 210
-70.440124 38.492120 0.323871 163 255 91
-70.513524 4.329669 -0.078862 133 255 121
41.261825 -32.619429 0.230681 156 255 98
17.289120 -61.908939 -3.658150 0 125 255
112.968936 33.692592 0.932589 207 255 47
-46.504848 47.535290 3.676120 255 100 0
-4.625311 42.262056 0.941394 208 255 46
-30.751214 -30.066379 -0.425110 108 255 146
-28.302260 41.071337 2.104851 255 215 0
20.074253 38.689044 -1.934757 0 252 255
68.592364 -16.833247 0.683078 189 255 65
44.099159 -72.142355 -4.902482 0 34 255
-92.332009 87.794638 -1.728476 12 255 242
-53.774329 26.970867 -0.340237 114 255 140
30.378769 22.396860 2.816139 255 163 0
62.813795 -77.577607 -1.055880 61 255 193
88.248472 21.459639 -1.920670 0 253 255
-33.347285 8.114625 -5.880191 0 0 217
-9.881858 -17.803889 -1.588802 22 255 232
-108.422375 31.976800 -0.637953 92 255 162
4.555459 74.259694 -0.593839 95 255 159
-46.972296 75.832137 3.856584 255 87 0
6.264821 -69.042790 -0.774330 82 255 172
24.124284 -69.109255 -5.450225 0 0 248
-78.898650 -24.616325 0.452044 172 255 82
-101.839900 39.707143 -2.000394 0 247 255
51.160867 -65.435027 -5.038501 0 24 255
53.313027 -52.194221 -3.517836 0 135 255
117.031139 -41.806659 2.636531 255 176 0
0.889638 4.460086 1.194030 227 255 27
-103.817545 78.003576 -4.201501 0 85 255
-101.475478 26.294628 1.678840 255 247 0
112.939620 7.677634 -5.184568 0 13 255
56.414619 7.080324 3.158455 255 138 0
-80.312164 22.667717 0.928896 207 255 47
-18.429821 47.608475 3.389903 255 121 0
-73.049585 -7.753909 0.705011 191 255 63
66.383212 22.715256 0.321781 163 255 91
55.598893 52.227665 -3.679641 0 123 255
102.502765 -26.256670 -1.278990 45 255 209
37.773356 -21.823729 2.788640 255 165 0
-22.830158 -70.931389 4.653614 255 28 0
98.786204 -50.403936 4.771932 255 19 0
-27.997878 18.810683 -2.860924 0 184 255
56.610304 65.087743 -4.229113 0 83 255
-67.312330 -12.346485 -0.209929 123 255 131
-53.578011 8.867069 -3.740599 0 119 255
25.201224 29.806595 0.319061 162 255 92
-49.455960 -6.883128 -4.273917 0 80 255
86.404151 45.975814 3.011384 255 149 0
3.952739 -62.594731 -1.506388 28 255 226
102.842353 -62.051603 6.434759 152 0 0
24.363078 84.134351 -2.799939 0 188 255
18.325550 28.592579 1.156870 224 255 30
1.610957 -86.757747 -0.181230 126 255 128
-73.378667 4.074865 2.017075 255 222 0
-35.878448 64.926935 5.559226 217 0 0
95.064274 66.913380 5.436431 226 0 0
42.611051 81.280959 -2.845244 0 185 255
64.818453 -8.530122 0.996108 212 255 42
-20.240007 -71.406853 4.474663 255 41 0
-71.446142 70.463317 -1.181199 52 255 202
70.828930 85.350560 -0.473010 104 255 150
-19.803622 -70.670241 3.830184 255 89 0
66.818038 -41.451494 -0.493097 103 255 151
-103.809860 -34.029556 -1.311567 42 255 212
-35.492080 -30.233948 -0.230048 122 255 132
36.037892 64.893198 -6.081735 0 0 202
103.396066 -29.425584 -1.609808 21 255 233
-71.794283 -82.878794 -0.080024 133 255 121
115.665921 45.899353 3.908078 255 83 0
41.991695 1.310368 5.947522 188 0 0
-72.037370 56.484056 -0.298667 117 255 137
-116.412142 28.998083 0.462634 173 255 81
102.861833 85.283515 2.452877 255 190 0
42.104263 -0.731565 5.708647 206 0 0
53.413327 0.467475 4.098881 255 69 0
-20.796084 81.743989 3.112478 255 141 0
-98.928506 -56.603814 -4.841852 0 38 255
-5.153446 -20.992977 -0.259605 120 255 134
34.455264 85.879899 -2.534584 0 208 255
-53.432012 87.597338 0.429640 170 255 84
110.269905 55.598021 4.833799 255 15 0
65.726266 35.334391 -0.128621 129 255 125
-115.553348 59.057601 -5.635187 0 0 235
-49.299168 69.455913 5.188956 244 0 0
96.133041 24.368893 -2.080569 0 241 255
59.330221 -2.662022 2.591667 255 180 0
72.562235 5.389425 -0.588058 96 255 158
-74.813892 -33.285576 -0.362314 112 255 142
91.362725 -22.030513 -2.320432 0 223 255
38.022910 48.866487 -4.099370 0 93 255
-22.953899 -81.547498 3.465631 255 115 0
43.930309 67.282765 -4.732779 0 46 255
-61.317013 -38.855447 1.348355 238 255 16
95.456201 14.449816 -3.640580 0 126 255
-101.097491 -56.199058 -6.214644 0 0 192
-55.747286 56.243249 3.318716 255 126 0
52.369548 45.586917 -3.032273 0 171 255
-19.602621 -55.970607 4.318675 255 53 0
91.973878 -3.130648 -4.857880 0 37 255
78.503836 0.570057 -2.079356 0 241 255
43.277506 16.786321 3.941174 255 81 0
-33.566806 -83.707369 3.418069 255 119 0
-14.581713 51.108449 3.323234 255 126 0
-40.499368 35.505305 1.669079 255 247 0
-45.102341 20.814041 -3.173554 0 161 255
-117.077578 -26.821631 0.810612 198 255 56
-57.910463 22.347631 -1.268128 46 255 208
47.000233 14.260766 4.120789 255 67 0
10.113101 -39.646317 -1.608970 21 255 233
-40.679007 -16.588557 -4.615706 0 55 255
-41.763361 80.124533 4.023454 255 74 0
-76.878444 -34.900504 -0.433340 107 255 147
-101.586590 -1.696646 6.145275 174 0 0
-82.807420 -27.069942 1.016954 214 255 40
29.293920 30.636850 0.382535 167 255 87
103.049353 -18.644932 -3.852873 0 111 255
44.844423 75.862928 -3.991258 0 101 255
-37.199089 -62.733002 5.834717 196 0 0
15.084184 -36.013093 -0.568139 97 255 157
-87.938627 84.341725 -2.593660 0 203 255
-100.223375 28.555339 1.000326 212 255 42
-104.962336 41.542798 -2.927838 0 179 255
15.975105 -8.359236 3.485393 255 114 0
20.645208 -78.346863 -3.202000 0 159 255
-82.797260 -81.518062 -1.847419 3 255 251
106.181108 48.795480 4.609880 255 31 0
-86.262208 85.501379 -1.591951 22 255 232
2.364397 -3.940267 0.319682 162 255 92
35.765578 38.266591 -1.901756 0 254 255
-112.432938 -28.662359 0.398718 168 255 86
-54.950432 45.630289 2.025228 255 221 0
7.834845 -41.476342 -0.975702 67 255 187
42.569471 -22.194147 2.606664 255 179 0
43.650749 49.789549 -4.694242 0 49 255
38.733636 0.738721 5.534995 218 0 0
-102.461372 3.133586 5.483707 222 0 0
-106.209680 -84.303424 -3.042226 0 170 255
86.461976 -34.735281 0.433092 171 255 83
-84.594843 -42.851388 -1.430826 34 255 220
-32.913010 -13.230747 -5.170884 0 14 255
81.775471 -58.113978 2.903805 255 157 0
-109.339988 76.358247 -4.218422 0 84 255
85.859965 57.260181 3.888732 255 84 0
36.945735 53.742104 -5.375198 0 0 254
-27.078600 -16.830969 -3.247850 0 155 255
-62.365411 26.203791 -0.097161 132 255 122
5.116353 -28.370861 0.629773 185 255 69
77.852024 -39.056789 0.630965 185 255 69
-71.484852 74.164513 -0.124461 130 255 124
-60.722164 51.270694 2.233879 255 206 0
-0.052710 65.674272 -0.209960 123 255 131
74.412143 24.122330 -0.125015 130 255 124
-19.946515 31.088437 0.015387 140 255 114
-21.307071 87.396593 1.468234 247 255 7
111.075391 13.464913 -4.439855 0 68 255
8.336631 -41.215861 -0.927817 71 255 183
68.735298 -52.500172 -0.220193 123 255 131
41.612195 75.687844 -4.630258 0 54 255
11.556641 -52.900877 -3.262246 0 154 255
-15.814643 -78.683961 2.663666 255 174 0
37.061660 12.619218 4.794717 255 18 0
79.752798 -72.946487 1.577149 255 254 0
-85.462122 -6.838226 3.870276 255 86 0
-55.256451 -33.374084 0.310040 162 255 92
-69.391650 -29.597917 0.217220 155 255 99
74.439864 46.443924 0.952304 209 255 45
-42.270838 -29.970490 -0.516871 101 255 153
-12.370049 74.455833 1.986024 255 224 0
3.271829 57.024565 -0.981017 67 255 187
109.645265 62.038140 5.394983 229 0 0
-119.117216 -41.156473 -2.524842 0 208 255
-75.602137 -28.685627 -0.006661 138 255 116
88.427026 -41.139507 1.893768 255 231 0
-10.263780 -16.425879 -1.672095 16 255 238
-31.808295 -37.699378 2.022776 255 221 0
106.504637 -18.188052 -3.647125 0 126 255
-94.304164 22.199485 1.996936 255 223 0
-116.279786 17.367190 3.148750 255 139 0
97.592405 46.866979 4.116788 255 68 0
76.821889 60.609147 2.450949 255 190 0
9.011468 -20.774170 0.955098 209 255 45
-56.222270 72.311747 2.810648 255 164 0
66.676459 -17.293417 0.300804 161 255 93
-82.156377 -50.238056 -2.619931 0 201 255
-17.613317 -19.659578 -2.149017 0 236 255
-78.902989 -39.466851 -1.197242 51 255 203
-22.332363 -43.996843 2.776222 255 166 0
-118.623750 -69.500975 -4.791828 0 42 255
-9.776075 68.425171 2.989026 255 150 0
-11.353929 -45.519798 1.886575 255 231 0
115.732599 72.187632 5.093037 251 0 0
-29.031987 74.087687 5.277597 237 0 0
7.644822 88.074478 -0.643227 92 255 162
-83.741886 -26.065595 1.032537 215 255 39
-52.293436 -84.983243 1.809714 255 237 0
-64.897335 50.337997 0.957623 209 255 45
113.623659 52.233193 4.287739 255 55 0
-89.370184 74.171595 -4.185605 0 86 255
34.145289 4.869684 5.605476 213 0 0
79.688167 63.273655 2.813160 255 163 0
106.160110 -31.430737 -0.157276 127 255 127
49.243885 -79.629112 -3.550114 0 133 255
-76.611711 -48.449370 -1.247292 47 255 207
100.803190 66.850909 5.560602 217 0 0
3.881943 45.139942 -0.809323 79 255 175
6.653722 -62.536035 -2.110988 0 239 255
94.160512 -28.237141 -0.575281 97 255 157
-116.134894 -4.889048 4.909735 255 9 0
52.687530 75.835250 -3.240550 0 156 255
62.664011 57.849409 -2.227943 0 230 255
40.855583 -48.153956 -4.502884 0 63 255
-73.440014 -43.319318 -1.645575 18 255 236
99.239145 74.172818 5.101688 250 0 0
-62.525950 45.843551 2.011908 255 222 0
-42.208945 45.533642 2.997370 255 150 0
80.336583 -19.712625 -0.936726 70 255 184
100.953203 72.742211 5.635572 211 0 0
-56.742722 -57.157721 3.511402 255 112 0
-5.025541 -84.245194 0.534827 178 255 76
83.992516 78.716570 2.345577 255 198 0
9.155194 -69.133314 -1.843740 3 255 251
-65.357189 -87.520526 0.226077 155 255 99
-30.881918 57.067172 5.204965 243 0 0
31.740929 -4.423563 5.553416 217 0 0
53.766390 76.928241 -2.943684 0 178 255
-46.018435 -4.986921 -5.158771 0 15 255
-74.493157 24.121527 0.366535 166 255 88
67.337714 -8.750551 0.620106 184 255 70
-47.143184 5.514628 -4.235114 0 83 255
-60.980288 -43.655842 1.467134 247 255 7
-50.803462 -73.577413 4.045677 255 73 0
-64.572788 -2.340322 -1.751556 10 255 244
-87.908060 -5.261349 4.040806 255 73 0
-27.486965 24.354989 -1.593758 22 255 232
-74.818682 -71.238215 -1.054893 61 255 193
35.329084 -40.603824 -2.458246 0 213 255
-95.180659 -70.730527 -5.118680 0 18 255
-34.413370 -87.587752 1.452299 246 255 8
107.617466 -42.971994 3.151869 255 139 0
-10.015025 -68.850030 2.362532 255 197 0
94.073533 -54.182539 5.440069 225 0 0
-65.265647 11.443527 -1.399320 36 255 218
68.586530 6.009846 0.090567 146 255 108
-99.284501 -38.605117 -1.399935 36 255 218
108.295745 -85.184612 2.496657 255 187 0
110.861311 78.055141 3.983427 255 77 0
46.062378 87.237854 -1.509072 28 255 226
-71.346785 -27.989738 -0.164124 127 255 127
61.817675 20.098897 1.108264 220 255 34
73.062302 -64.419207 0.760881 195 255 59
37.025672 26.752276 1.596961 255 253 0
66.328326 -54.525899 -0.972696 67 255 187
-59.127784 4.144534 -2.632944 0 200 255
67.397350 79.866147 -0.812539 79 255 175
-65.928492 47.109641 0.578249 181 255 73
1.436154 -38.589199 -0.118919 130 255 124
-25.093204 66.477301 5.084786 251 0 0
-68.813021 -37.145314 0.279388 159 255 95
-58.159939 34.111482 0.375453 166 255 88
92.389296 -45.844636 2.615140 255 178 0
-105.214985 66.842891 -5.265172 0 7 255
-2.026674 -65.370784 0.391313 168 255 86
-4.208165 -51.750356 1.255917 231 255 23
-93.331480 26.011434 1.604302 255 252 0
-99.922600 -82.232997 -3.295117 0 152 255
-15.195662 43.828469 2.363197 255 196 0
-34.024076 -30.624098 -0.075381 133 255 121
-57.866817 62.326131 2.762998 255 167 0
-58.738269 -38.846533 1.320692 236 255 18
-65.061499 25.429977 -0.745725 84 255 170
33.148367 3.881191 6.277031 164 0 0
114.533381 56.236983 4.906958 255 10 0
-46.426615 -38.531775 1.937498 255 228 0
-24.090190 -84.093997 2.522447 255 185 0
47.386783 74.369766 -4.035720 0 97 255
-46.290723 -40.513040 2.172013 255 211 0
-89.607757 63.036312 -4.799235 0 41 255
35.776018 -28.679742 0.711521 191 255 63
-34.869144 -31.904060 0.241718 157 255 97
-119.084073 -40.417476 -1.667442 16 255 238
-41.189471 51.180980 4.439899 255 44 0
91.062434 -60.984643 3.879085 255 85 0
-107.251567 32.791391 -0.480247 104 255 150
93.908575 -3.323567 -5.410892 0 0 251
27.470111 8.212172 5.271555 238 0 0
79.878733 62.964030 2.633332 255 177 0
14.664341 -87.862730 -1.322629 42 255 212
50.545169 32.430752 -0.321075 115 255 139
92.722355 16.893758 -3.472059 0 139 255
-78.752686 -44.025728 -1.699861 14 255 240
-93.579533 -87.596609 -2.109258 0 239 255
17.112655 71.948545 -4.132837 0 90 255
-5.032651 17.268738 -1.394526 36 255 218
4.896764 89.475358 -0.366384 112 255 142
-33.615150 14.685713 -4.147891 0 89 255
115.180238 -18.093442 -2.887752 0 182 255
24.965174 23.389388 1.877789 255 232 0
26.558860 82.486186 -2.973888 0 175 255
-113.157247 -54.114987 -5.426779 0 0 250
-53.603248 86.908385 1.397704 242 255 12
-52.209710 -28.991872 -0.637891 92 255 162
118.253402 -3.939903 -4.257931 0 81 255
-86.953462 8.516419 3.631246 255 103 0
1.235443 -66.746984 -0.555166 98 255 156
55.511646 -44.684904 -2.583857 0 204 255
29.169098 -29.397168 0.193764 153 255 101
62.800410 -35.140719 -0.085956 133 255 121
-33.252831 -84.602603 3.270429 255 130 0
-80.885749 43.570200 -1.900487 0 254 255
-65.333102 68.358646 0.701010 190 255 64
11.876447 -39.816887 -1.510057 28 255 226
4.777258 -87.125811 -0.992543 66 255 188
-22.459362 19.642877 -2.927274 0 179 255
100.547471 -5.683604 -5.180233 0 13 255
-23.818793 -69.430040 4.620285 255 31 0
-69.018460 70.129935 0.163145 151 255 103
24.263748 19.793822 3.022797 255 148 0
19.661461 54.427900 -4.778764 0 43 255
68.379278 -70.199609 -0.460256 105 255 149
14.356292 -14.046606 2.268400 255 203 0
-118.103722 24.382350 1.835252 255 235 0
-3.855080 -14.644982 -0.733124 85 255 169
-75.771965 58.198937 -1.625765 19 255 235
-63.633080 78.924809 0.277659 159 255 95
64.821423 50.181281 -1.359448 39 255 215
111.093580 -24.013470 -2.067780 0 242 255
89.360753 -18.607108 -3.023167 0 172 255
-63.478196 7.542068 -1.380584 37 255 217
-17.728635 -65.653388 4.323207 255 52 0
86.557741 20.570896 -1.967734 0 249 255
81.932366 44.408873 1.864603 255 233 0
-106.081979 -75.463268 -4.609924 0 55 255
-53.152617 46.774703 2.644801 255 176 0
22.153957 23.420936 1.794419 255 238 0
-73.051198 39.631851 -0.142518 128 255 126
-115.118964 -62.781658 -5.780045 0 0 224
-66.974057 38.148365 -0.358647 113 255 141
9.952252 -51.175519 -1.973914 0 249 255
51.496371 -11.690736 4.004536 255 76 0
57.181781 68.678570 -2.900675 0 181 255
15.821553 37.319015 -0.404824 109 255 145
23.670891 -19.172611 3.027170 255 148 0
5.009577 74.495890 -1.754806 10 255 244
70.582796 -68.860031 -0.007284 138 255 116
36.081547 -66.145226 -6.666371 0 0 159
43.810520 55.706435 -5.293153 0 5 255
96.751771 -24.035042 -1.987738 0 248 255
-91.806030 48.044503 -3.200649 0 159 255
-110.815278 -81.481084 -2.837480 0 185 255
7.650818 -75.955378 -1.562188 24 255 230
-12.885258 -3.428346 -2.775246 0 190 255
97.977742 -15.979938 -3.736790 0 119 255
-45.950003 31.441099 -0.199693 124 255 130
42.354380 8.541546 4.927698 255 8 0
46.855074 72.747725 -5.136856 0 16 255
-62.757164 -88.881859 0.376066 167 255 87
-117.986798 -13.231814 3.798149 255 91 0
-19.548797 28.061519 -1.086607 59 255 195
-71.558500 -79.210650 -0.360839 112 255 142
-74.257573 70.903718 -1.335418 41 255 213
-9.499649 37.921975 1.441090 245 255 9
-77.000854 -12.922097 0.983404 211 255 43
14.395997 21.993368 1.979748 255 225 0
27.818272 -42.104505 -3.141104 0 163 255
-7.127451 -3.596312 -2.009190 0 246 255
15.443450 -58.383608 -3.642866 0 126 255
-72.588122 -81.195420 -1.206551 50 255 204
18.120223 -53.937077 -4.162188 0 88 255
84.915137 48.458820 3.037717 255 147 0
83.674047 -31.167163 -0.577676 96 255 158
-93.586824 33.874716 -1.183783 52 255 202
-42.115722 71.640827 4.213544 255 60 0
52.197232 -62.452789 -4.496102 0 63 255
21.819054 39.573370 -2.554077 0 206 255
-27.205742 -10.548643 -5.045650 0 23 255
79.992100 25.153288 -1.084729 59 255 195
94.828656 75.244708 4.483792 255 41 0
15.002465 51.131911 -2.705323 0 195 255
-60.067271 58.879211 1.893146 255 231 0
111.033724 -60.192563 5.405174 228 0 0
-4.700392 57.937043 0.901487 205 255 49
-36.955043 84.834755 3.227727 255 133 0
-89.559939 79.407467 -3.316050 0 150 255
106.237307 53.901963 5.022558 255 1 0
45.715054 60.587261 -5.905268 0 0 215
-102.909001 11.582516 5.075735 252 0 0
-76.415514 78.944843 -1.714552 13 255 241
101.845940 44.065090 3.186601 255 136 0
-101.862776 -72.658581 -5.039470 0 24 255
42.192223 -24.066823 2.038083 255 220 0
16.606209 -69.572083 -3.828713 0 113 255
0.004654 75.875064 0.117646 148 255 106
45.959406 -89.223659 -1.630610 19 255 235
-39.253086 0.173545 -6.335481 0 0 183
30.239086 37.160713 -1.864934 2 255 252
90.453548 -14.901594 -3.912100 0 106 255
17.418959 75.007355 -3.201113 0 159 255
5.963104 -28.264395 0.394676 168 255 86
26.785587 -21.317087 2.673870 255 174 0
-75.296041 -47.522893 -0.988201 66 255 188
-39.954765 64.813534 5.643830 210 0 0
51.914834 22.155199 1.813712 255 237 0
16.309332 42.506322 -1.835773 4 255 250
-91.682602 17.911038 2.549982 255 183 0
88.322776 -13.997327 -3.335673 0 149 255
-21.284292 -88.021280 1.870985 255 233 0
-60.746355 46.909371 1.328017 236 255 18
-84.105790 82.098591 -2.118204 0 238 255
101.984186 -52.428169 5.148572 247 0 0
55.340689 26.354885 0.791601 197 255 57
-45.699934 23.758006 -1.732360 12 255 242
-73.809089 -81.360511 -0.558078 98 255 156
84.365426 8.826494 -3.307085 0 151 255
-84.789754 30.325115 0.070168 144 255 110
5.235083 57.588549 -1.772796 9 255 245
40.362426 5.947741 5.759168 202 0 0
105.136363 -89.333224 1.353484 238 255 16
44.690460 4.515740 5.027200 255 1 0
-94.163478 80.218081 -3.571075 0 131 255
4.854989 6.146441 1.842901 255 235 0
98.681926 26.950155 -1.554849 25 255 229
-55.155464 -87.875373 1.447473 245 255 9
-98.872936 58.767988 -6.074194 0 0 202
-105.947471 -24.663935 1.599923 255 253 0
80.233017 -73.019912 2.896294 255 157 0
104.091051 66.405750 5.488019 222 0 0
-9.304405 -33.672605 0.275974 159 255 95
-46.525816 69.274917 5.454489 224 0 0
-24.596866 -31.003822 -0.771068 82 255 172
-77.251385 -53.872680 -1.874526 1 255 253
-15.290000 84.244808 1.864584 255 233 0
-6.744008 -86.845191 0.409281 169 255 85
8.050303 -8.036920 2.157594 255 212 0
-94.779300 23.942162 2.048948 255 220 0
113.864199 79.929833 3.508314 255 112 0
30.239133 10.338211 5.237165 240 0 0
17.439888 -7.220387 3.843904 255 88 0
78.392695 -44.060788 0.681707 189 255 65
-108.279253 -37.064648 -1.538077 26 255 228
20.730203 -40.677797 -1.578338 23 255 231
-31.336704 -3.064560 -5.592962 0 0 238
33.865594 -76.897935 -4.511343 0 62 255
105.174367 57.727303 5.295943 236 0 0
-103.274569 72.630063 -5.558951 0 0 240
-78.424451 -20.199707 1.430527 244 255 10
-35.727582 28.597409 -0.785196 81 255 173
8.116960 84.097461 -0.647423 91 255 163
78.807269 52.739539 1.915291 255 229 0
56.104255 -2.004370 2.836963 255 162 0
11.775251 -75.878624 -2.954869 0 177 255
-73.716086 -17.847305 0.749207 194 255 60
0.843807 -44.105906 0.090319 146 255 108
-14.378213 -76.427120 2.741111 255 169 0
-92.869098 -69.812240 -4.751668 0 45 255
99.568765 1.312953 -5.767080 0 0 225
81.919416 39.467021 1.470787 247 255 7
27.209657 -83.073590 -3.311607 0 151 255
-60.738478 -43.712726 1.030635 215 255 39
18.423013 -75.979290 -3.814716 0 114 255
-42.405237 36.473108 1.415840 243 255 11
35.584166 33.212776 -0.517223 101 255 153
-111.064944 -54.468578 -5.784976 0 0 224
24.752612 38.612019 -1.876432 1 255 253
14.333106 -5.191084 3.649604 255 102 0
102.078846 67.452243 5.515302 220 0 0
17.062143 65.496275 -4.056704 0 96 255
67.831431 62.321280 -0.923906 71 255 183
-66.709367 40.630075 0.418333 170 255 84
12.611026 89.378159 -1.201151 51 255 203
-42.300247 20.766354 -2.857050 0 184 255
116.498606 31.911247 -0.408041 109 255 145
109.817623 -79.033521 3.438793 255 117 0
-61.149938 1.374909 -2.008314 0 246 255
29.638258 42.655865 -3.131778 0 164 255
-102.906182 60.918512 -6.234620 0 0 191
11.593930 -66.239803 -2.631022 0 201 255
116.402803 83.337692 1.926290 255 229 0
-86.477324 -37.253616 -0.938317 70 255 184
55.074568 -58.426212 -3.505128 0 136 255
3.729573 -86.575435 -0.561453 98 255 156
118.415539 -34.817743 0.855710 202 255 52
-21.967265 60.290091 5.348645 232 0 0
78.535702 1.866788 -2.099825 0 240 255
23.168478 -84.325718 -2.468744 0 212 255
71.982180 -16.642982 -0.290882 117 255 137
84.526143 -2.438232 -3.247492 0 155 255
35.485168 47.917577 -4.699518 0 49 255
-36.008808 25.860499 -1.427437 34 255 220
23.069315 -47.799775 -4.271358 0 80 255
69.634648 34.561839 0.500561 176 255 78
76.906382 13.503912 -1.278875 45 255 209
31.618951 -76.494231 -4.831560 0 39 255
-10.609811 34.779425 0.633200 185 255 69
-99.859964 27.793114 0.883565 204 255 50
-92.234559 64.519093 -4.980899 0 28 255
34.910829 21.700425 2.412689 255 193 0
-25.047418 52.728234 4.966704 255 5 0
42.416839 -27.632382 1.153355 224 255 30
4.990097 34.201442 -0.157687 127 255 127
-24.283760 -86.473516 2.152456 255 212 0
-70.897871 38.318134 -0.263470 120 255 134
83.344726 -89.319397 0.899986 205 255 49
-54.799419 12.773791 -2.854115 0 184 255
31.468991 7.136936 5.288461 237 0 0
-95.579555 -72.663219 -5.063183 0 22 255
111.211181 -14.673978 -3.662511 0 125 255
-83.375255 -49.304638 -2.897608 0 181 255
0.929498 50.179947 -0.172654 126 255 128
74.866218 -16.773189 -1.256423 47 255 207
-64.121187 2.668550 -1.998784 0 247 255
34.855032 -70.769476 -5.134286 0 17 255
-22.064333 27.016652 -0.736833 85 255 169
110.961411 -43.197935 2.797212 255 165 0
-87.894229 64.737703 -5.115586 0 18 255
-74.061160 59.503727 -1.437087 33 255 221
10.841095 -76.744304 -1.389493 37 255 217
43.528764 -49.611868 -4.215026 0 84 255
18.205022 -70.599080 -4.048909 0 96 255
-76.194332 70.322414 -1.694680 14 255 240
-2.313940 31.253052 -0.003397 139 255 115
-104.426014 -85.871222 -2.497080 0 210 255
41.577890 17.155799 4.095434 255 69 0
-41.057072 44.183016 3.529291 255 111 0
110.666340 -86.232130 2.657753 255 175 0
-23.995041 -51.330487 4.314022 255 53 0
-107.609889 -52.031899 -4.560676 0 59 255
-117.102188 -64.495011 -5.008497 0 26 255
-40.940652 -71.487234 5.091556 251 0 0
-57.199645 21.744984 -1.862273 2 255 252
108.139552 -64.836785 5.636492 211 0 0
67.276917 34.685289 0.031208 141 255 113
-31.818022 -8.998086 -5.057948 0 22 255
-57.592617 -64.856938 2.887217 255 158 0
-103.735879 -2.596702 5.709631 206 0 0
-90.338905 71.528806 -3.689449 0 123 255
58.185398 71.540416 -2.693834 0 196 255
-106.378665 86.983968 -1.861737 2 255 252
68.403571 13.777031 0.261912 158 255 96
-25.268827 -64.816268 5.038547 255 0 0
43.937412 -60.976074 -5.659384 0 0 233
27.939836 51.437719 -5.367201 0 0 254
-93.890862 12.256357 4.111693 255 68 0
61.369429 75.434077 -2.102829 0 239 255
90.604188 69.045235 4.362114 255 50 0
-93.492421 31.930625 -0.485708 103 255 151
112.986750 61.175944 5.000619 255 3 0
73.500287 2.184166 -0.979437 67 255 187
25.254825 75.923442 -4.203546 0 85 255
47.055451 -0.957663 5.147113 247 0 0
-108.911685 17.446231 4.236225 255 59 0
-65.464634 87.834927 0.748430 194 255 60
97.441458 54.298609 5.095025 251 0 0
87.119134 14.219697 -3.075986 0 168 255
-67.753248 -61.376623 0.677756 189 255 65
11.287379 -64.497811 -2.592951 0 203 255
-37.344433 70.122941 5.391283 229 0 0
-75.105607 -88.750730 0.252953 157 255 97
67.593353 22.994503 0.266043 158 255 96
42.191052 29.648744 0.940731 208 255 46
-103.567105 -27.380395 0.906631 205 255 49
40.446498 -50.069017 -4.780728 0 43 255
-116.983383 16.880944 2.980957 255 151 0
-97.002437 84.440606 -2.667178 0 198 255
-20.608283 1.833170 -4.942225 0 31 255
-111.555525 23.749251 1.924334 255 229 0
4.798450 -13.320002 1.283063 233 255 21
43.937782 -47.555076 -4.145685 0 89 255
-57.956398 22.823128 -1.177747 52 255 202
47.325293 41.800796 -2.904383 0 180 255
-102.871161 7.070432 5.090372 251 0 0
-98.786039 66.673524 -4.967222 0 29 255
-0.435624 88.078504 0.250174 157 255 97
-113.163481 -65.790154 -5.362116 0 0 255
61.982589 -40.994551 -1.285467 44 255 210
93.948880 36.693575 1.535523 252 255 2
-118.382444 10.810029 4.217803 255 60 0
71.797697 -75.638415 0.434021 171 255 83
16.715226 -23.502608 1.975428 255 225 0
113.908763 -26.717581 -0.739437 85 255 169
72.124340 82.724056 0.585640 182 255 72
96.790797 -68.862524 5.082960 252 0 0
85.113199 69.691242 3.331349 255 125 0
84.718177 79.078912 2.614950 255 178 0
61.784759 -28.939311 -0.163217 127 255 127
97.499122 8.656050 -5.367614 0 0 254
-99.219552 13.802542 4.162459 255 64 0
73.020386 79.851096 0.746814 194 255 60
42.719879 -41.987431 -2.459940 0 213 255
-32.890961 6.179604 -5.625614 0 0 235
-15.045288 -8.570302 -3.080778 0 167 255
-92.982917 72.204256 -4.698393 0 49 255
-45.386536 82.300930 3.045835 255 146 0
51.483510 -56.822995 -4.071279 0 95 255
12.323774 19.164321 1.648506 255 249 0
102.489271 11.806370 -4.757631 0 44 255
-58.760597 -64.814676 2.641356 255 176 0
-65.025486 -2.613379 -1.667677 16 255 238
56.967209 -61.718231 -3.147895 0 163 255
109.607312 -42.225128 3.302186 255 127 0
-31.886712 -9.981597 -4.694492 0 49 255
-25.547021 -72.136607 4.294136 255 55 0
-106.890802 -40.658435 -2.469269 0 212 255
-63.728948 -26.509558 0.130640 148 255 106
98.256178 -84.526300 2.925148 255 155 0
114.455525 73.005736 4.626312 255 30 0
-2.188061 83.307115 -0.357020 113 255 141
84.976296 31.965015 0.346709 164 255 90
-68.059217 48.365255 -0.240107 121 255 133
35.516072 -58.219954 -5.513698 0 0 244
99.218689 -1.441482 -6.212499 0 0 192
-36.035721 -81.696990 3.468569 255 115 0
33.100346 -47.555555 -4.893408 0 34 255
58.577531 -76.090407 -2.282859 0 226 255
-86.223239 54.893273 -3.231933 0 156 255
-57.807148 68.232342 3.044544 255 146 0
22.347048 -61.268283 -5.066219 0 22 255
-57.830265 -72.707716 2.642866 255 176 0
-81.459575 -67.636088 -3.182690 0 160 255
-81.341352 78.101412 -1.837625 4 255 250
67.869764 -41.753179 -0.822992 78 255 176
-9.591172 -14.563312 -2.210128 0 231 255
13.363656 68.869874 -3.301692 0 151 255
32.551594 -88.515921 -2.211069 0 231 255
-41.982819 16.091373 -4.577611 0 57 255
37.776051 3.430095 5.779860 200 0 0
-11.559551 -59.404381 2.328281 255 199 0
-97.804308 21.528937 3.266797 255 130 0
5.664835 64.365027 -1.216178 49 255 205
-0.232440 -62.939555 0.567219 181 255 73
45.310675 -62.700256 -4.866477 0 36 255
110.345566 12.995610 -4.289982 0 79 255
-108.461423 40.851065 -2.997572 0 174 255
27.961107 55.611040 -5.103352 0 19 255
48.840183 84.521778 -2.045923 0 244 255
-4.863010 63.375847 1.395567 241 255 13
-16.359940 2.464713 -4.232540 0 83 255
50.754453 -0.459019 3.645413 255 102 0
9.882479 9.726679 2.478706 255 188 0
-20.065993 -18.255837 -2.942511 0 178 255
37.280049 56.586742 -5.394650 0 0 252
25.633170 -67.500107 -5.858443 0 0 218
-98.865986 44.334109 -3.850465 0 111 255
-33.888958 -65.363482 5.459324 224 0 0
94.524635 -40.875199 2.416772 255 193 0
-81.828169 -1.706098 3.271461 255 130 0
5.208544 75.739054 -1.151348 54 255 200
32.890533 81.776783 -2.955468 0 177 255
-91.193094 57.180214 -4.325654 0 76 255
-71.962994 7.687007 0.755783 194 255 60
-42.530007 31.464041 0.406025 169 255 85
23.860422 -60.076104 -5.436098 0 0 249
-89.696842 23.853643 1.813292 255 237 0
64.055973 68.061640 -0.991677 66 255 188
43.704065 23.188872 1.971910 255 225 0
72.765956 -1.501110 -0.463481 105 255 149
-62.133706 -26.112931 0.072308 144 255 110
9.973442 -12.205600 2.460044 255 189 0
86.145676 -18.204472 -1.602228 21 255 233
-15.222110 12.219225 -3.243771 0 155 255
16.884116 78.547642 -2.913995 0 180 255
-21.557808 -19.162707 -3.129086 0 164 255
57.597201 5.533756 3.455066 255 116 0
30.685751 43.967094 -3.358093 0 147 255
60.339591 -52.608542 -2.132171 0 237 255
112.662967 19.588468 -2.625464 0 201 255
66.879299 9.641868 0.458005 173 255 81
17.407682 52.362364 -3.525379 0 135 255
-58.936096 38.248790 1.345341 238 255 16
3.154379 -85.667947 -0.973239 67 255 187
107.125515 -37.976347 2.117274 255 215 0
116.400041 -86.370798 2.286373 255 202 0
-90.543704 37.057533 -1.831134 4 255 250
41.406973 30.551064 0.797389 197 255 57
-114.575173 18.156305 3.491889 255 114 0
-94.130357 60.521775 -5.449398 0 0 248
-30.863069 71.698602 5.358530 231 0 0
-96.830400 -30.945238 0.008609 139 255 115
36.171967 62.897657 -5.698538 0 0 230
-0.335914 3.099528 0.380386 167 255 87
-27.503209 77.353500 4.342907 255 51 0
84.278726 -79.749225 2.233182 255 206 0
-34.568161 -64.857846 5.821178 197 0 0
-60.695992 29.868970 -0.159957 127 255 127
-51.829417 -60.700853 4.355074 255 50 0
-114.625466 29.704871 0.266748 158 255 96
53.367725 -66.166743 -3.463983 0 139 255
34.849306 65.148248 -6.674994 0 0 158
-20.234554 6.420997 -4.312268 0 77 255
76.146296 -84.659636 1.348323 238 255 16
-40.524899 -35.360134 0.929570 207 255 47
-68.589091 -1.508091 0.350077 165 255 89
-112.017236 38.844588 -2.180938 0 234 255
-77.356903 -38.268529 -0.399381 110 255 144
-12.156661 36.570178 0.957592 209 255 45
-40.687279 29.781735 -0.800786 80 255 174
-13.380572 68.615592 3.398385 255 120 0
-107.072687 -18.833012 3.583455 255 107 0
-113.693893 -68.061929 -4.928090 0 32 255
42.258150 -50.095893 -4.373109 0 73 255
-20.321534 57.210763 4.494537 255 40 0
68.568520 -1.802554 0.633832 185 255 69
82.992860 12.370209 -1.942526 0 251 255
-33.252909 -32.094202 0.479566 174 255 80
-10.078273 58.961157 2.559025 255 182 0
63.599241 -80.547515 -0.959097 68 255 186
-87.938757 88.955934 -1.076768 60 255 194
73.390632 45.070679 0.459602 173 255 81
-31.947010 -49.710844 4.192094 255 62 0
-60.237760 35.356086 0.261645 158 255 96
-7.564504 -47.217941 2.019694 255 222 0
35.393452 -39.335753 -1.854809 3 255 251
81.170871 15.654159 -1.879974 1 255 253
77.358807 9.793338 -1.577378 23 255 231
-111.504859 54.074021 -4.536708 0 60 255
-80.656346 29.392400 0.793977 197 255 57
-38.897045 -89.586790 1.331051 237 255 17
-105.622575 -59.272477 -5.841377 0 0 220
-12.583556 -87.294377 1.371212 240 255 14
-11.413217 39.719873 1.007907 213 255 41
5.637377 25.204110 0.638605 186 255 68
-36.049711 81.711476 3.696461 255 98 0
-62.635657 8.109925 -1.614412 20 255 234
21.331925 21.841929 2.407879 255 193 0
-106.461881 34.629428 -0.788134 81 255 173
-110.413894 -51.109214 -4.726905 0 47 255
58.694895 -13.487169 2.330015 255 199 0
-74.194178 33.406276 -0.045702 136 255 118
-81.808054 -14.604540 2.255904 255 204 0
-60.836151 7.498018 -2.063617 0 242 255
17.925561 -87.106006 -1.630480 19 255 235
-62.615785 -21.267337 -0.908466 72 255 182
39.123896 -17.093815 3.833403 255 88 0
33.595579 44.930357 -3.623600 0 128 255
-23.041653 47.805645 3.843118 255 88 0
102.493318 62.414550 5.705528 206 0 0
61.369416 36.982516 -0.151971 128 255 126
-86.716113 -5.041438 3.548633 255 109 0
-64.977128 31.387841 -0.051495 135 255 119
-93.758483 -0.752958 5.372609 230 0 0
50.826409 -10.203423 3.933807 255 81 0
-73.991283 -26.003441 0.612016 184 255 70
-11.482538 65.793262 3.089331 255 143 0
-97.762751 -44.552380 -2.962949 0 176 255
90.416635 -75.883343 3.262846 255 130 0
59.048719 -84.987322 -1.102453 58 255 196
39.535831 -39.792018 -2.101159 0 239 255
47.665637 -81.392689 -2.924054 0 179 255
-33.064138 44.358569 3.028083 255 148 0
-74.488231 -61.751413 -0.907211 72 255 182
-115.660557 -41.478777 -2.281372 0 226 255
-21.631585 35.701686 0.634162 185 255 69
97.916186 66.204603 5.864283 194 0 0
-113.397724 46.801238 -4.444977 0 67 255
-73.433449 24.734175 0.554344 180 255 74
6.364532 39.047603 -0.596434 95 255 159
-102.309930 -32.095463 -0.220828 123 255 131
-48.723945 83.533133 2.485104 255 188 0
60.384659 -13.755708 1.704078 255 245 0
-68.511409 30.833585 -0.200755 124 255 130
-46.867854 1.005697 -4.912683 0 33 255
-52.317700 -13.696549 -3.909586 0 107 255
-70.693117 -51.839568 0.019438 140 255 114
73.523382 85.072217 0.502326 176 255 78
107.832645 26.865019 -0.863470 75 255 179
21.697918 53.066522 -4.188169 0 86 255
-58.889157 10.694804 -1.680604 15 255 239
-61.637538 -29.114948 0.411659 169 255 85
45.546199 8.305016 4.801060 255 17 0
52.632168 22.037938 2.170503 255 211 0
75.985669 -25.714895 -0.691850 88 255 166
-87.290384 -82.856732 -2.086147 0 241 255
-72.244541 66.165947 -0.493958 103 255 151
-38.182717 -32.007086 0.098473 146 255 108
-17.171492 78.512654 3.379132 255 122 0
75.299167 67.117459 1.292183 234 255 20
-99.036894 75.759039 -4.485609 0 64 255
-48.309977 -79.413390 3.680904 255 100 0
-92.346450 15.037363 3.641118 255 103 0
73.165627 47.957801 0.442384 171 255 83
50.543867 -67.273860 -4.467494 0 66 255
73.859146 23.385650 -0.664296 90 255 164
-43.810030 65.519271 5.988052 185 0 0
6.020853 54.887379 -1.302508 43 255 211
92.783052 89.408465 1.546572 253 255 1
-115.124100 62.821444 -5.438791 0 0 249
72.048967 -61.833038 0.288330 160 255 94
64.231221 10.876019 1.465244 247 255 7
-15.677635 -13.980208 -3.202344 0 159 255
65.871019 35.033012 -0.100516 131 255 123
61.868799 46.887615 -1.755898 10 255 244
-76.884213 42.170300 -1.334211 41 255 213
112.292732 89.699514 1.556329 253 255 1
105.631312 8.492157 -5.517183 0 0 243
-58.488674 63.852442 2.810215 255 164 0
109.093005 25.199931 -1.433032 34 255 220
10.918397 29.489354 -0.475347 104 255 150
2.438183 -69.224733 -0.247502 121 255 133
65.872228 40.931188 -0.485047 103 255 151
99.654947 54.573510 4.892976 255 11 0
-58.485992 -37.763867 0.449056 172 255 82
-90.746705 23.540893 1.632956 255 250 0
81.307623 15.445091 -2.014346 0 246 255
-13.881154 -74.854488 2.358869 255 197 0
12.281127 -24.522586 1.337057 237 255 17
-5.007318 43.443764 0.723425 192 255 62
90.752707 -63.173174 4.921211 255 8 0
16.342098 -5.614202 3.670929 255 100 0
49.043077 28.019088 0.707684 191 255 63
64.328140 27.454663 0.499901 176 255 78
-119.316343 -47.531949 -3.216183 0 158 255
14.531429 -15.563284 2.262799 255 204 0
24.981769 37.804163 -2.012857 0 246 255
-95.080561 19.469026 2.882963 255 158 0
-79.891226 49.252809 -1.464303 31 255 223
-103.776905 23.687134 2.080859 255 217 0
-20.562085 45.521451 3.552042 255 109 0
66.163328 -31.110080 0.000379 139 255 115
-61.095077 32.744403 0.763225 195 255 59
89.281332 47.105378 3.567800 255 108 0
-103.791641 -13.024636 4.900620 255 10 0
-37.254780 -67.073011 5.830181 197 0 0
-64.297045 55.462983 1.689878 255 246 0
109.792550 26.133305 -1.067071 60 255 194
-79.929453 12.105841 2.007350 255 223 0
84.499047 -45.989199 2.605762 255 179 0
4.404497 27.737403 -0.234258 122 255 132
-55.167522 -51.741862 2.736923 255 169 0
-19.697598 66.642513 4.391397 255 47 0
-88.545655 -71.592240 -3.546574 0 133 255
25.957425 69.807818 -5.044582 0 23 255
40.043690 -88.961298 -1.635045 19 255 235
-13.845837 66.253441 4.100658 255 69 0
70.089652 -53.879287 -0.250111 120 255 134
63.963922 -72.127374 -1.578133 23 255 231
41.933765 -55.446881 -5.423010 0 0 250
60.531367 48.164771 -1.880241 1 255 253
-17.102386 45.980884 2.807217 255 164 0
-82.640023 -70.689329 -3.154117 0 162 255
6.807360 -18.606375 1.298903 234 255 20
-9.166896 -47.922835 1.736100 255 243 0
-84.351222 43.046693 -2.015953 0 246 255
47.008380 21.429530 2.232458 255 206 0
-13.423863 76.229966 2.455638 255 190 0
42.125771 34.668777 -0.714877 86 255 168
-74.116215 14.795674 0.790669 197 255 57
-63.981923 80.900958 0.980668 211 255 43
-97.377603 -49.732777 -4.670486 0 51 255
97.877831 -73.171520 4.390400 255 47 0
45.628016 -25.330714 1.442742 245 255 9
-45.861264 31.128563 -1.004991 65 255 189
-107.519229 -46.305522 -3.996037 0 100 255
-39.186296 62.239730 6.232058 167 0 0
67.213152 -38.282376 -0.590592 95 255 159
95.781518 -66.503856 4.952161 255 6 0
-80.021983 68.594907 -2.884021 0 182 255
101.864677 -50.785638 4.976571 255 4 0
-71.536606 -60.638098 -0.515975 101 255 153
-111.576821 39.874953 -2.396314 0 218 255
-88.207510 47.739178 -3.857917 0 110 255
-115.553450 4.790668 5.185610 244 0 0
-62.154328 -24.365245 -0.806806 80 255 174
64.783329 86.413926 -0.498821 102 255 152
-5.113036 -82.135773 0.967063 210 255 44
70.152137 24.076875 0.217984 155 255 99
-97.734191 -52.918617 -5.010618 0 26 255
59.635511 -15.042282 1.543536 252 255 2
-87.264763 -22.700241 2.003768 255 223 0
-42.545628 -25.980741 -1.366308 38 255 216
104.253226 -43.556703 3.449471 255 117 0
55.307202 41.609849 -1.403594 36 255 218
55.297384 13.795153 2.398891 255 194 0
34.971417 67.977557 -5.799915 0 0 223
-31.714120 44.776761 3.950619 255 80 0
30.635509 -7.816540 5.232989 241 0 0
-16.749022 12.764317 -3.269074 0 154 255
69.726994 58.083515 -0.067224 134 255 120
41.823557 -67.469082 -5.427314 0 0 250
93.436995 -89.231011 1.012199 213 255 41
80.846587 2.081331 -2.208985 0 232 255
81.380030 -6.447508 -3.317824 0 150 255
-97.254946 15.146651 4.139832 255 66 0
-114.986145 7.478198 4.767838 255 20 0
-28.280600 -50.818245 5.067138 253 0 0
106.791056 74.967101 4.390432 255 47 0
25.494119 81.149920 -3.728697 0 120 255
18.776753 -45.549819 -2.788865 0 189 255
78.080157 -21.237203 -1.505465 28 255 226
32.120333 76.681463 -4.854949 0 37 255
-93.015434 14.530553 3.676532 255 100 0
-6.291170 14.991687 -1.124415 56 255 198
88.138998 67.322682 4.476180 255 41 0
73.523989 -55.545003 0.283260 160 255 94
-105.209162 -63.292588 -5.969141 0 0 210
119.699396 29.238350 0.049338 142 255 112
5.052325 -16.534935 1.363359 239 255 15
-50.536909 -45.165067 3.081256 255 144 0
-16.661107 -58.718007 3.534693 255 110 0
106.324406 -51.161437 5.312124 235 0 0
95.090242 75.245724 4.171937 255 64 0
-34.696732 -18.137632 -3.636692 0 127 255
33.002527 -66.785727 -5.706147 0 0 230
-102.753099 -35.749883 -1.336900 41 255 213
70.144613 -59.983135 0.375223 166 255 88
-101.929276 77.806967 -4.320970 0 76 255
51.939960 -43.458606 -2.542428 0 207 255
-43.921634 -24.586878 -2.063217 0 242 255
-83.497733 -18.709244 1.937960 255 228 0
-85.446580 -88.815050 -1.298836 43 255 211
113.391838 17.721736 -3.909922 0 107 255
-66.678530 -32.371284 0.385998 167 255 87
-7.251098 62.867508 2.416325 255 193 0
-82.548496 -20.626213 1.701285 255 245 0
-2.325190 -33.392849 -0.366640 112 255 142
76.845114 -53.103787 1.448308 245 255 9
-60.210450 -6.654562 -2.404958 0 217 255
51.399491 76.874592 -3.746359 0 119 255
-34.670813 87.641822 1.903557 255 230 0
-90.094580 -2.847800 4.801422 255 17 0
74.971750 55.932359 0.847584 201 255 53
-37.469453 -49.237730 4.064922 255 71 0
33.337307 68.379296 -5.503426 0 0 244
108.536231 14.989925 -4.220052 0 84 255
53.461575 -30.922730 0.356569 165 255 89
-40.637263 41.334003 2.575734 255 181 0
27.639056 10.195455 4.796783 255 18 0
59.768495 -12.587732 2.744022 255 168 0
-68.230742 10.124667 -0.108691 131 255 123
109.181562 89.470153 1.766816 255 240 0
-65.535605 -32.888615 0.409130 169 255 85
-111.054315 -47.890660 -4.464665 0 66 255
7.754853 21.481380 1.044682 216 255 38
-6.200885 21.594949 -1.536521 26 255 228
-82.791861 -49.551807 -2.171185 0 234 255
-4.020094 -27.674770 -0.942707 70 255 184
-54.739034 -17.584637 -2.245708 0 229 255
75.197021 -38.019208 0.320246 162 255 92
-2.039071 -89.745356 0.474636 174 255 80
5.883876 -84.275771 -0.528159 100 255 154
-85.438908 -36.015501 -0.854286 76 255 178
107.192074 76.025807 4.688536 255 26 0
-59.199528 12.539493 -2.162477 0 235 255
20.078663 74.114305 -3.854679 0 111 255
66.361488 1.792275 1.006706 213 255 41
4.858490 14.223451 1.274366 233 255 21
-43.197757 -17.467483 -3.151100 0 162 255
34.387863 42.363885 -3.397146 0 144 255
52.180685 26.463651 1.548177 253 255 1
-86.721291 -77.628483 -3.450563 0 140 255
-58.712573 -25.866618 -0.521976 101 255 153
-76.054542 5.777921 1.305409 235 255 19
-114.544154 0.036199 6.098240 177 0 0
29.077268 -81.337460 -3.361935 0 147 255
119.746805 -34.005989 0.906740 205 255 49
-54.577215 38.923679 2.114866 255 215 0
105.053911 -13.013746 -4.355281 0 74 255
-27.532464 52.686724 5.543920 218 0 0
99.168347 -42.450698 2.614604 255 178 0
-97.396813 33.635283 -0.826214 78 255 176
-43.792429 -81.766270 3.326716 255 126 0
83.190050 48.979150 2.513971 255 185 0
98.072292 10.142194 -5.151619 0 15 255
72.552728 87.390454 0.109615 147 255 107
43.721987 14.778524 3.756615 255 94 0
-45.496188 8.935143 -4.263256 0 81 255
116.380102 -62.476371 5.621117 212 0 0
17.678241 70.755533 -3.903537 0 107 255
76.600614 -59.154105 2.230315 255 206 0
-24.339695 -15.367105 -4.164364 0 88 255
105.035536 81.419654 4.740036 255 22 0
29.444254 -70.456309 -5.510759 0 0 244
50.741291 63.752596 -4.056138 0 96 255
-85.747846 33.787570 -0.633299 92 255 162
-20.635346 -66.468633 4.914076 255 9 0
-96.762906 30.550228 0.631366 185 255 69
-34.986325 19.238995 -2.954532 0 177 255
16.276426 81.677599 -2.550072 0 206 255
-50.286168 74.758802 3.800013 255 91 0
-118.455982 -64.128261 -4.936745 0 31 255
-16.596994 87.740798 1.926739 255 229 0
62.007035 -64.361824 -2.104426 0 239 255
-28.952935 54.506351 5.030037 255 0 0
66.550551 -13.067471 0.117372 147 255 107
-26.846438 70.806896 4.354886 255 50 0
11.917440 -8.770032 2.211872 255 208 0
-47.390811 -81.703679 3.193921 255 135 0
-99.203796 73.364908 -5.423210 0 0 250
67.567157 -30.505534 -0.135240 129 255 125
3.176644 37.660211 -0.506538 102 255 152
70.611996 69.073868 -0.188919 125 255 129
68.334705 -26.966417 -0.201215 124 255 130
66.882438 36.281735 -0.020422 137 255 117
-28.626540 -27.650620 -1.211190 50 255 204
-49.549884 60.516865 4.968580 255 5 0
-65.835686 87.597942 0.396750 168 255 86
-7.621713 -50.416019 1.129288 222 255 32
24.790682 56.875317 -5.279437 0 6 255
86.826441 81.242227 2.840370 255 161 0
119.487072 -21.522283 -1.659310 17 255 237
55.105850 -68.828225 -3.984625 0 101 255
16.198940 15.616184 3.017990 255 148 0
-50.763432 35.650215 1.367295 239 255 15
19.999003 -36.194864 -0.285521 118 255 136
-51.852411 -89.039803 1.046370 216 255 38
88.872842 16.316657 -2.756215 0 191 255
-65.392234 -58.765419 0.833120 200 255 54
-21.660346 -21.634590 -1.927407 0 252 255
-66.127412 43.510341 0.848144 201 255 53
-67.709977 -65.523186 0.044308 142 255 112
63.449073 3.635052 1.460387 246 255 8
-71.381632 -53.076712 -0.453467 106 255 148
-42.847210 27.392088 -0.994393 66 255 188
-109.518976 -11.079810 5.042353 255 0 0
98.598035 25.441902 -1.564602 24 255 230
95.661523 -43.006559 3.189610 255 136 0
-29.802367 29.959948 -0.789344 81 255 173
100.814544 -67.984882 5.272553 238 0 0
-65.103933 17.419895 -0.675391 89 255 165
-59.308047 -83.254354 1.045177 216 255 38
13.463671 33.903903 -0.593719 95 255 159
-67.920163 63.248506 0.478457 174 255 80
97.563752 15.856758 -3.398481 0 144 255
112.926402 -3.844467 -5.424391 0 0 250
-90.603422 76.479258 -3.218485 0 157 255
-12.554123 44.250879 2.219210 255 207 0
-18.179970 73.374731 3.474092 255 115 0
117.305517 26.157602 -0.699998 87 255 167
116.659542 69.145723 4.771255 255 20 0
-105.193745 84.675361 -2.325401 0 223 255
109.211297 -23.435436 -2.138144 0 237 255
35.205901 81.269283 -3.786349 0 116 255
-6.820348 70.779701 1.094017 219 255 35
-15.264512 -40.735890 1.907719 255 230 0
85.324555 -56.323165 3.630077 255 103 0
-89.155170 0.031939 5.429310 226 0 0
-24.460523 63.621253 5.173518 245 0 0
-95.981276 -78.582691 -3.882174 0 109 255
-24.674562 38.056807 1.583253 255 254 0
72.059790 -10.524307 -0.744402 84 255 170
79.772130 58.032600 2.996371 255 150 0
-86.076263 -84.919396 -1.345388 40 255 214
-60.281066 28.399150 -0.762074 83 255 171
48.161518 -36.817127 -1.498597 29 255 225
-78.604261 28.068749 0.276127 159 255 95
-108.120929 -76.477050 -4.886972 0 35 255
88.239208 87.871382 1.725053 255 243 0
-114.313284 77.767901 -3.969542 0 102 255
93.831282 -21.541264 -2.636236 0 200 255
23.761910 -8.669426 4.858830 255 13 0
-25.094227 78.176767 4.052182 255 72 0
-47.957549 43.567087 2.781055 255 166 0
-25.792663 -0.929076 -5.536855 0 0 242
95.254996 -69.714467 5.360673 231 0 0
19.053140 -40.500967 -1.756262 10 255 244
-85.215678 24.819965 1.016657 214 255 40
14.948991 67.298718 -3.408398 0 143 255
-45.090798 -56.628166 4.515176 255 38 0
96.508876 27.397573 -1.176784 52 255 202
-81.699248 -18.531095 2.227268 255 206 0
-1.146974 63.647017 1.080590 218 255 36
-114.346797 -72.983347 -4.496225 0 63 255
-56.704319 -83.431790 1.891150 255 231 0
50.101090 42.623916 -1.588983 22 255 232
27.349695 -70.628991 -4.667982 0 51 255
100.551859 60.734214 5.965085 187 0 0
-82.678034 77.400077 -2.448794 0 214 255
-8.423910 34.187358 -0.408819 109 255 145
-95.381709 76.861773 -3.871612 0 109 255
47.036814 28.877862 0.406681 169 255 85
-94.868033 77.805970 -3.827171 0 113 255
101.770523 78.830857 3.692686 255 99 0
-3.110630 -79.159268 0.327522 163 255 91
9.449687 -75.145863 -1.658098 17 255 237
-31.594863 -83.303634 3.339628 255 125 0
-24.329484 36.482275 2.386514 255 195 0
89.659963 87.858546 1.810531 255 237 0
62.217598 65.201945 -1.325689 41 255 213
-26.943606 -61.179462 5.784783 200 0 0
75.967567 87.127975 0.557247 180 255 74
-29.123871 67.202829 5.604108 213 0 0
-100.685041 -67.599465 -5.685265 0 0 231
-65.123377 -46.848082 1.149353 223 255 31
-18.155518 -71.213671 4.827412 255 15 0
-13.825705 47.704713 2.612271 255 178 0
-77.903211 68.929087 -2.353559 0 221 255
48.924290 -51.051750 -3.964696 0 103 255
-62.762091 77.577325 0.812858 199 255 55
36.002640 -18.035769 3.897501 255 84 0
6.487786 44.033318 -1.888021 0 255 254
35.464871 31.871129 -0.890707 73 255 181
94.267803 -34.738220 1.062199 217 255 37
50.722151 71.431495 -3.894065 0 108 255
27.586620 -36.790580 -1.750534 10 255 244
43.833668 65.991093 -5.460981 0 0 248
4.034377 -30.599515 0.216438 155 255 99
118.330497 -35.139657 1.115480 221 255 33
75.968155 -65.082888 1.276879 233 255 21
-82.209604 -11.980182 2.614464 255 178 0
-82.873465 10.766895 2.211224 255 208 0
-15.359068 -17.222185 -2.882726 0 182 255
101.331764 59.595241 5.612223 213 0 0
-85.683064 84.291908 -1.874198 1 255 253
-62.739918 -60.451032 2.151104 255 212 0
119.898423 24.588019 -1.616927 20 255 234
59.394018 -77.221410 -2.151301 0 236 255
10.621143 68.130057 -2.613182 0 202 255
-80.126809 -52.606574 -2.408383 0 217 255
-112.345384 -15.140395 3.965140 255 79 0
-40.694515 -44.402709 3.919587 255 82 0
-74.368243 -35.647080 -0.160291 127 255 127
92.102243 64.399903 5.349016 232 0 0
4.096840 -35.254576 -0.725365 86 255 168
1.347113 -46.407654 -0.559307 98 255 156
26.930930 61.377549 -5.754137 0 0 226
-1.555732 -1.173941 -0.674667 89 255 165
-62.930854 42.491102 0.967802 210 255 44
56.094821 33.665942 -0.441333 106 255 148
57.087954 -75.687573 -2.399002 0 218 255
98.141423 39.898506 2.939415 255 154 0
-2.740440 -83.330894 0.200520 154 255 100
-88.579272 29.089822 0.592761 182 255 72
111.077421 41.517902 2.983928 255 151 0
-116.394707 23.280077 2.548316 255 183 0
-82.371883 12.623391 2.221600 255 207 0
49.743365 48.263840 -3.444871 0 141 255
87.083679 69.995941 3.884845 255 85 0
106.324178 -30.215524 -0.127403 130 255 124
22.884324 42.633866 -2.255265 0 228 255
-53.699335 38.673267 1.175507 225 255 29
-112.621849 -8.083260 5.066136 253 0 0
56.348659 67.699074 -3.155518 0 162 255
34.027025 87.927155 -1.648272 18 255 236
-92.079383 -8.169624 4.022281 255 75 0
59.190155 80.910837 -0.668300 90 255 164
107.964146 -16.064406 -4.234412 0 83 255
-75.282125 43.686037 -0.974677 67 255 187
24.754192 -81.362068 -3.193229 0 159 255
-19.653699 55.396247 4.544024 255 36 0
27.627838 -56.358022 -5.371529 0 0 254
-91.766010 68.879474 -4.366718 0 73 255
95.550427 -79.145527 3.806216 255 90 0
-49.497439 18.739920 -2.821049 0 187 255
33.937921 -89.148365 -1.664298 17 255 237
-63.793720 -0.267742 -1.464252 31 255 223
-76.830538 -9.571779 2.215274 255 207 0
110.079611 82.963863 3.189939 255 136 0
-58.053537 75.276820 2.873170 255 159 0
109.097264 26.410325 -1.431923 34 255 220
86.570530 15.414673 -2.391812 0 218 255
13.742364 70.234646 -3.306302 0 151 255
14.862564 8.751603 2.616548 255 178 0
-112.732842 -8.251806 4.924184 255 8 0
64.897547 -78.363804 -0.999548 65 255 189
43.894401 64.658253 -5.514781 0 0 244
20.627707 -5.623425 4.827153 255 15 0
75.233730 -48.075389 0.956935 209 255 45
-7.027772 -62.825186 1.497154 249 255 5
-28.201087 -24.227507 -1.821372 5 255 249
57.792194 14.461541 2.225448 255 207 0
-1.243271 56.745753 0.846814 201 255 53
25.513540 -13.863950 4.297246 255 54 0
-83.393116 80.158475 -2.038671 0 244 255
-71.773097 -88.961802 -0.184714 125 255 129
-76.203039 -12.818087 1.185890 226 255 28
72.663800 -66.554103 1.095621 219 255 35
118.492280 -44.091578 2.856966 255 160 0
113.684234 -73.473382 4.384071 255 48 0
12.532999 72.490546 -2.639206 0 200 255
68.325743 -41.560298 -0.227013 122 255 132
-91.093438 3.025761 4.760279 255 20 0
-40.962181 -55.217649 5.643937 210 0 0
105.446263 -36.224048 0.973425 210 255 44
-48.791223 68.790621 4.847475 255 14 0
-81.966013 -34.494446 -0.412318 109 255 145
-15.873427 -52.257752 3.419246 255 119 0
64.357844 -50.916823 -1.188803 52 255 202
116.925564 77.513369 3.580100 255 107 0
-112.294992 20.537835 2.696793 255 172 0
32.815803 44.776502 -3.622962 0 128 255
81.640462 -57.891074 2.988277 255 151 0
75.814667 -17.031064 -0.695098 88 255 166
100.632880 -52.801184 4.934505 255 8 0
35.061714 49.078585 -4.305293 0 77 255
83.734062 -87.031525 1.879299 255 232 0
-23.375813 4.778462 -5.538489 0 0 242
21.811774 -84.070656 -1.937882 0 251 255
11.768558 -43.761759 -1.595599 22 255 232
-13.882567 -23.905573 -1.311649 42 255 212
-12.377510 34.014088 0.423282 170 255 84
49.726459 52.504725 -3.742112 0 119 255
-83.747865 22.308274 0.991072 212 255 42
80.062193 20.291772 -1.056039 61 255 193
50.334133 30.783912 0.301332 161 255 93
-71.557493 0.432886 0.829953 200 255 54
-36.283914 6.861014 -6.365149 0 0 181
81.927631 43.982785 0.949176 209 255 45
-18.250065 -17.236501 -2.666072 0 198 255
83.423951 -77.529015 2.089570 255 217 0
-24.347184 45.375448 3.586304 255 107 0
118.344011 25.311353 -1.542533 26 255 228
-26.208619 6.264439 -5.704071 0 0 230
116.083320 -85.301978 1.689470 255 246 0
-27.718824 49.915003 4.886787 255 11 0
-19.092344 17.803480 -2.860212 0 184 255
-78.213519 76.142347 -2.193500 0 233 255
68.683477 -47.680102 -0.040435 136 255 118
-101.154092 49.878376 -5.155776 0 15 255
67.613671 -34.223682 0.088949 145 255 109
-0.428430 13.847301 -0.506880 102 255 152
86.675873 -47.295539 2.945604 255 154 0
29.012794 -8.998370 5.492144 222 0 0
107.290871 -39.583706 2.044483 255 220 0
3.556004 19.003363 0.706399 191 255 63
-65.692422 -2.610128 -1.479067 30 255 224
101.699026 27.433862 -0.879295 74 255 180
94.559367 -31.011946 -0.383100 111 255 143
81.646857 45.360255 1.960990 255 226 0
23.932576 -78.097280 -4.177902 0 87 255
-56.854070 9.878291 -2.569403 0 205 255
-115.824930 -52.917854 -3.500764 0 137 255
74.916013 -52.194862 1.017008 214 255 40
38.300771 31.594078 -0.158378 127 255 127
-14.264021 -41.280727 1.572100 254 255 0
3.328213 -31.947029 -0.360892 112 255 142
69.213794 -3.079445 -0.305854 116 255 138
-64.504478 -47.515907 1.343337 238 255 16
-115.048785 -13.438337 3.634174 255 103 0
-97.355824 39.293099 -1.657537 17 255 237
117.241325 -52.496989 4.119796 255 67 0
-69.860938 -33.557221 -0.265973 119 255 135
114.553941 62.426229 5.215344 242 0 0
-113.257144 52.917945 -5.234817 0 9 255
41.301171 -34.497280 -0.917536 71 255 183
6.472496 42.113260 -1.022852 64 255 190
-1.277218 34.824305 -0.450312 106 255 148
-119.954291 30.432826 0.237290 156 255 98
16.217964 55.765212 -3.918861 0 106 255
27.950217 -71.380685 -4.752607 0 45 255
80.249202 -53.538067 2.839211 255 161 0
79.356410 86.328178 0.447708 172 255 82
74.609452 -8.224852 -1.146785 55 255 199
-105.813816 -76.569851 -4.510123 0 62 255
90.468730 31.801738 -0.098749 132 255 122
5.645390 -82.821326 -1.034673 63 255 191
88.601546 -73.130630 3.949209 255 80 0
98.035218 18.569736 -3.450201 0 140 255
-100.531139 -0.207201 5.444008 225 0 0
-21.577342 -76.763319 3.782847 255 92 0
1.355837 86.093168 -0.193227 125 255 129
24.524006 -54.081881 -4.664707 0 51 255
105.193276 22.451932 -2.730835 0 193 255
-111.589061 -85.847533 -2.855294 0 184 255
24.568617 -10.244131 4.607137 255 32 0
-2.003954 79.697159 0.482980 174 255 80
-87.778093 -37.600091 -1.746842 10 255 244
44.319880 -80.154529 -3.540991 0 134 255
54.739015 -36.772657 -0.866534 75 255 179
-92.479234 25.155703 1.347137 238 255 16
-94.960515 -38.625571 -2.397045 0 218 255
-2.905234 -81.251059 0.653969 187 255 67
109.610300 -21.652565 -2.030743 0 245 255
79.452990 8.840366 -1.633616 19 255 235
39.458894 -52.571314 -5.308926 0 4 255
-24.885050 -69.670612 4.832319 255 15 0
108.283950 -64.692786 5.462591 224 0 0
-6.186439 37.954897 0.582219 182 255 72
-86.746232 -20.711720 1.989774 255 224 0
23.587420 -54.978295 -4.992728 0 27 255
-97.665029 -50.426788 -4.327781 0 76 255
87.654994 -62.410209 4.243187 255 58 0
0.692875 -46.359180 0.529664 178 255 76
56.979298 19.507849 1.767634 255 240 0
84.212262 77.130107 2.670005 255 174 0
69.303705 0.874130 -0.104202 131 255 123
69.928274 -76.775875 0.531565 178 255 76
68.547410 42.999230 -0.115521 130 255 124
-27.438555 15.480354 -3.660977 0 125 255
-113.113610 -60.381099 -5.787100 0 0 224
-59.080657 -74.676559 2.316067 255 200 0
36.119993 -88.399137 -1.474510 31 255 223
-44.056363 86.413501 1.517699 250 255 4
116.699516 89.926838 1.245359 230 255 24
-44.289822 17.989779 -3.202839 0 159 255
50.022904 -66.362349 -5.000495 0 26 255
-90.600349 80.203518 -2.927956 0 179 255
-10.733113 -24.104144 -1.279554 45 255 209
72.518462 21.062353 -0.536623 99 255 155
98.463757 -18.795020 -3.571924 0 131 255
-102.670507 51.714202 -4.755209 0 44 255
73.146434 -63.973126 0.647911 186 255 68
111.652607 31.649147 -0.062882 134 255 120
-114.428668 34.824108 -0.822061 78 255 176
75.314176 80.031948 0.747643 194 255 60
-109.711847 6.952499 5.786317 200 0 0
42.613042 -18.346233 3.193205 255 135 0
117.102372 -18.293475 -3.202470 0 159 255
-99.493314 67.471364 -5.667018 0 0 232
59.094672 -15.050703 2.104911 255 215 0
-93.484606 12.097935 4.393594 255 47 0
20.131363 -75.363905 -3.250592 0 155 255
-36.812245 82.945553 2.907277 255 156 0
13.960177 -35.773804 -0.432766 107 255 147
61.959124 57.480999 -1.144771 55 255 199
-73.577753 39.822884 -0.234721 122 255 132
-48.137638 -83.996338 2.511698 255 186 0
-92.267222 64.038679 -5.116336 0 18 255
-22.148743 -83.990824 2.540656 255 183 0
-100.568146 -12.297212 5.067723 253 0 0
-113.129410 -40.034681 -2.089948 0 240 255
55.910555 -0.297291 3.280993 255 129 0
49.007571 -22.114064 2.495250 255 187 0
-113.041542 82.582214 -3.059371 0 169 255
36.885336 26.595861 0.951296 209 255 45
41.970729 88.697993 -2.188880 0 233 255
-37.472177 69.946725 5.832357 197 0 0
-49.338010 21.947974 -2.207094 0 232 255
-64.864005 41.051221 0.821282 199 255 55
24.649371 0.446935 4.902880 255 10 0
-87.993646 42.644378 -1.919429 0 253 255
11.606793 -81.824095 -1.886276 0 255 254
-22.569823 15.388362 -4.201443 0 85 255
2.977207 -24.657587 -0.043750 136 255 118
62.097336 -3.974724 2.375852 255 196 0
-65.921703 -35.381607 0.787828 197 255 57
-44.911448 -9.320171 -4.758538 0 44 255
-4.418067 75.453514 0.773052 196 255 58
-41.916402 81.457060 3.916604 255 82 0
43.814172 -64.154825 -5.069120 0 21 255
-85.833558 -39.339353 -2.377424 0 219 255
99.900280 85.192834 2.596421 255 179 0
106.287292 -68.642807 5.931249 189 0 0
-89.727298 -62.795605 -4.730166 0 46 255
-3.210040 -13.452755 0.006235 139 255 115
-37.033171 10.636895 -5.343281 0 1 255
-37.352562 -22.920477 -2.142631 0 236 255
-71.965959 -41.796262 -0.368443 112 255 142
9.152000 -49.583956 -1.828497 4 255 250
72.594323 -68.624781 0.879364 203 255 51
-63.121567 -63.932488 2.083290 255 217 0
68.133781 31.219797 -0.271980 119 255 135
59.589754 -4.176458 3.038641 255 147 0
31.337229 80.924748 -3.469610 0 139 255
93.011742 53.899305 5.278927 237 0 0
24.532192 -65.411411 -5.780751 0 0 224
71.967853 -88.112919 -0.053979 135 255 119
109.302361 23.168524 -2.179241 0 234 255
84.981378 86.414581 1.402283 242 255 12
18.224715 -60.543583 -5.060628 0 22 255
-50.062884 -3.953983 -5.072029 0 21 255
24.982634 -68.051745 -5.934973 0 0 213
53.087496 26.800408 0.882967 204 255 50
52.697495 46.603580 -2.752869 0 192 255
-24.525248 49.275379 3.005110 255 149 0
59.902229 54.628171 -2.356137 0 221 255
-40.285047 -85.650081 2.731502 255 169 0
-89.267069 -40.334834 -2.210022 0 231 255
109.950013 -72.889172 4.892495 255 11 0
100.425691 -10.983486 -4.634621 0 53 255
-18.268230 -61.266739 3.561006 255 108 0
12.037050 -12.002563 2.667433 255 174 0
-116.287372 -62.424374 -4.903706 0 34 255
108.568978 -80.805784 3.689859 255 99 0
-35.023176 -78.535250 4.495506 255 40 0
26.729686 29.179374 1.127821 222 255 32
-87.632819 67.064189 -4.313592 0 77 255
-86.772358 -0.838000 4.374714 255 49 0
20.849582 65.692413 -4.713163 0 48 255
41.620278 83.838991 -2.795359 0 188 255
114.943657 39.811890 2.521256 255 185 0
47.935125 41.502391 -1.722281 12 255 242
26.660581 -9.258856 4.787887 255 18 0
25.098654 -76.083393 -3.857433 0 110 255
-54.017110 46.780361 2.290486 255 202 0
-31.249269 80.432765 4.047123 255 73 0
30.148527 16.122356 4.488896 255 40 0
-87.318466 -43.711342 -2.671242 0 198 255
-47.435911 50.235037 3.430796 255 118 0
-79.693241 9.128290 2.378538 255 195 0
-111.348015 -62.671559 -6.016244 0 0 207
-11.668378 45.716007 2.398023 255 194 0
-30.432654 8.052281 -4.811366 0 40 255
14.313264 45.633760 -2.036149 0 244 255
-24.402092 46.327774 3.863712 255 86 0
-102.489506 -1.785825 5.631320 211 0 0
86.653123 46.072737 2.598866 255 179 0
-110.586331 -30.651682 0.381913 167 255 87
-114.816187 44.884752 -3.695332 0 122 255
-114.627450 -65.989870 -4.971765 0 29 255
69.460771 -61.660079 -0.466552 105 255 149
-31.578215 44.175464 3.633719 255 103 0
107.079346 83.646168 2.942136 255 154 0
-43.947838 -78.238919 4.085322 255 70 0
-21.896359 83.422682 1.830722 255 236 0
47.738145 -72.123275 -4.412453 0 70 255
107.425513 72.275617 5.054900 254 0 0
99.103642 7.717069 -5.839113 0 0 220
-29.855198 -17.158343 -3.979903 0 101 255
43.341607 -6.600116 4.875561 255 12 0
-105.302824 30.207139 0.587033 182 255 72
17.282291 -74.835441 -4.257839 0 81 255
35.009654 76.699809 -4.392050 0 71 255
-53.476422 -18.647198 -1.865759 2 255 252
37.433440 -26.148149 1.445779 245 255 9
-46.585625 -5.417507 -5.053508 0 23 255
63.983250 10.596396 1.245637 230 255 24
-102.756772 -85.144485 -2.490828 0 211 255
5.132486 -39.571395 -0.496316 102 255 152
108.022279 37.779235 1.539533 252 255 2
30.940943 -40.886732 -2.522737 0 208 255
105.652174 75.962248 4.751191 255 21 0
107.355362 52.501969 4.864743 255 13 0
63.121960 -60.325286 -1.672002 16 255 238
72.992125 -47.487423 0.759006 195 255 59
56.314971 3.000146 3.217107 255 134 0
2.489701 -20.863431 0.782124 196 255 58
69.503464 32.535070 -0.355201 113 255 141
69.251753 0.261760 -0.322725 115 255 139
86.914233 -27.526582 -0.082105 133 255 121
-118.311601 24.336391 0.957525 209 255 45
-111.195298 5.851973 4.682925 255 26 0
-8.659187 -49.244561 1.917688 255 229 0
52.232932 38.487357 -1.595281 22 255 232
-19.410268 -14.380856 -3.494771 0 137 255
-28.380596 41.614134 2.213502 255 207 0
-115.125871 19.048151 2.618555 255 178 0
25.615525 30.281008 -0.237035 121 255 133
109.232769 54.217102 5.106313 250 0 0
27.792176 -57.875867 -5.782962 0 0 224
-61.173097 -39.595442 1.156827 224 255 30
32.581159 -81.116234 -3.688675 0 123 255
-31.171757 14.121408 -4.246979 0 82 255
-32.148627 -14.674284 -4.450293 0 67 255
-106.542183 -57.724807 -6.444808 0 0 175
51.352565 6.437023 4.323874 255 52 0
-119.824988 61.770624 -5.347413 0 1 255
81.678387 22.695059 -1.090433 59 255 195
-118.448384 35.882895 -0.765689 83 255 171
66.830388 -58.929766 -1.086197 59 255 195
-36.105232 -16.538993 -3.570255 0 132 255
-36.198940 -14.270572 -4.295325 0 78 255
-2.348652 -4.885387 -0.651515 91 255 163
-75.718795 61.508973 -1.557422 24 255 230
-70.331805 17.822810 -0.008612 138 255 116
51.349365 -11.074693 4.212409 255 61 0
98.073817 75.810401 4.571682 255 34 0
-86.253932 67.947805 -3.509650 0 136 255
-53.951648 -38.430661 1.672658 255 247 0
115.506055 -28.370586 -1.017311 64 255 190
44.895310 -64.017379 -5.265618 0 7 255
100.066914 19.556664 -3.309584 0 151 255
-27.466191 -26.775535 -0.690148 88 255 166
64.380928 -56.852244 -1.564094 24 255 230
50.454836 61.741691 -4.637292 0 53 255
58.633914 50.660417 -2.376068 0 219 255
-5.657790 -41.110247 0.201498 154 255 100
-49.623076 -88.404774 1.207437 228 255 26
-32.532638 13.244395 -4.667895 0 51 255
-85.589028 85.686718 -2.270957 0 227 255
-101.114349 78.782246 -3.806209 0 114 255
-28.764855 55.197371 4.966242 255 5 0
85.664291 5.880247 -3.157543 0 162 255
-40.580700 60.331919 6.035950 182 0 0
14.574304 64.739806 -3.644527 0 126 255
77.703075 -60.534227 2.147930 255 212 0
-94.782678 84.827368 -3.042903 0 170 255
-31.095062 84.973901 2.040330 255 220 0
-31.201497 72.201840 5.774032 201 0 0
50.846487 86.751039 -1.506176 28 255 226
96.984571 0.489007 -5.826334 0 0 221
-118.175176 83.462348 -2.650066 0 199 255
10.675954 -21.952554 1.698007 255 245 0
-119.272061 59.617384 -4.414182 0 69 255
-47.819658 -72.666016 4.255779 255 57 0
-23.993455 20.893394 -2.957385 0 177 255
-52.584546 35.841803 1.145804 223 255 31
-20.946569 77.908814 3.543082 255 110 0
-33.253939 70.832613 5.606751 213 0 0
-0.263945 -43.004836 0.014706 140 255 114
-59.991412 30.357428 -0.252407 120 255 134
-26.362856 -52.638817 5.448121 225 0 0
-67.355161 7.217305 -0.357647 113 255 141
-19.138454 10.931538 -4.049533 0 96 255
49.974739 -39.151925 -1.494609 29 255 225
-112.666490 -15.529953 4.192569 255 62 0
119.673768 59.868520 3.959893 255 79 0
-84.273497 -25.141876 1.041267 215 255 39
70.066857 -74.074520 0.206421 154 255 100
-51.003684 68.310610 4.619175 255 31 0
-102.929632 -28.298364 0.881062 204 255 50
69.399589 53.187502 0.139048 149 255 105
15.617454 18.966186 1.811700 255 237 0
-56.889629 -64.697701 3.667911 255 101 0
-28.721802 -61.391840 6.355211 158 0 0
87.434022 35.182865 0.583112 182 255 72
49.608479 -26.145222 1.199916 227 255 27
-53.185173 82.989792 2.988946 255 150 0
-63.137421 35.886516 0.199937 154 255 100
15.774298 -85.970154 -1.692765 14 255 240
-91.074767 -60.588846 -4.498181 0 63 255
-65.059221 50.279713 0.288811 160 255 94
73.304569 21.179226 -1.310886 43 255 211
54.095935 -43.704525 -2.704803 0 195 255
-113.864142 -25.682604 2.421976 255 192 0
-12.649632 -63.991399 2.630670 255 177 0
-24.323729 -28.989956 -0.872874 75 255 179
57.304577 -61.256512 -3.070722 0 168 255
-17.832272 12.104162 -4.143298 0 89 255
-65.460606 -80.268623 0.426709 170 255 84
81.980729 -65.233842 3.015710 255 149 0
-73.555087 -45.652980 -0.158382 127 255 127
35.384705 32.406382 -0.529851 100 255 154
-52.223862 -37.290432 1.660078 255 248 0
28.512677 -87.848421 -1.991995 0 247 255
-78.559087 -82.077680 -1.199398 51 255 203
90.250316 11.292091 -3.767134 0 117 255
-31.306718 -75.947636 4.300486 255 54 0
43.328727 71.926520 -4.851470 0 37 255
59.968061 -54.253058 -2.060326 0 242 255
-7.749040 -6.471603 -1.374334 38 255 216
9.340770 -52.641697 -2.075355 0 241 255
-91.480828 16.872704 3.767470 255 93 0
9.840705 46.784431 -1.447668 32 255 222
7.616183 25.487060 0.470601 173 255 81
94.826806 -40.602774 2.659048 255 175 0
-35.547876 -24.903231 -1.935993 0 252 255
-83.266515 43.046203 -1.323699 42 255 212
-22.600082 34.895711 0.439230 171 255 83
68.499893 -57.417977 0.114991 147 255 107
-117.242593 -71.772952 -4.659878 0 51 255
-111.312657 -38.595917 -1.785088 8 255 246
119.701537 24.635069 -1.357084 39 255 215
13.320038 -5.305981 2.660274 255 175 0
52.437692 82.067346 -2.702694 0 195 255
-8.157117 4.885867 -2.310727 0 224 255
-73.142612 -9.594608 1.385772 241 255 13
40.154733 -40.804807 -2.908724 0 180 255
-62.103731 -38.662204 0.966733 210 255 44
-11.564291 33.571581 0.764858 195 255 59
-69.593062 -34.535150 0.180929 152 255 102
97.924985 -68.327631 4.935140 255 7 0
-25.546377 39.976301 1.926062 255 229 0
46.663461 -35.501385 -0.974791 67 255 187
-76.292942 -87.038932 -0.641306 92 255 162
26.157900 79.756524 -3.939392 0 104 255
-49.120221 56.142395 4.731352 255 22 0
-91.470135 89.797370 -1.103915 58 255 196
-44.136514 34.756613 1.045353 216 255 38
-104.671213 -28.783344 1.306705 235 255 19
24.629974 58.319090 -5.415589 0 0 251
13.306324 58.722457 -3.252526 0 155 255
84.900551 -19.338216 -2.656794 0 199 255
-113.491666 10.259182 4.661374 255 28 0
-22.007597 -28.485182 -0.612724 94 255 160
116.289478 26.312364 -0.455331 105 255 149
-36.739597 13.519956 -4.654871 0 52 255
-105.950059 -66.369094 -5.735595 0 0 227
71.976295 -84.875954 0.029703 141 255 113
-97.638586 -2.782390 5.493905 221 0 0
51.389326 -2.785414 4.336496 255 51 0
6.248890 16.074494 1.171081 225 255 29
90.445023 -21.819880 -2.331204 0 223 255
3.201400 32.523499 0.334153 163 255 91
43.002167 25.406930 1.639686 255 250 0
-58.275265 -5.215364 -3.131877 0 164 255
115.925114 -2.701266 -4.547580 0 60 255
-69.842051 -2.241634 -0.499954 102 255 152
80.763381 38.534138 1.317269 236 255 18
43.707395 -48.980292 -4.097865 0 93 255
-4.401180 78.195883 0.820857 199 255 55
-30.373128 61.296519 5.717854 205 0 0
-99.516698 54.305038 -5.553700 0 0 241
70.366965 -51.733679 -0.360239 112 255 142
-65.418610 -35.406612 0.518473 177 255 77
89.390058 -61.721899 5.256986 239 0 0
93.113035 -4.955001 -5.510812 0 0 244
-69.537016 -37.651567 -0.299087 117 255 137
-50.186400 -14.126256 -3.570910 0 131 255
50.640606 7.920176 4.220622 255 60 0
63.499198 8.909215 1.800300 255 238 0
-108.313760 68.064283 -5.964257 0 0 211
78.189000 -18.974041 -1.898571 0 254 255
75.931748 -44.001054 0.971745 210 255 44
29.533617 1.528852 5.613386 213 0 0
93.873748 -7.184000 -4.977786 0 28 255
114.220653 16.812860 -4.054838 0 96 255
-70.803898 -67.296806 -0.256135 120 255 134
106.345015 -87.857537 2.291638 255 202 0
86.831913 69.435123 3.923814 255 82 0
21.027118 12.995210 4.220319 255 60 0
-93.488447 -74.014352 -4.937443 0 31 255
110.784911 -87.353213 2.296098 255 201 0
58.384547 25.199727 0.701162 190 255 64
-31.183421 64.397264 5.965623 187 0 0
-42.557410 -70.784736 4.659059 255 28 0
108.224131 77.134190 4.758024 255 20 0
-64.615206 54.388594 1.165786 225 255 29
76.870333 -5.193250 -1.523534 27 255 227
-13.537156 -79.518621 2.373599 255 196 0
47.204693 -32.630672 -0.662843 90 255 164
77.178330 62.045309 2.325487 255 199 0
-96.113284 63.068945 -5.113425 0 18 255
-57.510273 -64.573406 3.182234 255 136 0
-92.647097 -1.944671 4.976849 255 4 0
-23.488252 70.766794 5.028661 255 1 0
-85.962160 -23.386657 1.655467 255 248 0
99.718735 6.371368 -5.846670 0 0 219
69.041265 -67.866828 -0.648266 91 255 163
19.512122 -4.366845 4.770445 255 20 0
-74.194904 -80.570387 -1.013588 64 255 190
-69.466171 69.759844 -0.238354 121 255 133
22.124558 -9.784498 4.474456 255 41 0
97.821033 -77.114953 4.324623 255 52 0
103.859280 -48.023343 4.082552 255 70 0
102.996342 51.627345 4.835319 255 15 0
-42.554098 75.163548 4.613661 255 31 0
47.456390 77.949931 -4.741321 0 45 255
4.489646 38.965001 -0.688936 88 255 166
13.314861 -80.944781 -2.559893 0 206 255
42.513887 32.599607 -0.096257 132 255 122
-49.310178 -5.277297 -4.727886 0 46 255
-55.763056 9.749525 -2.967257 0 176 255
-21.051828 -45.830447 3.388912 255 121 0
-64.039589 -88.528177 0.081370 145 255 109
86.510673 42.064164 2.436113 255 191 0
-32.160264 -4.115136 -5.882056 0 0 217
-110.756991 22.420893 2.549544 255 183 0
31.934646 37.086958 -2.271929 0 227 255
116.659512 -54.757511 4.624019 255 30 0
11.782933 14.380677 2.446318 255 190 0
-52.073393 78.958182 2.789435 255 165 0
96.511722 -12.674606 -4.145970 0 89 255
31.145652 8.969319 4.989580 255 3 0
28.593698 -32.616327 -0.647695 91 255 163
-9.473167 13.752097 -2.331246 0 223 255
65.118365 68.794049 -1.637967 18 255 236
40.906035 -31.462291 -0.924543 71 255 183
11.094552 -9.550335 2.140135 255 213 0
-39.750160 -21.294254 -2.286635 0 226 255
68.207091 64.693452 -0.277999 118 255 136
98.570895 -64.728618 5.576896 215 0 0
-98.077952 -40.134665 -1.947385 0 251 255
-113.718780 6.072079 5.042761 255 0 0
-96.117208 -33.567029 -0.875009 75 255 179
89.542631 -63.344689 4.350855 255 50 0
28.176585 -27.452391 1.446080 245 255 9
-24.631109 -37.367328 1.727187 255 243 0
114.069885 28.976145 -0.786983 81 255 173
106.658872 75.303841 4.734146 255 22 0
-18.224279 -54.752379 3.844682 255 88 0
-31.294960 -85.377269 2.696283 255 172 0
7.881110 14.930440 1.748274 255 242 0
22.236562 -75.319462 -3.875969 0 109 255
82.072522 -0.719594 -2.930783 0 178 255
90.814252 -48.038021 3.738412 255 95 0
-51.634604 -33.425079 0.203800 154 255 100
85.018334 38.196440 0.877338 203 255 51
-101.422262 19.903769 2.912298 255 156 0
-70.013729 78.438537 -0.292214 117 255 137
-19.274642 45.071841 3.586877 255 107 0
-101.795670 6.317827 5.769081 201 0 0
-36.767163 -41.073278 3.134323 255 140 0
-113.467631 4.844467 5.186212 244 0 0
73.355353 41.627408 0.773693 196 255 58
42.294886 -77.876514 -4.129710 0 90 255
-57.591730 83.100567 2.035803 255 221 0
5.573603 77.693661 -1.605854 21 255 233
-26.452667 -7.908189 -4.634146 0 53 255
76.702582 3.118128 -1.682207 15 255 239
-49.457181 -87.737043 1.258041 231 255 23
-63.283413 -87.678225 0.701629 190 255 64
66.350000 -46.414572 -0.969936 68 255 186
61.507221 27.308595 0.738251 193 255 61
48.868949 -67.332219 -4.362216 0 73 255
-104.664164 85.279296 -2.759394 0 191 255
-110.085505 76.135883 -4.741383 0 45 255
103.206775 27.187567 -1.220408 49 255 205
113.385898 -44.023234 3.229229 255 133 0
-70.862644 87.714165 0.310413 162 255 92
-2.016516 -45.435348 0.095964 146 255 108
-8.795634 -2.453596 -2.468097 0 212 255
-51.907682 79.878502 2.737886 255 169 0
-101.128299 -30.322319 0.726217 192 255 62
-59.270699 -27.061325 -0.127479 129 255 125
110.616524 86.022494 2.803155 255 164 0
-13.738925 38.987919 0.772982 196 255 58
-70.547311 -36.788378 0.676341 189 255 65
-101.848114 -65.765160 -6.865732 0 0 144
35.012248 -75.221491 -4.837875 0 38 255
81.710498 -50.348597 2.496601 255 187 0
-59.531530 -9.542765 -2.352253 0 221 255
61.070073 39.708000 -0.107840 131 255 123
-114.819222 -68.121602 -4.783721 0 42 255
-88.974792 -21.602516 2.556033 255 182 0
33.294501 88.127580 -2.049635 0 243 255
-97.382135 -88.924564 -0.692945 88 255 166
-8.401870 72.991766 1.590369 255 253 0
-3.703460 -3.185339 -0.735908 85 255 169
-113.278924 37.591305 -1.146443 55 255 199
77.376238 -52.197744 1.993613 255 224 0
57.227214 17.562447 2.200086 255 208 0
69.769731 -19.214282 0.276378 159 255 95
36.581481 -61.836596 -6.301916 0 0 186
-52.402289 25.176367 -1.025357 64 255 190
46.760179 -29.880579 0.414607 169 255 85
17.193039 -65.138537 -3.798723 0 115 255
29.652155 7.129686 5.405829 228 0 0
60.523684 3.352575 2.753477 255 168 0
-50.553650 -70.282543 3.922181 255 82 0
99.347187 -81.014853 3.935336 255 81 0
-9.090982 82.678373 1.733493 255 243 0
-44.140693 -71.969340 4.565279 255 35 0
6.681528 -36.181702 -0.678738 89 255 165
113.563038 6.621164 -5.666496 0 0 232
49.138141 10.910540 4.054598 255 72 0
-97.119562 80.038697 -4.399650 0 71 255
-53.767617 26.056266 -1.108201 57 255 197
41.641200 -51.635426 -5.106476 0 19 255
109.841601 -58.002485 5.773956 201 0 0
9.316309 -18.531541 1.430864 244 255 10
9.763682 -76.694076 -1.211292 50 255 204
-119.815475 87.611606 -1.295012 44 255 210
-83.251058 65.894536 -3.282024 0 153 255
73.402998 61.873355 1.138055 222 255 32
-61.922567 -86.468612 1.145517 223 255 31
8.748771 61.564800 -2.178552 0 234 255
43.879924 -59.841490 -5.633141 0 0 235
22.927269 -52.949740 -4.155090 0 89 255
63.891928 82.536018 -0.621952 93 255 161
34.635183 -26.679195 0.664728 188 255 66
-45.670565 32.312223 -0.027934 137 255 117
20.535529 -43.432914 -2.599095 0 203 255
47.076996 -42.101221 -2.060700 0 242 255
-103.358082 58.052218 -5.437989 0 0 249
111.792701 78.019901 4.199148 255 62 0
28.649159 -8.822738 5.314709 235 0 0
114.115520 21.837785 -2.246850 0 229 255
87.030563 -89.994855 0.885873 204 255 50
-112.484227 -89.744924 -0.895914 73 255 181
-100.185121 52.620181 -5.444891 0 0 249
85.396108 -74.640242 3.455422 255 116 0
-61.028535 78.263008 1.292812 234 255 20
98.819681 68.883640 5.338804 233 0 0
115.078548 54.814501 4.948141 255 7 0
64.547089 77.168579 -0.646018 91 255 163
29.905003 38.677043 -2.915223 0 180 255
-14.625722 -30.783967 0.275176 159 255 95
98.098178 -83.441446 2.640437 255 176 0
30.923768 45.399367 -3.779530 0 116 255
-97.536679 -88.840025 -0.905454 72 255 182
54.293696 82.552486 -2.344320 0 222 255
-40.446359 -37.805343 0.997125 212 255 42
-87.412485 -17.544620 3.297446 255 128 0
-32.039615 -51.184811 4.922114 255 8 0
86.083134 52.235953 3.397131 255 120 0
58.147022 81.475330 -1.574615 23 255 231
-28.782225 81.163887 3.144475 255 139 0
77.729503 24.571817 -1.059455 61 255 193
14.276710 -3.105833 3.045753 255 146 0
-38.675588 62.096102 5.898673 192 0 0
-95.500128 5.549441 5.018221 255 1 0
43.618339 68.792605 -5.345497 0 1 255
-60.535191 21.201744 -1.023496 64 255 190
1.365746 63.359968 -0.653503 91 255 163
-62.513286 58.128682 1.727117 255 243 0
31.495233 -17.942568 3.794383 255 91 0
-105.906656 -64.747968 -6.563737 0 0 167
-53.075013 -6.026994 -3.343014 0 148 255
30.109587 -79.586075 -3.300129 0 151 255
82.303014 -7.969826 -2.978216 0 175 255
55.016327 -5.203137 3.829015 255 89 0
-50.847611 72.724664 4.186912 255 62 0
-24.620333 20.924131 -3.199340 0 159 255
0.300015 0.376245 -0.142373 128 255 126
107.165592 -9.089968 -5.309069 0 4 255
-77.456687 74.105011 -1.901871 0 254 255
69.314498 -88.699021 0.513982 177 255 77
-92.728815 62.130349 -5.034909 0 24 255
81.450676 -2.913186 -2.869376 0 183 255
-93.388490 -3.242226 4.699626 255 25 0
-28.204695 -43.560280 2.776321 255 166 0
-31.270761 -4.966673 -5.949849 0 0 212
40.118009 -74.419789 -4.450160 0 67 255
-44.135343 65.681259 4.960681 255 6 0
73.434991 26.236804 -0.333444 114 255 140
116.503785 84.020407 2.673417 255 174 0
52.409004 46.348156 -3.120594 0 165 255
-114.885760 -38.653097 -2.212598 0 231 255
-96.960021 -63.195392 -5.823482 0 0 221
72.914825 83.365214 0.016832 140 255 114
-21.973028 38.626611 0.866734 203 255 51
2.985696 -20.821936 -0.159298 127 255 127
82.867055 70.879280 3.428729 255 118 0
51.299393 -40.265771 -2.457274 0 213 255
6.488598 -48.389123 -0.987251 66 255 188
-47.947387 -54.920926 3.863759 255 86 0
-100.716098 14.120502 4.354377 255 50 0
-92.888720 74.393024 -4.812976 0 40 255
-107.281358 -27.323270 0.832403 200 255 54
-24.040834 -60.922345 5.454542 224 0 0
107.425077 73.482854 4.863488 255 13 0
-93.473793 66.930558 -5.136669 0 16 255
3.604526 -24.084065 -0.618925 93 255 161
27.827665 -7.426470 4.734151 255 22 0
105.922700 -50.428403 5.274936 237 0 0
118.781328 -15.213572 -3.301861 0 151 255
37.375525 7.383065 5.358471 231 0 0
19.193817 1.374184 4.494372 255 40 0
49.774028 74.802730 -3.851120 0 111 255
-15.401735 -42.439324 1.992218 255 224 0
67.299524 78.580801 -0.511007 101 255 153
80.850937 30.631024 -0.102735 131 255 123
-68.401907 86.929105 0.214365 155 255 99
6.834214 80.178389 -0.670680 90 255 164
-44.808274 71.834205 4.709621 255 24 0
-89.957496 -69.701387 -5.271528 0 6 255
-18.999222 86.290719 1.925589 255 229 0
25.175728 66.253354 -4.752353 0 45 255
4.236529 -42.676377 0.055247 143 255 111
-27.776283 -77.212993 4.339983 255 51 0
13.392509 -15.383371 2.605427 255 179 0
1.163028 50.442706 0.657970 187 255 67
-113.463017 -40.059955 -2.879531 0 182 255
45.604699 -55.645620 -4.833975 0 39 255
69.322721 -49.764563 0.013769 140 255 114
-9.226530 -19.374365 -1.698013 14 255 240
36.344042 -30.752964 0.356381 165 255 89
-61.956179 88.913130 0.564644 180 255 74
55.057476 -39.813666 -1.849725 3 255 251
-10.789190 -58.857803 2.678935 255 173 0
33.802760 -15.879273 4.979773 255 4 0
41.437366 75.702571 -4.589949 0 57 255
-16.338978 -55.940592 3.663161 255 101 0
-75.065132 -47.412799 -0.544363 99 255 155
105.114369 -48.480741 4.613392 255 31 0
78.845243 17.046875 -1.335309 41 255 213
-28.026224 -49.432832 4.694038 255 25 0
-29.174673 34.400246 0.802070 198 255 56
83.396714 30.953107 0.176470 152 255 102
60.537332 -57.452757 -2.653301 0 199 255
-53.437960 -23.676698 -1.355783 39 255 215
77.098949 88.352024 0.349861 165 255 89
-38.707480 -45.505889 4.491895 255 40 0
82.006142 -63.310884 3.510517 255 112 0
-93.478957 60.769214 -4.659902 0 51 255
107.391289 71.665992 5.644380 210 0 0
-32.168016 -17.452629 -3.381210 0 145 255
101.038814 -32.174419 0.008273 139 255 115
-60.811374 68.252856 1.665455 255 248 0
-30.438813 -76.814114 5.056809 254 0 0
-59.157755 15.429457 -1.894620 0 255 254
20.747323 -38.069050 -1.526356 27 255 227
-59.143208 79.718525 0.970968 210 255 44
41.919331 10.108413 5.887563 192 0 0
43.129327 -21.893313 2.612038 255 178 0
64.153753 1.134792 1.603543 255 252 0
-11.211061 -2.945053 -3.034417 0 171 255
-17.302040 78.122664 3.345322 255 124 0
-59.894337 -79.933954 1.769403 255 240 0
-3.262118 19.168583 -1.629978 19 255 235
6.758460 42.158707 -1.243441 47 255 207
-53.399772 -38.161467 1.534416 252 255 2
13.892010 -6.686499 3.471136 255 115 0
-78.718200 -33.621431 -0.789162 81 255 173
-19.566114 -34.343400 0.815849 199 255 55
-42.003321 -61.449615 5.582209 215 0 0
8.084835 49.927487 -2.705220 0 195 255
66.077419 -64.198968 -0.757444 83 255 171
-112.592113 55.571929 -5.601011 0 0 237
-14.448691 -44.540129 1.865428 255 233 0
-95.867207 2.056928 5.572968 216 0 0
-34.925534 -70.931381 4.755299 255 21 0
56.665801 -36.020985 -0.560782 98 255 156
32.481631 55.999533 -5.265536 0 7 255
51.994658 -27.946760 0.548854 179 255 75
75.397658 47.041458 1.467166 247 255 7
-38.324155 52.155292 5.545404 218 0 0
-30.458018 84.225567 2.234825 255 206 0
-74.804657 -27.467517 -0.042710 136 255 118
-41.345703 82.324295 3.217456 255 134 0
28.359620 77.139747 -4.253584 0 81 255
40.826122 -44.166430 -3.887195 0 108 255
50.407155 -63.775019 -4.919195 0 32 255
8.833827 -71.197504 -2.164558 0 235 255
-107.839212 18.472912 3.776283 255 93 0
34.898041 76.894146 -4.531486 0 61 255
83.288102 24.560458 -0.757767 83 255 171
89.432063 -24.558019 -1.304249 43 255 211
-114.536872 36.533093 -1.194956 51 255 203
-29.493972 76.569127 4.419503 255 45 0
-2.084410 54.852815 0.112570 147 255 107
29.753513 20.732041 3.707837 255 98 0
71.018070 -70.223758 -0.043007 136 255 118
-113.406737 74.640380 -4.794412 0 42 255
96.052859 36.502267 1.513199 250 255 4
-15.296912 -82.147551 1.834821 255 235 0
111.916503 70.464219 5.425970 226 0 0
69.348735 31.857908 -0.207002 124 255 130
-24.841019 11.129776 -4.547562 0 60 255
108.127671 -38.982905 2.848872 255 161 0
-8.445208 -50.676042 1.867268 255 233 0
-93.959578 -20.475219 2.796201 255 165 0
-71.829027 22.144517 0.655834 187 255 67
8.658504 -62.845311 -2.122098 0 238 255
62.004512 -14.865840 1.756820 255 241 0
-45.343821 -56.923081 4.661727 255 28 0
105.089887 -62.801656 5.766852 201 0 0
-58.466188 -19.708252 -1.245952 47 255 207
114.580156 -84.706201 2.349724 255 197 0
35.676225 -23.459068 2.199073 255 209 0
56.298109 51.157791 -2.164798 0 235 255
-27.186335 -75.103742 4.505083 255 39 0
7.646619 -68.700773 -1.521379 27 255 227
-35.318449 -20.599319 -2.993962 0 174 255
1.234968 86.770838 -0.119172 130 255 124
82.079883 35.870739 0.810234 198 255 56
64.158999 7.913135 1.337501 237 255 17
77.936348 -71.949702 1.553741 253 255 1
-20.934434 -85.719920 2.360464 255 197 0
-48.683342 82.540718 2.686448 255 173 0
22.078525 15.906591 4.042694 255 73 0
108.540832 -56.379271 5.703080 206 0 0
49.407415 1.447723 4.629324 255 30 0
-64.178367 -50.947478 0.441971 171 255 83
70.199541 -41.900199 0.006653 139 255 115
92.624091 48.333210 4.119187 255 67 0
56.862940 49.385310 -2.687071 0 196 255
54.150646 33.419008 -0.327889 115 255 139
42.532647 82.448699 -3.846693 0 111 255
15.845555 -76.285385 -2.892811 0 181 255
-25.385850 -4.732575 -5.381695 0 0 253
52.276619 30.950533 -0.385155 111 255 143
-18.890503 -36.618913 1.653389 255 249 0
-77.455275 45.366288 -1.112388 57 255 197
94.981970 -1.045770 -5.426114 0 0 250
99.812349 12.594045 -4.795432 0 41 255
-89.828945 -82.360728 -2.761398 0 191 255
73.051069 73.191752 0.685791 189 255 65
28.946246 78.790879 -3.859946 0 110 255
-40.628327 -26.466767 -1.488369 29 255 225
-40.866698 -21.746772 -2.565138 0 205 255
-84.971974 73.462491 -2.730475 0 193 255
-12.921648 12.473580 -2.565399 0 205 255
-69.100705 15.582606 0.097825 146 255 108
41.419271 63.505424 -5.349801 0 1 255
106.887709 30.872529 -0.163794 127 255 127
-48.626159 16.110394 -3.191725 0 159 255
-57.990771 69.768159 2.974579 255 152 0
5.166095 70.177488 -1.458353 32 255 222
-92.253767 74.307090 -4.483026 0 64 255
-85.952533 79.857162 -1.589063 22 255 232
-77.470231 34.438961 -0.346603 113 255 141
78.918545 -52.537219 2.344981 255 198 0
0.741808 61.067785 -0.343763 114 255 140
68.912090 -85.185453 -0.378971 111 255 143
79.933467 76.051384 1.386489 241 255 13
-47.613717 -89.000668 1.296246 234 255 20
-77.932739 -35.105312 0.261243 158 255 96
-105.479210 -68.580994 -5.666449 0 0 232
56.219261 -56.784977 -3.616439 0 128 255
9.213614 47.088376 -1.442141 33 255 221
84.377267 -4.892211 -3.376389 0 146 255
37.364984 -71.604636 -5.335995 0 2 255
-79.250705 42.892561 -1.808998 6 255 248
-3.689976 -61.199871 0.946308 208 255 46
-22.662487 -87.084151 2.219488 255 207 0
-91.210540 -63.574457 -4.937021 0 31 255
-86.058179 14.343710 3.635308 255 103 0
49.306761 33.093906 -0.257415 120 255 134
38.708580 -20.562405 2.972341 255 152 0
-19.143290 -74.380135 3.846440 255 87 0
-90.026487 -54.342838 -3.797021 0 115 255
-58.256609 -66.516848 2.349774 255 197 0
-14.563789 -10.593616 -3.378301 0 146 255
57.357744 20.588001 1.231931 229 255 25
-20.427059 -45.705641 3.195349 255 135 0
61.114466 -82.383140 -1.040848 62 255 192
-32.443674 33.382074 0.625505 185 255 69
24.554608 -25.532472 1.264781 232 255 22
59.551745 36.630366 -0.555476 98 255 156
-19.407658 -39.160064 1.120719 221 255 33
-7.369915 58.267973 2.263406 255 204 0
-107.010787 77.702201 -4.569924 0 58 255
-93.004823 42.495749 -2.158415 0 235 255
43.412739 -55.358220 -5.375215 0 0 254
-96.809134 -66.108154 -4.987944 0 27 255
-74.828743 3.340890 1.741088 255 242 0
-3.489844 16.602197 -0.511164 101 255 153
102.657278 64.661413 5.162679 246 0 0
119.288478 -46.415317 3.181627 255 136 0
65.975730 50.712504 -0.626740 93 255 161
-33.205749 -40.766972 2.428260 255 192 0
-77.321842 69.323442 -1.488067 30 255 224
-22.075824 88.873082 1.066875 217 255 37
-104.867853 -79.986692 -4.124699 0 91 255
-51.689268 73.119279 4.660358 255 28 0
49.906800 22.550072 2.003993 255 223 0
28.581684 -85.211810 -2.786819 0 189 255
103.194246 -29.783315 -0.558845 98 255 156
-44.710403 74.099785 4.959327 255 6 0
-19.857456 62.560412 4.263639 255 57 0
56.375764 -66.313759 -3.402332 0 144 255
-59.551089 82.956490 1.558077 253 255 1
-62.490953 81.453336 1.125253 222 255 32
114.807242 63.265755 5.571731 216 0 0
-36.515928 20.175437 -3.591826 0 130 255
90.245606 20.704893 -1.954002 0 250 255
-23.318060 -2.558228 -4.886103 0 35 255
95.837157 -88.643675 2.063316 255 219 0
78.958210 10.983944 -1.650329 18 255 236
-49.652344 89.306280 1.561257 254 255 0
-107.951336 52.651328 -5.289422 0 5 255
39.487065 3.318821 6.024682 182 0 0
-38.162585 -82.007397 3.134036 255 140 0
-40.764404 75.455199 4.867391 255 12 0
51.708623 -61.363180 -4.705976 0 48 255
-21.241180 25.301513 -1.092183 59 255 195
-53.558649 25.049031 -0.821585 78 255 176
86.637779 7.759814 -4.082606 0 94 255
70.989512 -42.434462 0.047051 142 255 112
73.693697 8.859036 -1.121358 56 255 198
-41.672772 7.924532 -5.890372 0 0 216
114.594429 33.802987 0.606795 183 255 71
2.518660 25.824273 -0.404686 109 255 145
-44.274721 12.239245 -4.849582 0 37 255
-86.623559 -88.313104 -1.568249 24 255 230
74.360570 46.185713 0.905659 205 255 49
49.241858 43.858319 -2.525044 0 208 255
104.844116 -52.227598 5.382743 230 0 0
-97.590799 85.545236 -2.643570 0 200 255
-106.880605 -46.084429 -3.763039 0 117 255
93.557891 70.715058 5.400011 228 0 0
-59.548357 -67.899542 2.079802 255 217 0
-40.464509 -64.094581 6.466580 150 0 0
-89.530773 70.824416 -4.011467 0 99 255
0.328181 -4.009752 0.042192 142 255 112
-70.361665 65.869560 -0.165462 127 255 127
-105.653135 24.245330 1.900775 255 230 0
109.023792 43.777309 3.502647 255 113 0
-86.790009 47.427641 -1.985103 0 248 255
-31.916742 71.799758 4.726471 255 23 0
-71.917229 74.382362 -0.461272 105 255 149
77.725188 -30.741024 -0.136407 129 255 125
67.502092 -11.712884 -0.005500 138 255 116
100.597493 60.489131 5.860214 194 0 0
-6.053740 -24.514607 -0.633103 92 255 162
68.824631 46.459758 0.419592 170 255 84
74.693983 82.504969 0.676807 189 255 65
81.418196 12.193052 -2.112489 0 239 255
-82.438237 36.111540 -0.850223 76 255 178
-2.290840 -21.287825 -0.505213 102 255 152
37.200700 57.030803 -5.473802 0 0 247
-46.558545 40.916121 2.094676 255 216 0
68.327255 -76.897906 -0.309739 116 255 138
32.581373 -15.777640 4.244894 255 58 0
72.733834 -15.878600 -0.707765 87 255 167
58.719463 62.236063 -2.842426 0 185 255
-15.367195 -27.745644 0.081803 145 255 109
-92.038457 -72.571532 -4.714553 0 47 255
-62.005477 74.974150 1.327500 236 255 18
-1.104129 -39.916351 0.623488 185 255 69
108.530843 43.775982 3.049238 255 146 0
-70.255331 14.035524 -0.423126 108 255 146
75.926484 -10.962925 -1.694393 14 255 240
-58.480580 -36.269990 0.847135 201 255 53
21.127373 35.077805 -0.610890 94 255 160
96.211397 52.787094 4.713033 255 24 0
-12.376136 57.794712 3.202638 255 135 0
-67.182868 6.159653 -1.135369 55 255 199
-45.607414 -71.381123 5.155112 246 0 0
59.090248 -61.743561 -2.634883 0 200 255
40.672659 -57.238837 -5.650074 0 0 234
30.455986 -22.687422 2.431103 255 191 0
-68.881161 79.561560 0.619824 184 255 70
61.096660 -61.372037 -2.274716 0 227 255
81.157380 24.099369 -1.244839 47 255 207
-9.142465 -43.039388 1.687300 255 246 0
-53.963134 -13.139412 -3.550720 0 133 255
25.864939 45.301477 -3.863637 0 110 255
68.733355 49.010347 0.080638 145 255 109
-10.864704 50.498846 2.023561 255 221 0
14.584254 84.013776 -2.315323 0 224 255
59.527424 37.810042 -1.372936 38 255 216
100.135863 -55.299508 5.458069 224 0 0
-100.899502 81.103846 -3.671996 0 124 255
45.314346 -41.316005 -2.916200 0 180 255
-104.712149 -15.588409 4.359287 255 50 0
-55.376128 76.396070 2.338662 255 198 0
43.487847 -8.080123 4.429469 255 45 0
-78.073893 14.734722 1.616092 255 251 0
39.674368 21.924348 1.882575 255 232 0
67.797013 -26.622414 -0.033820 136 255 118
43.525962 -26.326101 1.577075 255 254 0
77.632852 -5.601075 -2.549150 0 207 255
26.462913 -30.249689 -0.477199 104 255 150
0.701074 -22.501713 0.170227 151 255 103
116.715202 0.368088 -4.990094 0 27 255
-38.216615 -55.772573 6.245971 166 0 0
-78.701970 86.504994 -1.013526 64 255 190
-1.181235 -55.323595 0.228511 156 255 98
20.729510 84.268861 -2.715275 0 194 255
-33.104607 48.047966 4.747338 255 21 0
108.727643 -27.359467 -0.738287 85 255 169
-40.338693 -60.912418 5.652094 210 0 0
-75.251487 28.672800 0.284251 160 255 94
8.600874 60.299896 -1.782936 8 255 246
-66.613068 81.726711 0.499270 176 255 78
30.714690 -14.762612 4.916027 255 9 0
-50.016198 -25.999374 -0.782899 81 255 173
-32.044681 -73.511101 5.068182 253 0 0
44.761347 -49.405490 -4.428537 0 68 255
43.073508 39.048465 -2.316493 0 224 255
-108.540733 13.641161 4.220092 255 60 0
15.645737 59.131769 -3.166529 0 161 255
15.926919 87.269603 -1.482205 30 255 224
-33.694731 -0.816125 -6.266093 0 0 188
-31.154259 -89.680164 0.910728 206 255 48
25.406609 -16.452901 3.487403 255 114 0
67.688326 -8.148400 0.777806 196 255 58
67.370102 9.812867 0.704519 191 255 63
82.917032 -1.896472 -4.188885 0 86 255
7.701326 -54.676363 -1.786972 8 255 246
-58.182654 37.207894 1.042110 215 255 39
55.885032 -61.278819 -3.273742 0 153 255
-80.581054 -9.889204 2.906126 255 157 0
-115.314870 -27.643457 1.160273 224 255 30
-86.606800 45.077002 -1.742386 11 255 243
-107.101970 -29.858774 0.210697 154 255 100
-18.623745 -66.474198 4.792432 255 18 0
-24.994267 -25.303324 -1.909371 0 254 255
111.468503 73.948846 4.676079 255 27 0
84.622817 59.092167 4.259578 255 57 0
78.501933 88.284186 1.006409 213 255 41
56.649583 12.479049 2.477237 255 188 0
-76.499948 -7.677021 1.827494 255 236 0
-82.685884 -52.634662 -3.480438 0 138 255
76.791067 -78.500750 1.040044 215 255 39
62.972944 67.968197 -2.033544 0 244 255
-108.424967 13.948846 3.942924 255 80 0
-20.413969 -0.237930 -4.570869 0 58 255
-55.102260 -3.751790 -4.096981 0 93 255
12.799500 -53.852677 -3.000182 0 173 255
-11.531552 42.238359 2.005800 255 223 0
-8.027198 -27.884480 -0.171037 126 255 128
29.109119 -70.636537 -5.627750 0 0 235
65.769078 65.501750 -1.240337 48 255 206
93.525103 29.331824 -0.417375 108 255 146
-3.502090 -71.172116 0.370904 166 255 88
-29.309423 -27.376592 -0.991138 66 255 188
85.228792 -81.391498 2.467893 255 189 0
-114.158792 70.481714 -4.583217 0 57 255
64.786658 29.408221 0.173947 152 255 102
-106.954673 53.132326 -5.238776 0 9 255
-49.073073 26.956016 -1.688021 15 255 239
101.520660 -48.277004 4.520535 255 38 0
-45.394372 42.561157 3.169438 255 137 0
-108.185725 7.778624 5.527595 219 0 0
-89.645712 86.489890 -1.821508 5 255 249
109.567360 -70.232784 5.286953 237 0 0
-21.587128 -34.885943 0.615807 184 255 70
-31.608416 22.059651 -2.645455 0 199 255
97.154893 7.652330 -5.750037 0 0 226
83.643417 -5.465754 -3.132570 0 164 255
-60.737683 51.021218 1.871310 255 233 0
-91.201769 -67.152110 -4.642087 0 53 255
94.809503 70.359264 4.935794 255 7 0
-28.505854 -35.803432 1.229244 229 255 25
-9.485456 -42.282693 0.848474 201 255 53
-82.229975 -78.871452 -1.505037 28 255 226
-21.445642 -13.409756 -3.494144 0 137 255
94.459185 -29.736316 -0.387572 110 255 144
98.099152 -35.518517 0.799312 198 255 56
-74.415504 53.045629 -0.405910 109 255 145
34.203625 -1.009487 6.161600 172 0 0
-86.025408 -37.808905 -1.326731 41 255 213
1.385020 -28.159634 -0.180259 126 255 128
68.260754 -78.563033 -0.336135 114 255 140
-57.840877 -32.648827 0.651317 187 255 67
21.287036 -61.032950 -5.192037 0 12 255
-73.330260 -46.225010 -0.680973 89 255 165
-52.925766 -60.240159 4.077112 255 71 0
33.735478 -28.263055 1.144366 223 255 31
-39.143794 -81.872024 3.807535 255 90 0
-67.845486 -13.196509 -0.390887 110 255 144
-42.907497 66.594834 5.646149 210 0 0
62.909412 40.227591 -0.658577 90 255 164
-19.864870 24.722679 -1.801714 6 255 248
24.244743 60.627989 -5.311269 0 4 255
-57.522611 48.582650 1.953286 255 227 0
29.679376 48.644800 -4.357499 0 74 255
-109.848449 79.967653 -3.827552 0 113 255
-106.344448 13.036659 4.812700 255 16 0
-67.885836 17.997068 -0.556239 98 255 156
69.515637 71.468198 0.758420 195 255 59
-77.969650 -67.521789 -1.708618 13 255 241
-19.290008 85.845668 1.770523 255 240 0
118.424087 79.075016 3.054627 255 146 0
-64.104200 5.882165 -1.470682 31 255 223
-84.903208 54.408916 -3.530252 0 134 255
-53.704989 41.589921 1.931533 255 228 0
7.676385 -1.940025 2.146479 255 212 0
95.296369 -78.045763 3.558968 255 109 0
-112.458380 12.152768 4.356517 255 50 0
7.562066 -38.538810 -0.682478 89 255 165
-115.744713 -3.128172 4.524704 255 38 0
118.036796 -72.181179 5.239449 240 0 0
-10.390475 -3.508124 -2.354811 0 221 255
42.327032 76.038738 -4.375054 0 72 255
-58.083981 57.535638 3.250317 255 131 0
-6.246388 38.699085 0.657745 187 255 67
77.659673 -82.166561 1.159802 224 255 30
-91.679245 20.974709 2.643486 255 176 0
-68.427793 -65.936943 0.409780 169 255 85
-47.146154 63.259526 5.493748 221 0 0
77.246978 63.453815 1.970138 255 225 0
95.972628 56.783059 5.698704 206 0 0
59.972624 -22.304424 1.745951 255 242 0
-61.132372 -62.910682 2.522619 255 185 0
-44.216340 72.979622 4.839146 255 15 0
56.498828 -68.873394 -3.660656 0 125 255
-13.274746 43.080108 1.655981 255 248 0
-36.537571 -48.686045 4.164867 255 64 0
119.139827 -75.373579 3.830954 255 89 0
-58.461782 31.431068 0.344633 164 255 90
67.061552 31.553453 -0.593154 95 255 159
-77.661654 68.787004 -1.852800 3 255 251
98.917639 48.934667 3.837701 255 88 0
-51.593930 63.690848 4.219599 255 60 0
101.119711 33.655347 0.907750 206 255 48
50.489422 -37.032948 -1.468462 31 255 223
89.796311 66.884571 5.060816 253 0 0
32.737355 18.690347 3.609258 255 105 0
-95.247752 -74.322463 -4.667787 0 51 255
-24.653292 -32.918425 0.399344 168 255 86
115.033991 -85.244750 2.291386 255 202 0
-90.194641 -25.849547 1.420270 243 255 11
7.771628 81.729546 -1.662107 17 255 237
5.166860 -38.291967 -0.514379 101 255 153
-15.223072 50.593979 2.842332 255 161 0
-52.644104 8.584975 -3.771808 0 117 255
-45.963422 -65.662916 4.945056 255 7 0
-71.134048 -5.750568 0.369410 166 255 88
-57.028195 17.660687 -1.410530 35 255 219
-111.054378 79.216456 -3.221992 0 157 255
59.816394 1.569962 2.478665 255 188 0
94.402323 39.996515 2.266079 255 204 0
-67.106573 47.084196 0.773869 196 255 58
-106.182568 79.641912 -4.165862 0 88 255
-27.786121 -28.881689 -0.699469 87 255 167
-94.076843 68.404710 -5.332242 0 2 255
-17.756504 -37.916647 1.637708 255 250 0
-58.813797 -52.561931 2.153557 255 212 0
18.387550 -3.490444 5.092921 251 0 0
58.012098 58.561857 -3.315459 0 150 255
90.299170 13.298264 -3.760079 0 118 255
51.929157 11.392908 4.168757 255 64 0
78.718962 -78.132092 1.847667 255 234 0
118.805979 -75.843196 3.030014 255 147 0
-23.726048 83.861015 2.881638 255 158 0
-82.426959 46.332449 -2.162366 0 235 255
-79.176443 -9.531473 2.378526 255 195 0
-8.401370 25.278803 -1.278955 45 255 209
46.642167 80.982814 -2.352833 0 221 255
79.520249 40.890687 0.589299 182 255 72
-80.100709 -72.180215 -1.921804 0 253 255
5.689267 47.086552 -1.489563 29 255 225
-101.635786 33.794446 -1.128235 56 255 198
17.457687 10.182368 4.017307 255 75 0
87.619872 4.557739 -4.428445 0 68 255
-37.319675 -22.735938 -1.761274 9 255 245
42.692654 -81.066172 -2.920750 0 179 255
31.860379 54.501785 -5.259495 0 7 255
39.358846 72.346870 -5.394643 0 0 252
-76.190283 3.515612 1.529345 251 255 3
2.306355 7.459185 0.744144 194 255 60
-106.805331 78.793532 -4.032972 0 97 255
-21.028370 -28.817422 -0.781858 81 255 173
-107.163770 -88.472654 -1.670001 16 255 238
111.671651 -46.722171 4.040409 255 73 0
-36.996870 -44.546097 4.018522 255 75 0
-60.522798 12.765552 -2.196214 0 232 255
96.667495 -38.511741 1.940201 255 228 0
-16.272044 57.478051 4.189430 255 62 0
2.743019 -85.967489 -0.089414 132 255 122
88.280764 82.399279 1.521042 251 255 3
5.450701 -29.560289 0.388276 167 255 87
-25.815924 -5.298327 -5.488454 0 0 246
57.047288 -13.556325 2.929958 255 155 0
-47.695302 -77.771951 3.559680 255 109 0
-83.696061 -10.326947 2.682839 255 173 0
52.290186 -56.805886 -2.988844 0 174 255
-0.618668 -68.337905 -0.182735 125 255 129
119.376201 -66.254830 4.172613 255 64 0
11.035513 -42.384542 -1.460069 32 255 222
95.128828 60.859239 5.730651 204 0 0
-109.717451 41.492230 -2.633256 0 200 255
-114.438574 -2.169597 5.474136 223 0 0
-35.798906 -41.533314 2.528380 255 184 0
80.289800 18.867362 -0.848723 76 255 178
-5.941966 4.795974 -2.140791 0 237 255
26.293282 -46.985848 -3.793839 0 115 255
-32.906984 -44.804665 3.169078 255 137 0
-37.091150 -41.826819 3.063704 255 145 0
-40.686253 62.614730 5.804496 199 0 0
-51.896473 53.787448 4.071001 255 71 0
-111.331328 0.605978 5.367612 231 0 0
42.360417 64.981060 -5.935605 0 0 213
-45.917757 30.732470 -0.945225 69 255 185
100.490379 76.524173 4.264744 255 57 0
21.566241 -47.141626 -3.902806 0 107 255
-82.649417 -7.821847 2.888313 255 158 0
-49.416372 70.374582 4.055494 255 72 0
-76.366869 -57.941319 -1.591171 22 255 232
61.089904 -15.855492 1.622052 255 251 0
-59.270655 62.685453 3.026305 255 148 0
14.066482 -26.527503 1.196890 227 255 27
-15.965152 -77.997619 2.708038 255 171 0
-31.717193 -15.180789 -3.969626 0 102 255
87.932246 -11.478150 -3.436015 0 141 255
2.923251 -66.440916 -1.326934 41 255 213
-45.557555 -32.054643 0.674330 188 255 66
-79.083483 23.876435 0.560939 180 255 74
-48.404141 73.451009 4.221548 255 60 0
-74.537539 -17.784257 1.298159 234 255 20
39.375787 -76.179671 -4.785264 0 42 255
58.434061 -48.019208 -1.805861 6 255 248
23.221368 -54.257919 -4.936434 0 31 255
50.775231 -33.930290 -0.761151 83 255 171
59.594740 65.563080 -2.218359 0 231 255
17.637332 56.389086 -4.154714 0 89 255
-74.716971 -11.033041 1.508394 250 255 4
33.679949 85.938581 -1.872398 1 255 253
-114.229718 47.760046 -3.731541 0 120 255
-5.671281 60.346707 1.723012 255 244 0
-81.408216 87.611963 -1.185380 52 255 202
47.287207 82.958907 -2.943327 0 178 255
40.287354 -56.984687 -5.511554 0 0 244
-40.493090 32.100952 0.390765 168 255 86
20.299538 73.197368 -4.619962 0 54 255
50.728475 18.278599 2.619198 255 178 0
2.683103 35.782733 -0.136184 129 255 125
-58.877845 33.354783 0.600176 183 255 71
-92.892867 -54.745276 -4.790545 0 42 255
89.112620 46.543402 2.789606 255 165 0
-98.871568 1.143361 5.826711 197 0 0
-72.362293 -83.619527 -0.638700 92 255 162
67.201667 32.835419 -0.275000 119 255 135
-108.058174 62.353809 -5.786294 0 0 224
-85.600917 1.368643 4.755631 255 21 0
-30.792039 -28.941203 0.041485 142 255 112
-83.733598 -82.198855 -2.458332 0 213 255
-110.215489 -27.843028 1.898563 255 231 0
66.056245 -53.371061 -1.444962 33 255 221
-78.485554 -80.063081 -1.642168 18 255 236
99.296122 50.434937 4.520842 255 38 0
-108.168896 19.028876 3.916820 255 82 0
-54.335988 23.256189 -1.687662 15 255 239
17.036146 -10.014376 4.006319 255 76 0
-96.063643 -56.531501 -5.437228 0 0 249
-5.179096 -72.049121 1.183908 226 255 28
-3.148149 72.791320 0.518482 177 255 77
24.018146 -13.345325 4.095923 255 69 0
102.265753 -78.110856 4.079588 255 70 0
-21.946499 36.210654 1.976039 255 225 0
98.124614 -8.417810 -4.665256 0 51 255
-67.612153 50.578447 0.891273 204 255 50
36.868063 36.653439 -0.655971 91 255 163
-17.142944 40.483471 1.786563 255 239 0
66.221364 -15.377099 0.426024 170 255 84
4.955110 -27.646789 -0.038440 136 255 118
84.888372 -66.632333 3.153420 255 138 0
-82.846460 -71.388412 -3.125397 0 164 255
-56.600574 33.019973 0.373476 166 255 88
10.681247 81.135873 -2.057078 0 243 255
32.338435 42.851220 -3.140340 0 163 255
-29.023051 -15.973192 -3.986594 0 101 255
72.793220 8.937975 -0.955347 69 255 185
-29.186353 -81.453582 3.039815 255 147 0
104.067285 58.966097 5.950539 188 0 0
103.410134 -85.566643 2.471404 255 189 0
-109.754268 -50.353110 -5.047388 0 23 255
33.926818 86.853833 -2.733538 0 193 255
86.492573 -0.094635 -3.501556 0 137 255
-107.872606 -22.000618 3.002456 255 149 0
57.201726 60.846387 -3.360314 0 147 255
19.863124 33.533367 -0.762102 83 255 171
4.134140 -24.344651 0.644244 186 255 68
-54.303911 25.046240 -1.402054 36 255 218
56.348287 -12.269258 2.896190 255 157 0
-67.129963 38.918644 -0.543840 99 255 155
-76.199522 -79.261428 -1.070269 60 255 194
-36.028346 34.589034 1.261103 232 255 22
117.896484 -67.779275 5.237078 240 0 0
-22.595851 -55.471677 4.942254 255 7 0
-85.659058 -50.619666 -2.919081 0 179 255
-24.043415 39.218992 2.140710 255 213 0
63.733598 74.607739 -1.308794 43 255 211
29.810328 -4.993072 5.561712 216 0 0
52.324614 37.924467 -2.023756 0 245 255
78.265196 16.164705 -1.899232 0 254 255
-50.169619 -6.100159 -4.302585 0 78 255
-36.671321 75.800221 4.060470 255 72 0
85.780590 47.539806 3.277221 255 129 0
-28.250789 -6.504806 -5.125313 0 17 255
2.978616 67.277280 -1.227882 49 255 205
79.953350 -74.739863 2.499380 255 186 0
31.035555 35.622150 -1.352069 40 255 214
99.144359 -45.552776 4.347117 255 51 0
-116.483993 -34.694963 -1.078233 60 255 194
28.732618 -9.343292 5.573537 216 0 0
2.440075 -67.306735 -1.109786 57 255 197
-21.408617 -13.559467 -4.246681 0 82 255
-48.928954 -77.786841 2.759749 255 167 0
-29.637074 50.435670 4.816087 255 16 0
76.256898 -23.991927 -1.054794 61 255 193
-5.665435 -26.432402 0.140028 149 255 105
-67.206397 -69.635291 0.097796 146 255 108
46.496879 29.010733 0.875652 203 255 51
76.691208 -20.363182 -0.722703 86 255 168
-22.496746 -75.181592 3.882554 255 85 0
-88.706287 76.534756 -3.517249 0 135 255
58.663724 -51.137124 -1.603057 21 255 233
45.818976 -83.838384 -2.795475 0 188 255
46.473227 -35.495334 -0.684946 89 255 165
-116.579598 30.281155 0.611450 184 255 70
-91.267937 75.487530 -3.856652 0 110 255
112.044616 73.919732 4.140275 255 66 0
13.006616 -12.521106 2.491532 255 187 0
-57.598874 -26.798451 -0.609178 94 255 160
-108.072920 -84.604321 -2.375799 0 219 255
-5.843739 4.518230 -1.797375 7 255 247
-42.223976 57.715727 4.798914 255 17 0
-82.664207 42.047710 -2.274532 0 227 255
33.048513 47.096057 -4.225700 0 83 255
-76.845777 -44.196853 -1.434649 33 255 221
107.376443 -38.143524 2.196932 255 209 0
-64.286314 -24.126206 -0.360227 112 255 142
93.340075 6.401873 -5.102369 0 19 255
-34.807225 -24.992881 -2.446290 0 214 255
-49.828611 79.283026 3.191468 255 136 0
62.023577 -35.971988 -0.342022 114 255 140
1.340888 -71.723647 -0.332370 114 255 140
-86.320018 -7.503962 4.014391 255 75 0
81.683925 -89.197287 0.519735 177 255 77
12.116203 -82.469755 -1.486686 30 255 224
16.500488 -13.742800 3.378166 255 122 0
-29.323570 34.253658 0.780616 196 255 58
78.081991 17.021377 -1.475249 30 255 224
27.504578 -44.111251 -3.610449 0 129 255
-102.340524 -14.797808 4.242876 255 58 0
92.378669 -42.243558 2.323302 255 199 0
15.849218 -76.236082 -2.658162 0 199 255
-54.577163 -14.200545 -2.836465 0 185 255
-110.095491 13.368554 4.114694 255 68 0
-109.976088 -28.728196 0.701241 190 255 64
-90.638201 -4.391076 5.192229 244 0 0
-58.320821 42.533483 2.125611 255 214 0
6.736388 -79.409653 -0.767126 82 255 172
-65.840195 -86.021831 -0.039471 136 255 118
69.206813 -10.162598 0.401020 168 255 86
6.367903 -13.137440 0.860670 202 255 52
-17.187124 69.130783 4.644846 255 29 0
-16.982776 50.928017 4.152735 255 65 0
-62.256635 -42.716749 0.609972 184 255 70
9.111961 57.471460 -2.214937 0 231 255
-64.106917 -6.541348 -1.927249 0 252 255
-42.458981 26.506447 -1.308405 43 255 211
2.497263 -54.018050 -0.851688 76 255 178
32.375011 -35.988719 -1.738990 11 255 243
-41.342433 66.491110 6.001671 184 0 0
53.088527 -60.463448 -4.021771 0 98 255
-34.160883 -82.824980 3.591104 255 106 0
99.647633 -76.229668 4.756639 255 21 0
-84.258259 16.879648 2.014744 255 222 0
18.677857 -7.983168 3.862919 255 86 0
-34.869365 22.043844 -2.335387 0 222 255
-10.845081 -27.498225 -0.149508 128 255 126
-92.234915 -70.206862 -4.894213 0 34 255
-38.863109 -55.960172 6.330879 160 0 0
-74.704329 84.840428 -0.372875 111 255 143
42.298668 48.784858 -3.715063 0 121 255
66.117092 29.762692 0.293830 160 255 94
68.601003 89.331025 0.417516 170 255 84
98.963496 33.771534 0.487575 175 255 79
-28.134817 -72.767345 5.014869 255 2 0
33.536036 -29.291874 0.047430 142 255 112
109.481091 37.342352 1.792093 255 238 0
-0.100366 59.578020 -0.433482 107 255 147
4.799820 40.718321 -0.461540 105 255 149
37.353781 63.496872 -6.140375 0 0 198
-112.725769 -0.093687 5.241984 240 0 0
83.809368 -57.776825 3.275111 255 129 0
-20.133285 10.073120 -4.341543 0 75 255
61.227124 40.003665 -1.365581 39 255 215
-88.189462 52.098584 -3.226658 0 157 255
-1.837983 -74.341074 0.051382 143 255 111
16.538739 -56.207193 -3.421749 0 142 255
65.496659 77.019766 -0.388191 110 255 144
23.243887 46.771513 -3.281343 0 153 255
29.318868 -34.256103 -0.995401 66 255 188
101.865696 -75.984305 4.415428 255 46 0
-55.047807 20.638980 -2.382369 0 219 255
-12.311153 30.961954 -0.537806 99 255 155
91.401702 -74.728782 3.624791 255 104 0
-10.460452 86.632104 0.792118 197 255 57
22.039738 -44.926027 -3.089987 0 167 255
1.321053 27.254881 0.382654 167 255 87
113.744618 -26.134422 -1.910544 0 253 255
42.965254 -78.197334 -3.722298 0 120 255
65.515514 -56.522616 -1.453365 32 255 222
-112.321278 15.814895 4.861908 255 13 0
-25.251931 61.228368 5.888141 192 0 0
59.362977 74.378740 -1.549969 25 255 229
-79.627897 -1.722769 2.681367 255 173 0
67.103410 -27.628560 -0.192857 125 255 129
101.072703 -48.465150 3.890987 255 84 0
62.699924 -87.341546 -0.593108 95 255 159
53.532691 64.332228 -4.576579 0 58 255
-53.962997 -66.353750 4.096841 255 69 0
-90.956585 -22.287344 2.389376 255 195 0
105.258119 21.163866 -3.259753 0 154 255
-18.781859 37.201564 1.680700 255 247 0
96.359019 81.987000 3.243747 255 132 0
40.186473 -35.598449 -1.100432 58 255 196
103.537325 -32.806691 0.637283 186 255 68
-113.911085 -12.406339 4.160267 255 64 0
71.927880 55.904811 0.503230 176 255 78
57.394637 51.905738 -3.100797 0 166 255
15.146593 78.762710 -2.467622 0 213 255
-80.917402 -50.727289 -2.667876 0 198 255
-71.159599 25.185550 0.581892 182 255 72
103.010550 12.335894 -4.513196 0 62 255
-26.457911 -84.355039 2.391575 255 194 0
60.603364 -56.148832 -2.326669 0 223 255
114.230055 17.741314 -3.494402 0 137 255
-65.272054 -76.854944 1.414842 243 255 11
-103.961792 37.242771 -1.550185 25 255 229
-111.497221 -31.763058 -0.021457 137 255 117
-16.468774 -87.255874 2.203980 255 208 0
77.908598 81.384533 1.324418 236 255 18
71.883990 83.557773 0.362990 166 255 88
21.706411 -23.122482 1.998430 255 223 0
-119.316222 -3.781876 4.812402 255 16 0
-60.869535 20.189434 -1.657961 17 255 237
-84.338945 61.528594 -3.124121 0 164 255
-82.447240 -46.680069 -2.603103 0 203 255
-88.150032 33.124489 -0.924216 71 255 183
-111.721860 13.234542 4.843311 255 14 0
0.941302 2.567386 0.705246 191 255 63
-38.031535 -28.275105 -0.899565 73 255 181
-35.388870 -3.686252 -6.157882 0 0 196
-53.811417 -60.468990 3.130025 255 140 0
69.858057 52.165682 0.313078 162 255 92
-50.376058 1.320603 -4.930559 0 32 255
-82.292845 18.181430 2.088919 255 217 0
-52.227990 35.293566 0.624362 185 255 69
-60.235009 10.050591 -1.886823 0 255 254
-36.806267 -13.368874 -4.948723 0 30 255
-28.912256 -26.055389 -1.404702 36 255 218
-65.402597 -30.215795 -0.240313 121 255 133
30.786606 -16.072417 3.975782 255 78 0
-82.773072 0.502580 2.966581 255 152 0
98.194614 52.304257 5.392297 229 0 0
91.966956 76.020479 3.292232 255 128 0
-1.561333 44.398981 0.506570 176 255 78
55.305991 80.312414 -2.708420 0 195 255
-68.628725 79.291284 0.059359 143 255 111
-50.073607 63.984958 5.005385 255 2 0
98.017878 75.170683 4.169699 255 64 0
-6.305151 -19.838419 -0.565293 97 255 157
57.764647 1.515910 2.903028 255 157 0
74.941314 35.915177 0.609718 184 255 70
48.417718 79.770597 -2.963846 0 176 255
-11.303486 -78.401013 2.452248 255 190 0
-28.929650 14.331945 -4.500374 0 63 255
-105.586625 -9.506880 5.442018 225 0 0
87.510404 -84.177651 1.825660 255 236 0
46.266455 29.865260 0.444508 172 255 82
-104.929019 -69.266742 -5.836584 0 0 220
80.147650 24.805480 -0.582633 96 255 158
-51.654116 -75.657452 4.535545 255 37 0
84.245421 -41.894078 2.157235 255 212 0
-84.091990 70.816923 -3.692737 0 123 255
-114.690540 15.174001 3.904859 255 83 0
86.074235 -37.126791 1.066060 217 255 37
93.437244 -55.015694 4.320491 255 53 0
-1.631742 -60.941290 0.040200 142 255 112
99.168117 70.037669 5.614891 213 0 0
-98.535322 25.123721 1.273716 232 255 22
-83.979963 -61.722208 -2.784160 0 189 255
113.033908 17.041618 -4.309945 0 77 255
105.491768 -66.378332 5.836059 196 0 0
46.735233 -39.734550 -1.485346 30 255 224
-39.624817 27.837835 -0.884358 74 255 180
51.346577 61.361037 -4.096017 0 93 255
-119.925691 80.328884 -3.715242 0 121 255
-34.916796 75.664568 4.646386 255 29 0
84.511727 -7.486296 -3.975515 0 102 255
-65.141432 -23.978309 -0.726158 86 255 168
-89.108119 41.248725 -2.109064 0 239 255
-2.105520 14.708212 -0.769042 82 255 172
41.701186 -81.212731 -3.153613 0 162 255
-45.402591 -15.776664 -4.156039 0 88 255
76.292832 -10.948858 -1.452971 32 255 222
97.692162 -19.982146 -3.284934 0 152 255
-67.982729 -37.658136 -0.234234 122 255 132
-27.623555 -70.309076 4.835355 255 15 0
80.453902 66.624894 2.479090 255 188 0
0.616683 43.238439 0.389282 167 255 87
59.235767 -62.426822 -3.233499 0 156 255
-44.833508 79.431324 3.783193 255 92 0
76.303534 -27.307574 -1.195881 51 255 203
80.373961 42.755002 1.680775 255 247 0
66.024210 -53.245857 -1.227903 49 255 205
90.971965 78.677696 3.256602 255 131 0
-26.101827 42.901654 3.123479 255 141 0
3.927524 37.418182 -0.371969 112 255 142
73.668040 66.616318 1.131953 222 255 32
53.465573 36.324646 -1.060210 61 255 193
8.792478 62.740690 -2.271871 0 227 255
-111.519451 -33.212924 -1.055534 61 255 193
-67.848095 52.836755 0.269329 159 255 95
-11.086120 19.709504 -1.749329 10 255 244
60.682800 5.982813 1.707069 255 245 0
97.108076 77.428462 4.305796 255 54 0
116.774466 -15.458331 -3.625098 0 127 255
-27.667342 11.468144 -5.216345 0 11 255
111.868337 -66.609103 5.512213 220 0 0
-28.369151 -44.856673 3.679054 255 100 0
-76.388964 29.638026 -0.075234 133 255 121
102.888459 -59.119920 6.021637 183 0 0
-94.620027 -63.209348 -5.199681 0 12 255
-5.640086 58.956951 1.015860 214 255 40
66.058986 -69.971328 -0.680380 89 255 165
30.405107 81.744877 -2.969915 0 176 255
84.191832 -24.204323 -1.596250 22 255 232
7.374156 72.095252 -1.556040 25 255 229
-13.149345 -9.519649 -3.691027 0 123 255
-38.898655 -43.781035 2.527741 255 184 0
29.641113 1.421383 5.762981 202 0 0
15.495687 48.008370 -3.283719 0 153 255
2.074579 43.304317 -0.054005 135 255 119
43.140919 89.957616 -0.602010 95 255 159
1.471484 -56.998233 -0.539390 99 255 155
46.503127 -61.222875 -5.467770 0 0 247
-0.009535 8.116631 0.172990 152 255 102
66.105866 -46.067374 -0.472974 104 255 150
-71.181301 -82.835433 -0.030966 137 255 117
-33.572112 10.300977 -5.589899 0 0 238
-46.681172 53.819226 4.805517 255 17 0
90.894178 74.723343 4.050665 255 72 0
19.420101 -34.733162 -1.333759 41 255 213
105.907193 2.824940 -6.176311 0 0 195
13.823913 32.814311 0.040840 142 255 112
104.630766 -88.196989 1.537191 252 255 2
57.413344 27.860757 -0.117661 130 255 124
94.568825 -67.301953 5.417817 227 0 0
-48.346996 4.781735 -4.549562 0 60 255
118.915519 37.940944 1.301508 235 255 19
-47.945817 -22.352546 -2.300553 0 225 255
59.723506 75.604946 -2.070639 0 242 255
28.798024 -23.286749 1.866938 255 233 0
-34.752001 -53.940714 5.431760 226 0 0
-95.064338 -42.364014 -2.398832 0 218 255
-109.150145 -71.940654 -5.067719 0 21 255
-117.431850 -66.288259 -4.995512 0 27 255
12.284467 12.942720 2.299223 255 201 0
14.671838 18.883918 2.928177 255 155 0
-93.932140 46.007448 -4.240725 0 82 255
-110.809700 54.778583 -5.422659 0 0 250
-115.333835 -15.113389 3.551638 255 109 0
19.095524 -52.937003 -4.391172 0 71 255
60.977292 -25.092676 0.579113 181 255 73
95.630398 -18.287036 -3.530832 0 134 255
-7.459433 -88.901979 0.977987 211 255 43
58.189001 6.576363 3.378506 255 122 0
-62.942233 82.001638 1.437993 245 255 9
-108.256253 -63.362900 -5.756769 0 0 226
18.202452 -38.843984 -1.806078 6 255 248
-41.857495 17.961267 -3.795636 0 115 255
-23.702046 11.063671 -3.940597 0 104 255
-92.482857 12.620055 4.291129 255 55 0
45.951843 48.930484 -4.785515 0 42 255
91.969815 -5.339954 -5.099502 0 19 255
58.220853 -47.004943 -2.679345 0 197 255
-87.349253 -82.311053 -2.404886 0 217 255
-54.764267 -68.879124 3.897648 255 84 0
-72.906583 -61.541307 -0.408753 109 255 145
117.755466 -20.085865 -2.770525 0 190 255
-26.605036 54.929225 5.109039 250 0 0
-84.696861 -46.526617 -2.686121 0 196 255
75.311233 -62.874413 0.827906 200 255 54
-69.003318 -71.509105 -0.055078 135 255 119
-101.127584 15.645964 4.084973 255 70 0
-30.827892 -6.981563 -5.497734 0 0 245
-111.160656 10.736078 5.064803 253 0 0
-9.966569 -69.451193 2.351271 255 197 0
-15.420453 -86.021968 1.653035 255 249 0
-45.031459 -62.908937 4.748044 255 21 0
13.549715 -28.724501 0.451597 172 255 82
69.147586 72.253950 -0.243428 121 255 133
-38.089682 87.330533 2.619105 255 178 0
-54.813817 79.009569 2.306239 255 201 0
32.846046 -37.483266 -1.414055 35 255 219
-19.139707 17.815225 -2.963891 0 176 255
-57.770391 -88.941110 0.815436 199 255 55
106.971820 22.143680 -2.610238 0 202 255
-69.690266 -89.554828 0.267990 159 255 95
-24.210951 -53.248777 4.108505 255 68 0
-49.980839 45.232681 2.200711 255 208 0
74.147529 -51.655515 1.393470 241 255 13
39.417248 -22.931081 2.657885 255 175 0
98.221970 24.923435 -1.442018 33 255 221
-55.102521 -39.750138 1.322958 236 255 18
77.980101 -6.356441 -1.616951 20 255 234
40.302641 -30.139541 -0.381055 111 255 143
-92.981146 -6.609718 4.048534 255 73 0
-59.865183 -80.397571 0.723892 192 255 62
81.392810 -19.579593 -1.289901 44 255 210
-15.601681 57.976037 3.766744 255 93 0
-81.236542 54.813451 -2.590315 0 204 255
-88.777791 -47.266353 -3.457397 0 140 255
-50.004372 -63.098242 4.254500 255 57 0
35.369477 -33.277426 -0.438855 107 255 147
-87.673092 -50.099762 -3.918012 0 106 255
-82.478859 52.788066 -2.966436 0 176 255
85.035976 -33.968964 0.422670 170 255 84
-56.748664 10.200630 -2.373221 0 219 255
43.533213 20.571071 3.219067 255 134 0
79.960085 -48.294017 2.048562 255 220 0
59.477286 -75.004814 -2.153652 0 236 255
30.575586 10.089578 4.434333 255 44 0
-12.054154 -73.572871 2.915768 255 156 0
49.048011 52.725225 -4.114271 0 92 255
-32.223292 -58.910750 6.007222 184 0 0
63.236370 -13.231281 1.274883 233 255 21
47.537016 -45.466872 -3.372393 0 146 255
-92.658432 20.562002 2.861545 255 160 0
-118.322813 -53.402352 -4.505502 0 63 255
39.327975 -74.363560 -5.247623 0 8 255
-5.609206 70.571972 1.380197 240 255 14
25.837711 -88.762934 -1.531735 26 255 228
39.639116 -70.639369 -5.693062 0 0 231
-7.540240 -41.735805 0.389675 168 255 86
-88.365708 -82.181318 -2.171934 0 234 255
19.227798 27.219007 0.257725 158 255 96
-50.481301 -32.067408 0.597363 183 255 71
0.165087 -5.345779 0.019028 140 255 114
-113.153390 -28.972124 0.622665 185 255 69
110.310053 12.064276 -4.929096 0 32 255
-76.190550 -23.729949 0.463454 173 255 81
118.267875 -63.004758 4.557370 255 35 0
70.305064 47.426111 -0.061029 134 255 120
-27.461238 -5.055685 -5.789150 0 0 223
15.728223 -27.224722 1.033969 215 255 39
-67.481818 3.559534 -1.290203 44 255 210
-116.903999 52.808038 -4.813594 0 40 255
-1.480621 8.624734 -0.655562 91 255 163
-103.176232 25.252731 2.386645 255 195 0
-77.368388 -53.482144 -1.636563 19 255 235
-104.329265 21.551128 2.901039 255 157 0
12.631267 -49.538578 -2.124315 0 238 255
40.089889 83.127687 -3.355379 0 147 255
110.647910 9.843027 -5.501815 0 0 245
-61.513091 -65.431771 2.393963 255 194 0
81.086945 60.766235 2.753158 255 168 0
21.135865 -62.210020 -4.574595 0 58 255
-116.808573 19.085698 3.738333 255 95 0
-32.347258 19.997981 -3.158468 0 162 255
115.148212 -75.576922 4.633541 255 30 0
55.557365 45.170910 -2.349361 0 221 255
40.679650 43.446017 -3.385301 0 145 255
48.014219 89.445066 -1.119353 57 255 197
109.828387 33.838945 1.254877 231 255 23
9.214774 5.508937 2.392407 255 194 0
-87.334707 -38.598527 -1.000246 65 255 189
-107.868254 -58.328854 -5.864618 0 0 218
16.332907 36.033570 -1.176527 52 255 202
-77.434117 76.821711 -1.761375 9 255 245
104.488622 56.946881 5.833941 196 0 0
114.359465 -20.975862 -2.830115 0 186 255
15.494772 -37.457922 -1.436960 33 255 221
26.643466 -32.984078 -0.382143 111 255 143
-88.793596 -76.997250 -3.537223 0 134 255
74.695177 -80.088257 1.237968 230 255 24
-17.840484 68.927544 3.837085 255 88 0
61.027507 -42.958837 -0.724297 86 255 168
-17.181350 -53.669229 4.100034 255 69 0
72.530684 47.107713 0.925328 207 255 47
-90.822062 77.019181 -3.435387 0 141 255
113.820495 18.639353 -2.684478 0 197 255
44.331653 1.167506 5.517549 220 0 0
-37.211846 2.070238 -6.153093 0 0 197
-21.330098 78.655578 2.841743 255 161 0
-68.420829 20.738709 0.135657 149 255 105
2.338178 7.401648 0.938082 208 255 46
94.778851 0.874259 -5.258630 0 7 255
-5.562952 82.455374 0.789666 197 255 57
-40.253497 59.747928 5.975762 186 0 0
-8.974975 67.422547 2.427320 255 192 0
-20.052061 -85.226288 1.688345 255 246 0
-18.307060 21.113811 -1.695052 14 255 240
4.032946 -22.427863 0.437909 171 255 83
52.612898 -37.239546 -1.282672 45 255 209
52.103353 83.076835 -2.144549 0 236 255
-113.253066 38.203194 -1.240608 48 255 206
105.686602 77.769735 4.192007 255 62 0
-35.292741 -43.404554 3.319900 255 126 0
-14.375328 -84.000904 1.604812 255 252 0
3.915636 -41.188243 -0.838850 77 255 177
97.823717 -53.349994 4.420278 255 45 0
-110.133177 -31.994545 0.065122 144 255 110
82.484548 21.459538 -1.786899 8 255 246
42.623839 -56.486688 -5.216158 0 11 255
8.607194 5.366759 2.774281 255 166 0
-23.233551 82.318104 2.966404 255 152 0
8.639055 -18.919802 1.334190 237 255 17
48.174140 -11.463748 3.902544 255 83 0
-11.690277 -81.797850 1.787666 255 239 0
102.268512 -39.976520 2.032053 255 221 0
16.370689 22.643981 1.129933 222 255 32
-10.011443 -2.828653 -2.912431 0 180 255
97.947969 23.458507 -2.224423 0 230 255
-113.354909 -38.726840 -2.155146 0 235 255
96.338332 62.432380 5.477698 223 0 0
-3.077685 63.064796 0.538141 178 255 76
-86.663816 36.801344 -1.440814 33 255 221
46.828451 44.931515 -3.035475 0 171 255
-59.531423 56.975938 2.867195 255 159 0
-4.999617 12.182173 -0.737150 85 255 169
9.025454 -49.301496 -1.592929 22 255 232
112.743453 85.669856 2.284291 255 202 0
43.593937 -18.301518 2.391947 255 194 0
-11.262016 -81.101705 1.692334 255 246 0
36.158530 -44.525422 -3.342595 0 148 255
37.189369 -4.089427 5.261007 239 0 0
-84.199279 8.774669 2.584745 255 180 0
-28.084257 34.934191 1.018954 214 255 40
-77.818029 -7.898140 1.716760 255 244 0
-91.650217 73.922567 -4.497593 0 63 255
-40.033834 68.169797 5.953655 188 0 0
-110.823162 -27.785707 1.073842 218 255 36
-75.271251 48.130044 -1.261844 46 255 208
-75.648027 45.275745 -1.267941 46 255 208
10.256225 -32.271661 -0.384522 111 255 143
-17.602785 88.850320 1.409382 242 255 12
-93.720480 -10.062705 4.596761 255 32 0
118.748578 14.710382 -3.185710 0 160 255
60.423720 -72.911178 -2.862254 0 184 255
44.452487 -66.112483 -5.171535 0 14 255
34.987247 0.031871 5.969192 186 0 0
55.049063 3.831997 3.601505 255 105 0
-72.948600 59.655929 -0.594086 95 255 159
55.127178 65.601838 -4.051922 0 96 255
-31.617794 -81.123903 3.512301 255 112 0
-71.281894 -79.202775 -0.329368 115 255 139
-49.683984 -24.611828 -1.376720 38 255 216
78.935498 56.448582 2.269939 255 203 0
-20.988927 -19.764330 -2.702526 0 195 255
90.518804 -60.516349 4.150811 255 65 0
118.883934 -72.631113 4.128423 255 67 0
105.737114 44.705945 3.622101 255 104 0
-4.450297 -3.529199 -1.043050 62 255 192
15.886029 21.170693 1.267944 232 255 22
25.118192 75.996868 -4.164426 0 88 255
-97.949305 21.894774 2.946365 255 154 0
62.079879 -67.184449 -1.810423 6 255 248
73.020284 -24.751967 -0.193538 125 255 129
-71.486206 46.704061 -0.241539 121 255 133
-38.175637 -89.454418 1.279055 233 255 21
32.541272 76.614479 -5.211180 0 11 255
109.441262 76.363113 4.348197 255 51 0
-33.584859 -51.852649 5.131260 248 0 0
91.210958 88.806404 1.055442 216 255 38
-103.206601 12.216110 5.103807 250 0 0
11.985590 -54.093531 -2.591746 0 203 255
-47.806086 37.222419 0.841361 201 255 53
87.271996 36.806491 1.301752 235 255 19
-74.722079 32.435550 0.535540 178 255 76
-96.990997 72.119252 -5.371284 0 0 254
-28.263117 59.463971 5.812101 198 0 0
61.925066 -76.799601 -1.282260 45 255 209
56.644473 -39.540361 -1.778221 8 255 246
-37.507046 21.282646 -2.805106 0 188 255
55.041726 -15.895901 2.883505 255 158 0
-83.964765 -10.420428 2.867561 255 159 0
-11.913159 -42.757961 1.793041 255 238 0
90.465224 -1.815158 -4.697003 0 49 255
-80.581159 -86.563683 -0.745742 84 255 170
-61.569580 -11.557331 -2.140576 0 237 255
-33.290518 71.672573 5.593807 214 0 0
-68.527214 -34.255614 0.705688 191 255 63
7.768693 54.969371 -2.473502 0 212 255
-18.844642 -74.455229 3.977116 255 78 0
23.118516 63.021521 -4.527388 0 61 255
-115.052905 -37.482557 -1.400761 36 255 218
75.621493 27.901025 -0.031454 137 255 117
-24.587882 7.158793 -4.810878 0 40 255
-103.478916 43.303227 -3.638366 0 126 255
29.004213 -14.419502 3.797155 255 91 0
-77.758558 -14.870966 1.197133 227 255 27
-68.159395 -43.875910 0.229961 156 255 98
61.699248 -17.194483 1.525800 251 255 3
-102.535907 69.352620 -5.880135 0 0 217
107.426188 4.061802 -5.505226 0 0 244
-60.858982 5.861257 -1.870452 1 255 253
25.660838 86.357161 -2.302775 0 225 255
-91.191837 11.289185 4.061509 255 72 0
119.943632 18.254790 -3.710507 0 121 255
108.914571 54.950865 5.373410 230 0 0
37.524417 -34.838397 -0.986795 66 255 188
-55.728187 79.265999 3.161825 255 138 0
-32.873517 26.436109 -1.697606 14 255 240
19.582767 -15.665935 3.750925 255 94 0
-53.074141 85.786993 1.973041 255 225 0
20.998728 75.713002 -3.695237 0 122 255
97.678508 -50.746426 4.982288 255 4 0
-84.632102 23.886934 1.706121 255 245 0
-54.501885 2.387240 -3.757985 0 118 255
111.021200 -89.955226 1.586846 255 254 0
86.625894 -11.136272 -4.225127 0 83 255
-111.768148 34.560188 -0.842882 77 255 177
-96.078922 50.963574 -4.527126 0 61 255
35.115504 78.354434 -3.714185 0 121 255
80.517254 3.173532 -2.507305 0 210 255
114.899802 -51.683457 4.464697 255 42 0
-88.771873 24.657715 1.305325 235 255 19
-5.929495 -40.505399 0.452408 172 255 82
3.211963 -33.443000 0.284369 160 255 94
84.755977 -71.687033 3.153933 255 138 0
-3.210416 19.140684 -0.499879 102 255 152
-110.660930 -66.852586 -6.324792 0 0 184
-101.882440 88.627307 -1.967285 0 249 255
0.110729 51.138890 -0.285084 118 255 136
-87.618325 50.048524 -2.877411 0 182 255
3.001484 45.857763 -0.510770 101 255 153
21.226537 -57.166380 -4.966047 0 29 255
1.708598 -79.757492 -0.372618 111 255 143
18.866560 33.760485 0.363656 166 255 88
-116.235346 -36.645170 -1.405651 36 255 218
46.925937 28.137635 1.215197 228 255 26
-111.115182 23.245516 1.970642 255 225 0
0.467953 27.129109 -0.094079 132 255 122
-83.669338 -35.474473 -0.929236 71 255 183
-23.138447 82.961511 2.560463 255 182 0
73.988884 87.995802 0.984053 211 255 43
81.768372 -13.255313 -2.610407 0 202 255
92.397774 -24.706450 -1.443637 33 255 221
46.514571 -44.498977 -3.503989 0 136 255
8.200248 1.855394 1.952606 255 227 0
72.560711 -19.536196 -0.520310 101 255 153
-103.259958 67.330025 -5.645284 0 0 234
-112.401178 -27.974245 0.948766 209 255 45
91.768774 74.604687 3.726528 255 96 0
53.360207 30.730945 -0.117280 130 255 124
-16.958278 -27.959237 -0.696817 88 255 166
-58.763995 30.727822 -0.441048 106 255 148
113.249473 -68.955519 5.568776 216 0 0
-68.538947 72.046811 -0.146120 128 255 126
-59.245228 20.618016 -1.904827 0 254 255
106.518050 56.238414 5.750455 203 0 0
62.338381 -38.248609 -0.003330 139 255 115
84.072343 16.034345 -1.751661 10 255 244
105.299168 -54.625345 5.996141 184 0 0
109.836498 -69.164097 5.314244 235 0 0
-25.764626 -62.754490 5.726791 204 0 0
-60.864021 -13.013712 -2.609734 0 202 255
14.882048 34.957789 -0.914619 72 255 182
-28.134365 42.711972 3.973306 255 78 0
-39.230972 -51.630154 5.242159 240 0 0
18.842396 40.825237 -1.939512 0 251 255
94.599212 -12.411877 -4.369705 0 73 255
11.313690 -45.196198 -1.720926 12 255 242
-38.628538 -86.179770 2.379345 255 195 0
-74.595656 -41.110957 -1.182444 52 255 202
79.866151 25.029691 0.029201 141 255 113
32.946748 -30.229631 0.375200 166 255 88
-67.906942 -38.202736 0.061093 143 255 111
74.839431 68.655062 1.036762 215 255 39
-100.794568 31.740533 -0.409197 109 255 145
-98.839723 -40.755779 -2.583666 0 204 255
-49.724896 17.668070 -2.860678 0 184 255
68.198121 -20.333988 -0.199880 124 255 130
6.109769 -51.460650 -1.396297 36 255 218
45.991583 46.343986 -3.997791 0 100 255
97.571400 -31.920511 0.843888 201 255 53
116.790597 85.158097 2.712467 255 171 0
81.374604 -83.075920 1.381799 240 255 14
-14.835072 -62.386036 3.755254 255 94 0
10.787853 -13.265571 2.326149 255 199 0
-119.618484 48.734018 -3.968254 0 102 255
-101.140268 -65.747685 -5.366772 0 0 254
-14.848768 -13.974063 -2.671339 0 198 255
-41.664905 -16.428653 -4.301271 0 78 255
5.535314 -87.081510 -0.693551 88 255 166
-118.616987 -38.656378 -1.781439 8 255 246
107.736372 -86.499476 1.968873 255 225 0
-4.381654 -57.075639 0.748041 194 255 60
-80.882552 33.655549 -0.648528 91 255 163
33.506191 58.430601 -6.375001 0 0 180
18.469676 5.767998 4.670243 255 27 0
49.796890 -13.523495 3.705012 255 98 0
117.411206 -22.957871 -2.736123 0 193 255
-14.409929 4.220030 -3.860285 0 110 255
-119.973277 -47.940882 -3.425813 0 142 255
-71.860179 -86.898790 -0.087318 132 255 122
-22.100105 52.197901 4.695528 255 25 0
-59.453848 -34.996250 0.567478 181 255 73
-3.087064 11.230862 -0.216867 123 255 131
31.629144 0.929697 6.222268 168 0 0
5.727557 -42.243460 -0.659516 90 255 164
-107.186280 -9.478716 5.203543 243 0 0
-113.960719 -56.764026 -4.437773 0 68 255
-113.313651 -53.087909 -4.707117 0 48 255
44.361312 -1.030564 5.464695 224 0 0
-22.485371 61.431124 5.161190 246 0 0
12.286328 -36.333860 -0.590643 95 255 159
-24.080476 27.838746 -0.660003 90 255 164
45.767859 -29.595953 0.552909 179 255 75
117.749254 -2.415462 -5.591301 0 0 238
27.155698 -72.956490 -4.763997 0 44 255
-70.678993 -24.911238 -0.408343 109 255 145
54.233255 88.093297 -0.928594 71 255 183
-68.693892 35.968870 0.426654 170 255 84
45.224883 -2.697745 5.457488 224 0 0
17.773320 -55.117475 -3.935246 0 105 255
-117.231948 -55.923388 -4.972210 0 28 255
-74.749574 28.320018 -0.114475 130 255 124
-65.556140 -39.385584 -0.151304 128 255 126
-29.369651 -44.822521 3.838974 255 88 0
92.201938 -46.031315 3.714330 255 97 0
50.448090 47.128331 -3.440364 0 141 255
-4.856999 -80.744850 1.079378 218 255 36
-22.642559 -10.123699 -4.251510 0 81 255
-112.812209 -34.798967 -0.926372 71 255 183
-67.751271 -17.463306 -0.943096 70 255 184
91.138771 -35.962617 1.290251 234 255 20
-29.376071 47.960330 4.267051 255 57 0
-54.211087 -5.042203 -3.075754 0 168 255
105.714772 48.352513 4.615421 255 31 0
-66.707444 -64.361291 0.649431 187 255 67
72.133991 7.576109 0.001994 139 255 115
-28.453779 -47.493884 4.153161 255 65 0
-32.377094 -6.506517 -5.780271 0 0 224
-39.841701 81.952972 3.234629 255 132 0
-55.175444 -85.855930 1.489434 248 255 6
-56.772857 -56.449751 3.282529 255 129 0
-52.378684 34.856028 0.574001 181 255 73
-8.436318 39.604197 0.812603 199 255 55
-13.598493 -60.251098 3.109609 255 142 0
-115.394210 1.797211 4.984157 255 4 0
-25.382156 -21.030310 -2.686142 0 196 255
76.670795 -36.882938 0.335275 164 255 90
60.694279 63.279284 -2.292825 0 225 255
-89.614834 -1.560293 4.526962 255 37 0
-70.241402 71.003192 -0.501915 102 255 152
31.004345 26.126330 1.362619 239 255 15
30.879728 -38.338316 -1.954552 0 250 255
-107.952028 58.455473 -5.315636 0 3 255
-45.372014 -86.042580 2.154128 255 212 0
2.611964 80.061848 -0.854022 76 255 178
43.627287 -72.844689 -4.839327 0 38 255
15.008064 74.792945 -3.740776 0 119 255
34.345423 -79.724864 -3.807730 0 114 255
92.769008 -58.225120 4.299238 255 54 0
90.283684 -36.203054 1.665663 255 248 0
-71.843844 75.302915 -0.276640 119 255 135
88.365460 -14.508839 -3.123050 0 164 255
-69.290752 64.195256 0.328960 163 255 91
-119.175472 -40.767793 -2.370771 0 220 255
67.451022 48.440203 -0.324408 115 255 139
97.619488 2.434207 -5.249328 0 8 255
-95.128127 50.370611 -4.315479 0 77 255
60.598523 27.342912 0.267668 159 255 95
-100.611489 43.164208 -2.837189 0 185 255
99.646753 -60.136919 6.114996 176 0 0
-8.691354 -66.613178 2.153143 255 212 0
-2.992030 -69.485784 1.318946 236 255 18
98.497261 68.520361 5.892925 192 0 0
-47.035744 13.008895 -4.006499 0 99 255
9.764848 -53.757365 -2.781725 0 189 255
-95.789058 -11.735439 4.972248 255 5 0
-77.514261 41.332371 -1.370327 38 255 216
8.322186 22.848886 0.998568 212 255 42
87.943828 35.127054 0.269040 159 255 95
-30.954979 41.225392 2.318354 255 200 0
-118.651202 65.473920 -4.671926 0 51 255
-64.183807 -15.100668 -1.995693 0 247 255
-0.614434 -49.889309 0.344480 164 255 90
-104.678344 77.219938 -3.811151 0 114 255
-85.536167 70.421527 -3.473443 0 139 255
-66.028383 -35.998285 0.112123 147 255 107
82.252538 45.123147 1.663881 255 248 0
-17.567386 11.192661 -3.875144 0 109 255
-86.667921 30.975275 0.431628 171 255 83
9.012237 68.377035 -2.215737 0 231 255
18.013439 -1.637365 4.261282 255 57 0
28.032435 51.880063 -4.395697 0 71 255
57.303943 -31.213572 0.025873 141 255 113
16.083426 36.400631 -1.093062 59 255 195
-107.501610 -21.088149 2.495465 255 187 0
22.681668 83.811400 -2.252682 0 228 255
25.367190 -72.016546 -5.336609 0 2 255
0.660653 -24.761380 0.102000 146 255 108
-85.318035 -8.298151 3.454607 255 116 0
-70.547720 -54.184892 0.173872 152 255 102
30.466729 -12.783672 5.280822 237 0 0
64.919181 -33.691310 0.499090 176 255 78
-102.460239 11.888408 4.949816 255 6 0
62.634383 -45.882556 -1.590932 22 255 232
-11.762183 -49.385522 1.688973 255 246 0
30.839634 -76.240148 -3.848338 0 111 255
68.583161 -39.147929 0.185296 152 255 102
-99.825962 -74.790684 -4.931448 0 31 255
55.028907 32.615519 0.186842 153 255 101
58.433960 26.334610 0.482714 174 255 80
-7.676249 16.993382 -1.102821 58 255 196
-58.132222 20.024654 -1.865647 2 255 252
17.886971 51.161555 -4.029029 0 98 255
20.857632 77.761357 -3.633363 0 127 255
-23.224977 67.110900 5.067030 253 0 0
6.193015 76.795945 -0.884375 74 255 180
56.828206 -61.490918 -3.390596 0 145 255
70.184456 17.493128 0.603993 183 255 71
106.739876 48.917937 4.601638 255 32 0
113.675377 38.411862 1.897068 255 231 0
-114.352233 7.284975 4.635888 255 29 0
97.171859 -37.907382 1.816455 255 237 0
91.656915 86.255463 2.258634 255 204 0
119.385498 -87.215664 1.394062 241 255 13
70.112683 -79.237793 -0.040313 136 255 118
107.269113 22.240528 -2.767827 0 190 255
115.500155 -9.229791 -4.440767 0 68 255
-87.788716 39.747078 -1.169869 53 255 201
-91.103519 -74.737476 -4.251434 0 81 255
14.705803 77.784972 -2.581235 0 204 255
99.792564 52.385000 5.147770 247 0 0
7.620429 36.086694 -1.017973 64 255 190
1.680982 69.805405 -0.096031 132 255 122
85.745264 -17.150226 -2.692275 0 196 255
20.342800 -35.019802 -0.759554 83 255 171
77.877824 44.011095 0.899916 205 255 49
24.888561 -19.791321 3.222686 255 133 0
4.232387 -77.039590 -1.422674 34 255 220
-0.501489 5.134102 0.203809 154 255 100
70.704705 50.850578 0.718162 192 255 62
-90.449192 -6.996283 4.498918 255 40 0
-38.656231 -67.969857 5.301166 236 0 0
-96.647768 61.472001 -5.108655 0 18 255
38.115587 88.780344 -1.728984 12 255 242
-22.807541 -0.333120 -5.343942 0 1 255
94.762203 -24.994019 -0.895733 73 255 181
-38.142040 -44.231836 3.221494 255 133 0
100.236132 -43.186982 3.078945 255 144 0
-45.195484 70.016601 4.985183 255 4 0
106.439624 -64.495660 5.983773 185 0 0
95.608291 -42.475058 2.478417 255 188 0
-50.619416 25.609718 -0.639426 92 255 162
7.642336 -24.128419 0.142259 149 255 105
-102.149638 61.434020 -6.185060 0 0 194
29.062557 52.887012 -5.015978 0 25 255
42.922110 -72.127114 -4.920473 0 32 255
-9.480826 8.788491 -2.535153 0 208 255
-16.432579 -86.782287 1.103851 220 255 34
-1.439160 70.427069 0.277393 159 255 95
69.276948 68.301724 -0.471296 104 255 150
-72.042910 -22.531033 0.302259 161 255 93
80.446739 -77.432909 1.625864 255 251 0
52.084409 32.017081 -0.296574 117 255 137
-24.753307 65.772995 5.695918 207 0 0
113.750659 37.607131 1.781881 255 239 0
19.987816 -48.681764 -3.175996 0 160 255
2.435056 12.553034 0.944254 208 255 46
7.193390 45.051974 -0.913412 72 255 182
-37.808236 19.937656 -3.233635 0 156 255
6.635960 32.110992 -0.061251 134 255 120
-97.553387 -34.402905 -1.187932 52 255 202
25.473331 -56.172979 -4.397789 0 71 255
-38.372204 64.970213 6.507159 147 0 0
38.508663 -22.703510 1.779940 255 239 0
24.921610 -40.275009 -1.797442 7 255 247
118.203217 -70.503709 4.281059 255 56 0
57.172400 73.000016 -3.223028 0 157 255
-118.074834 -63.842928 -5.077937 0 21 255
-91.193282 -29.933813 0.120391 148 255 106
-1.126839 -55.903037 0.048958 142 255 112
9.626398 65.907375 -2.939959 0 178 255
-5.685385 -34.463055 0.943259 208 255 46
55.794403 -0.289449 3.803568 255 91 0
104.173545 43.727041 4.019495 255 75 0
-105.113122 -68.415475 -5.710752 0 0 229
30.466938 6.122083 5.463020 224 0 0
-50.704294 72.995535 4.022938 255 75 0
-26.262567 63.988402 4.460834 255 42 0
109.139671 71.435823 4.783438 255 19 0
-103.896527 -38.163852 -2.612891 0 202 255
-70.760859 -33.816854 -0.236742 121 255 133
0.945061 -71.394996 0.484408 174 255 80
59.489189 74.506449 -2.112474 0 239 255
108.395101 -87.325220 2.290905 255 202 0
113.493711 -88.438889 1.961847 255 226 0
102.715666 -67.503342 5.845194 196 0 0
66.664833 -26.724773 0.062717 143 255 111
-11.888935 59.472579 2.272868 255 203 0
-51.674684 13.857794 -3.590296 0 130 255
87.047114 16.492842 -3.098212 0 166 255
59.462526 -80.572166 -1.827077 5 255 249
50.470880 34.063873 -0.369213 112 255 142
65.130479 65.788808 -1.531338 26 255 228
99.972208 -82.714070 3.440867 255 117 0
11.112470 52.720119 -2.358726 0 221 255
-58.719859 -8.044704 -2.378116 0 219 255
-117.173278 -33.701636 -0.812698 79 255 175
-62.367815 45.867104 2.105920 255 215 0
37.517327 -64.720621 -5.893911 0 0 216
-31.488123 -10.340290 -5.299797 0 4 255
-72.795123 26.486306 0.785957 197 255 57
-88.177410 -4.297609 4.781777 255 19 0
-111.703705 -5.097583 5.719021 205 0 0
16.973582 -14.336771 3.153503 255 138 0
37.843308 -36.425553 -1.540390 26 255 228
108.994492 73.363679 5.142693 247 0 0
67.672588 -61.593330 -0.251145 120 255 134
-82.536095 56.936982 -3.248757 0 155 255
-70.640344 -42.150107 0.333250 163 255 91
111.983416 -77.741327 3.997266 255 76 0
-50.282026 51.267742 4.060931 255 72 0
9.696557 0.603767 2.817488 255 163 0
72.976661 30.592138 -0.085165 133 255 121
33.489084 -2.009655 6.225638 168 0 0
-110.580148 57.939903 -5.417288 0 0 251
-6.681732 65.760249 1.503585 249 255 5
7.819031 -8.870146 1.610661 255 252 0
8.919958 61.382608 -2.301673 0 225 255
-93.199146 60.635490 -4.649515 0 52 255
111.245165 4.577946 -4.931963 0 31 255
0.006839 80.720496 -0.301859 117 255 137
41.367064 -80.145392 -3.625667 0 127 255
63.929281 -4.111950 1.988509 255 224 0
-59.399020 4.319136 -2.576220 0 205 255
-113.703004 -60.480720 -4.997158 0 27 255
27.692998 -71.652590 -5.256783 0 8 255
98.432599 18.864451 -3.622697 0 128 255
93.432479 -85.232639 2.165113 255 211 0
90.611590 76.091337 3.719962 255 97 0
-71.131270 89.866308 -0.034240 136 255 118
92.060011 -68.864870 3.848219 255 87 0
-101.724963 -59.948643 -6.284736 0 0 187
-51.623687 61.025894 4.321225 255 53 0
78.113880 65.000103 2.027163 255 221 0
-97.631301 20.240724 3.629717 255 103 0
67.392311 13.104545 0.530056 178 255 76
70.937499 51.580640 0.100772 146 255 108
97.698673 -29.695113 -0.305288 116 255 138
85.544437 42.693162 2.688168 255 173 0
52.203984 -51.962682 -4.242678 0 82 255
-79.847548 -10.117154 2.194096 255 209 0
-92.067300 71.036802 -4.752586 0 45 255
-100.800258 -18.961311 3.420403 255 119 0
-45.322834 6.988747 -4.630662 0 54 255
-45.134017 -19.266965 -2.953653 0 177 255
117.855321 -27.648613 -0.695477 88 255 166
84.979235 -84.714389 2.050018 255 219 0
-97.535896 44.726767 -3.688540 0 123 255
-7.013804 75.782406 1.032981 215 255 39
72.305185 65.225732 0.579866 181 255 73
-25.936317 -19.178218 -3.214231 0 158 255
5.256187 -45.375220 -1.073391 60 255 194
90.360651 38.870527 1.581720 255 254 0
99.990930 -0.650272 -5.945713 0 0 212
-78.876205 14.497288 1.847472 255 234 0
76.958215 -9.866122 -1.523325 27 255 227
-12.088782 53.611395 3.159739 255 138 0
-114.576100 5.237638 5.324550 234 0 0
-47.258575 -72.402278 4.430565 255 45 0
93.492291 -10.253489 -4.637517 0 53 255
-75.876846 25.712625 0.456492 172 255 82
-80.349875 76.566713 -2.118639 0 238 255
109.621594 -32.164899 0.332758 163 255 91
-16.082714 28.784479 -0.179495 126 255 128
99.093172 -27.514989 -1.346896 40 255 214
-52.564727 -4.405311 -3.824800 0 113 255
-105.285106 75.391535 -5.384404 0 0 253
99.743833 4.098066 -5.518639 0 0 243
-43.314811 -30.974483 0.230826 156 255 98
105.652340 -14.247949 -4.858056 0 37 255
41.423643 -8.376981 5.612708 213 0 0
80.376910 14.126554 -2.009826 0 246 255
-43.119894 81.677412 3.338972 255 125 0
51.063078 68.008528 -4.280299 0 79 255
75.797105 -67.571215 1.751496 255 241 0
42.982983 12.924180 4.086833 255 70 0
101.805465 82.459601 3.350845 255 124 0
97.442940 45.281819 3.202600 255 135 0
16.113706 -84.796329 -2.024591 0 245 255
106.225604 -70.890839 5.682993 208 0 0
51.285949 23.699094 1.093207 219 255 35
98.516748 73.341132 5.261950 238 0 0
-85.692085 58.031220 -3.621590 0 128 255
-48.302075 46.176965 3.016060 255 148 0
-83.832735 47.074113 -2.734416 0 193 255
-114.233761 -10.935967 4.438200 255 44 0
37.228506 -15.196828 4.279445 255 56 0
112.988815 -27.339771 -0.637143 92 255 162
30.999007 82.873563 -2.493406 0 211 255
113.781856 -37.197719 1.449840 245 255 9
77.204514 -70.837129 1.557948 253 255 1
28.512992 23.055895 2.106929 255 215 0
-24.160024 79.847739 3.516944 255 112 0
-72.517080 1.023522 0.695921 190 255 64
109.750258 13.239734 -4.406080 0 70 255
105.903372 18.356769 -3.037861 0 171 255
95.741897 30.223088 -0.717841 86 255 168
-39.897090 -53.678183 5.302004 236 0 0
59.823720 -81.587638 -2.333074 0 222 255
8.503600 -6.487344 1.918706 255 229 0
77.599877 -64.941679 1.836972 255 235 0
16.048575 15.105317 2.378241 255 195 0
-117.208862 52.105026 -4.081309 0 94 255
-53.402233 11.578049 -3.672943 0 124 255
-55.200253 -62.939288 3.666246 255 101 0
-41.150734 -50.868682 4.755694 255 21 0
-37.274181 -43.669145 3.575095 255 107 0
-115.684063 66.587714 -5.434318 0 0 250
2.704509 32.739593 -0.670977 90 255 164
105.706889 -65.037106 6.432613 152 0 0
28.027041 -77.867663 -4.214501 0 84 255
-68.862786 56.243829 0.048480 142 255 112
113.121048 12.384021 -4.025126 0 98 255
90.343989 -64.105154 4.155760 255 65 0
91.899642 -12.246125 -4.024449 0 98 255
-91.953163 -60.544986 -5.662895 0 0 233
49.008670 40.548734 -1.993522 0 247 255
-41.055851 41.887861 3.031542 255 147 0
71.289466 79.178610 -0.111323 131 255 123
-30.083228 22.064968 -3.008751 0 173 255
-61.001442 -29.027760 -0.298299 117 255 137
112.465668 6.696705 -5.273512 0 6 255
85.066205 48.211659 2.923485 255 155 0
35.606553 80.779350 -3.816686 0 113 255
-4.575843 -14.021833 -0.999434 65 255 189
15.863791 75.979549 -3.057025 0 169 255
38.170779 17.756731 3.987252 255 77 0
-17.228605 -34.888309 1.479446 248 255 6
-21.964149 31.824395 0.051773 143 255 111
-56.263644 88.031763 1.295841 234 255 20
30.045938 68.263510 -5.761691 0 0 225
-51.395627 65.728083 4.220068 255 60 0
-19.811823 37.828371 2.139405 255 213 0
-50.865550 34.394239 0.593728 182 255 72
99.345999 -28.520079 -0.220880 123 255 131
4.560836 26.100676 0.604440 183 255 71
-83.981223 17.541850 2.730780 255 169 0
-90.920898 -12.163522 3.618901 255 104 0
65.190379 86.126648 -0.993535 66 255 188
104.907690 -60.039914 6.610221 139 0 0
-65.985215 -49.262855 0.689413 190 255 64
16.952108 35.606419 -1.018200 64 255 190
-3.152697 -85.760949 0.319716 162 255 92
-14.714129 17.099641 -2.408824 0 217 255
47.592420 -65.397255 -5.589751 0 0 238
72.940259 -16.595450 -0.046971 135 255 119
76.616879 69.582566 1.666364 255 248 0
-66.937024 -5.258399 -0.428072 107 255 147
24.644406 -31.919892 0.519141 177 255 77
-82.681636 3.063554 3.431031 255 118 0
-75.205982 -11.909320 0.862485 202 255 52
-36.978707 -14.406550 -4.244128 0 82 255
17.346643 -81.066325 -2.704099 0 195 255
-1.844075 57.193921 0.541549 179 255 75
-108.682372 -60.681557 -5.812642 0 0 222
-2.008653 43.100387 0.337031 164 255 90
-79.295353 -22.296721 0.715888 191 255 63
-78.777516 -48.006574 -2.363507 0 220 255
87.173430 -49.957011 3.572850 255 108 0
35.433347 -36.961153 -1.915120 0 253 255
-60.741705 -74.997448 2.119335 255 214 0
65.325063 43.665576 -0.913881 72 255 182
115.635259 64.602847 5.139335 247 0 0
84.837033 -22.688349 -1.189182 51 255 203
-84.404259 -21.694785 1.169083 225 255 29
38.381678 -21.750340 2.560359 255 182 0
-21.602226 31.314411 0.054449 143 255 111
-14.241197 76.010606 2.918577 255 156 0
-75.790636 88.546845 -0.693760 88 255 166
-89.929291 50.414672 -3.929354 0 105 255
113.768435 54.029548 4.404008 255 46 0
-10.317878 -37.489915 1.389734 241 255 13
-80.419731 -27.168966 0.257492 158 255 96
-8.559023 -18.367371 -1.183311 52 255 202
-10.456460 50.228966 1.754746 255 241 0
-82.570322 74.065765 -2.972193 0 175 255
57.663772 2.173911 2.825666 255 162 0
30.171286 -48.946650 -4.827517 0 39 255
53.009132 -16.795466 2.412521 255 193 0
81.484311 70.789450 2.978846 255 151 0
90.851635 36.313097 1.016758 214 255 40
119.939180 -57.301418 3.952458 255 80 0
49.044275 42.425193 -2.169382 0 234 255
115.540670 -79.242931 3.886935 255 84 0
117.044001 -82.332504 2.914765 255 156 0
-73.434543 -33.925073 0.000137 139 255 115
-26.227974 72.909769 4.913415 255 9 0
-4.534407 44.149037 0.374316 166 255 88
-7.609151 29.842113 0.121077 148 255 106
-96.676841 -81.755752 -3.179594 0 160 255
-25.759624 37.628515 1.702192 255 245 0
69.508320 27.808282 0.195646 153 255 101
2.291270 38.449741 -0.166290 127 255 127
39.937682 -46.699400 -4.347132 0 74 255
46.418027 49.037371 -3.753985 0 118 255
30.397608 -33.684047 -0.969554 68 255 186
-116.886451 -49.629882 -4.570401 0 58 255
-28.354035 36.022885 1.670924 255 247 0
59.343099 -83.323072 -1.681000 15 255 239
-32.049361 52.930457 5.215957 242 0 0
112.527742 84.870591 2.971540 255 152 0
110.267875 -45.228848 3.712755 255 97 0
2.996907 18.498686 0.613641 184 255 70
115.388746 -50.436333 4.002924 255 76 0
-70.032310 49.453817 -0.408164 109 255 145
-4.646412 26.728653 -0.719208 86 255 168
102.218031 17.556865 -3.701688 0 122 255
-98.493145 22.201125 2.380489 255 195 0
2.784942 58.492594 -0.973311 67 255 187
-20.089212 -18.146644 -2.796474 0 188 255
-26.588259 -37.315947 1.153165 224 255 30
-15.964300 3.404259 -3.741748 0 119 255
24.475076 -61.022491 -4.986533 0 27 255
101.794778 49.334446 4.929829 255 8 0
-107.656923 -46.053600 -3.514879 0 136 255
-85.154814 18.372870 2.302474 255 201 0
44.841636 70.444848 -5.322959 0 3 255
9.594081 67.688776 -2.455918 0 213 255
53.307842 66.422337 -4.195343 0 86 255
82.897463 -88.233196 0.518931 177 255 77
77.132376 64.887599 2.196798 255 209 0
-43.235910 24.474895 -2.019551 0 245 255
-68.099449 -48.933817 0.567915 181 255 73
28.946717 -13.990827 4.779962 255 19 0
-106.871536 87.569586 -2.938278 0 178 255
22.611333 86.494107 -2.330400 0 223 255
28.783279 6.695045 5.203416 243 0 0
-3.636594 58.421410 0.997314 212 255 42
84.882653 -70.872966 3.134462 255 140 0
-103.880796 -2.290871 6.072615 179 0 0
-115.350290 -79.794278 -3.493848 0 137 255
103.720092 -56.578485 5.542873 218 0 0
82.136623 -53.568848 2.825392 255 163 0
-111.158904 -73.736161 -5.427081 0 0 250
52.837056 59.836721 -4.516781 0 62 255
20.838699 -72.065865 -4.197139 0 85 255
-85.817062 22.650418 1.207633 228 255 26
-20.709867 -62.087755 4.847662 255 14 0
23.278381 43.237500 -2.807068 0 188 255
25.747116 -48.948952 -4.570533 0 58 255
-71.628313 -58.376910 -0.996088 66 255 188
-117.195829 20.229476 2.993077 255 150 0
-104.780072 16.216186 4.563894 255 35 0
-62.142986 14.839499 -0.794979 80 255 174
-44.906594 50.295166 4.526575 255 37 0
-70.422839 40.473804 0.207227 154 255 100
-37.983438 61.553601 5.479710 222 0 0
-95.612401 14.575296 3.862917 255 86 0
-25.584104 -85.107100 2.570776 255 181 0
-39.600846 -20.346106 -3.356303 0 147 255
-48.068225 -25.538925 -1.407239 35 255 219
-28.522581 1.752750 -5.277522 0 6 255
87.096964 50.483617 3.292217 255 128 0
69.359045 22.192171 -0.029501 137 255 117
-89.210860 45.063844 -3.044085 0 170 255
-96.243472 -69.180686 -5.152180 0 15 255
14.979009 73.143467 -3.047049 0 170 255
-99.014918 -28.283727 1.025981 214 255 40
74.860962 13.664943 -1.371058 38 255 216
-30.660035 79.575723 3.560345 255 108 0
115.480983 53.370404 5.075861 252 0 0
-31.736564 30.994270 0.639361 186 255 68
9.727214 81.163159 -1.182972 52 255 202
-104.735608 2.809692 6.778594 127 0 0
-78.691349 -8.430757 1.897288 255 231 0
-76.489516 15.276943 1.422920 243 255 11
105.658260 13.685898 -5.299329 0 4 255
118.642797 -16.035619 -2.998591 0 174 255
33.084564 54.550824 -5.341824 0 1 255
30.596441 -12.721871 4.438184 255 44 0
63.024201 54.233518 -2.038397 0 244 255
-14.144740 -6.802530 -3.607558 0 129 255
104.176793 -16.086000 -4.047615 0 96 255
-63.935917 87.568398 0.390453 168 255 86
98.856351 -26.182678 -1.652228 17 255 237
-115.255591 -47.010692 -4.074571 0 94 255
21.226178 -11.621078 4.139792 255 66 0
27.856121 -20.788804 2.889960 255 158 0
62.059393 -32.063545 -0.124550 130 255 124
-76.445929 -28.526183 -0.288160 118 255 136
-37.890492 20.946096 -2.566986 0 205 255
100.998700 47.689761 3.874282 255 85 0
-72.662686 55.381236 -0.694907 88 255 166
-48.958735 2.507645 -4.743129 0 45 255
18.473381 14.096488 3.259690 255 131 0
117.118529 12.904721 -4.236495 0 83 255
-40.643708 43.112298 3.541163 255 110 0
-78.654947 43.134040 -1.715312 13 255 241
-90.398236 -43.592426 -2.347071 0 221 255
117.009131 70.696409 4.103161 255 69 0
-58.835086 -12.968627 -2.548230 0 207 255
58.381754 38.596134 -0.928398 71 255 183
-102.809697 39.431514 -1.816755 5 255 249
-17.176726 51.720791 4.568613 255 34 0
20.195058 37.022910 -1.956381 0 250 255
56.378158 80.067003 -2.556072 0 206 255
32.221115 4.819681 5.946521 188 0 0
-18.620479 73.071901 4.254898 255 57 0
-80.277940 0.526057 2.777124 255 166 0
-20.510138 -38.674061 2.391591 255 194 0
-8.600351 60.731319 2.413089 255 193 0
-44.133653 78.647150 3.614315 255 105 0
-85.331179 -70.706641 -4.066900 0 95 255
92.325460 78.549757 3.306450 255 127 0
-73.541323 -28.627296 0.312607 162 255 92
-29.351027 -43.130565 3.325302 255 126 0
-9.172344 -70.517149 1.172680 225 255 29
-80.267473 65.402209 -2.755696 0 191 255
67.650486 -2.507586 0.541777 179 255 75
-81.447316 -27.051693 0.495962 175 255 79
79.690119 -34.139996 0.294962 161 255 93
-113.700400 78.149378 -4.621279 0 54 255
-114.304966 -46.028390 -3.521484 0 135 255
4.106280 39.864944 -1.237959 48 255 206
8.471221 13.974705 1.387028 241 255 13
-9.917132 -6.516447 -1.769778 9 255 245
100.151848 -61.082638 5.504769 221 0 0
60.076288 -32.541315 -0.579198 96 255 158
77.891166 18.634661 -1.140255 55 255 199
66.952240 -9.818608 0.850211 201 255 53
76.907083 65.605972 2.637150 255 176 0
73.686666 -48.115635 0.514266 177 255 77
93.432788 -37.572764 1.738221 255 242 0
61.704603 -18.236309 0.808957 198 255 56
-76.280033 -17.648748 1.239609 230 255 24
3.343787 71.786611 -0.701375 87 255 167
48.692057 -51.800305 -4.368335 0 73 255
2.153631 -67.922140 -0.124642 130 255 124
1.872415 11.905050 0.548515 179 255 75
-42.997088 -56.962732 5.666107 209 0 0
-78.870260 53.451779 -2.073817 0 241 255
96.554244 34.009444 0.782744 196 255 58
-32.423600 -41.724300 2.897749 255 157 0
-113.942612 45.623645 -3.463023 0 139 255
-33.997799 83.002131 3.560980 255 108 0
119.772638 -76.415380 3.230263 255 133 0
-115.454459 20.877167 2.724619 255 170 0
117.204248 -70.064893 4.806218 255 17 0
-74.517089 53.791850 -1.448111 32 255 222
-111.772526 -10.016364 4.752130 255 21 0
118.515521 7.472112 -3.700728 0 122 255
-57.546369 -30.948959 -0.060541 134 255 120
113.562910 24.407984 -2.003895 0 247 255
-57.919689 -80.785103 1.970282 255 225 0
-35.068149 -75.508136 5.227241 241 0 0
115.578944 -14.779359 -4.727580 0 46 255
-58.127604 -4.616364 -3.388972 0 145 255
76.816030 -83.531590 0.850625 201 255 53
81.090327 -20.204384 -1.299042 43 255 211
-24.522643 -85.528601 2.336978 255 198 0
-90.953984 85.613743 -2.160568 0 235 255
73.788883 -13.304313 -1.074811 60 255 194
-82.286646 46.344287 -2.453732 0 214 255
-31.483892 -62.541851 6.120777 175 0 0
-71.635721 -42.304695 -0.775463 82 255 172
95.766272 35.551886 0.351922 165 255 89
-52.806521 -20.846772 -2.586611 0 204 255
11.760123 6.457244 2.874329 255 159 0
41.397448 65.513901 -5.221850 0 10 255
-56.825331 8.869885 -3.331694 0 149 255
16.591489 73.234541 -3.688538 0 123 255
52.331274 -36.259341 -1.488720 29 255 225
116.199400 26.127599 -1.359322 39 255 215
-16.525721 -62.892651 3.974865 255 78 0
-37.493026 -66.165212 6.129912 175 0 0
-36.186240 -15.225943 -4.658221 0 52 255
14.139348 37.206028 -1.270630 45 255 209
-44.223775 0.620907 -5.344060 0 1 255
-21.890467 -65.458882 4.680293 255 26 0
33.535698 21.496153 2.570873 255 181 0
56.844458 85.824359 -1.000424 65 255 189
53.562210 76.892065 -3.233835 0 156 255
37.674298 -66.440529 -5.552518 0 0 241
-86.190493 -32.435046 -0.697485 88 255 166
41.870353 -31.587398 0.066860 144 255 110
-68.229187 -20.527593 0.000591 139 255 115
83.539578 36.161101 0.338261 164 255 90
95.396126 64.500200 5.369030 231 0 0
-53.746893 -62.503581 3.264481 255 130 0
108.970530 39.756571 2.934841 255 154 0
31.786042 82.777011 -3.347155 0 148 255
55.823641 79.875124 -2.623168 0 201 255
54.480619 7.725325 3.179103 255 137 0
39.919561 -57.465075 -5.111226 0 18 255
-87.050187 39.392554 -1.525739 27 255 227
21.301319 58.930284 -4.475794 0 65 255
114.237600 -59.421927 5.495236 221 0 0
78.011901 -40.946995 0.937223 208 255 46
-11.724352 68.502718 2.999561 255 150 0
115.688977 21.663824 -2.555567 0 206 255
96.132929 -74.110928 4.794867 255 18 0
-13.475103 78.110992 1.858009 255 234 0
83.859772 -4.549454 -3.447682 0 141 255
-56.225601 31.284632 0.159839 151 255 103
-84.969495 29.855303 0.187517 153 255 101
0.181960 -56.167722 0.061502 143 255 111
74.473070 -12.975925 -0.857673 76 255 178
47.623114 -22.554622 1.748417 255 242 0
-45.668324 17.009918 -3.670549 0 124 255
-1.667928 58.917506 0.771866 196 255 58
64.787598 20.624740 -0.373488 111 255 143
55.125756 2.154880 3.854993 255 87 0
107.982506 -44.430271 4.012707 255 75 0
-84.220221 13.202511 2.955753 255 153 0
57.128796 88.862847 -0.263786 119 255 135
39.900564 -88.382789 -1.537851 26 255 228
-52.137901 16.110030 -2.685257 0 197 255
109.842426 -29.826346 -0.059239 135 255 119
-1.304889 -63.580102 0.317525 162 255 92
33.327103 -25.273773 1.154069 224 255 30
118.347064 -84.214673 2.298545 255 201 0
9.080614 -87.963686 -0.363818 112 255 142
39.598568 16.994904 3.622104 255 104 0
19.578729 -24.960513 1.091866 219 255 35
81.498467 7.187791 -3.207471 0 158 255
41.535925 73.849794 -4.296682 0 78 255
-85.008375 -16.968580 2.346646 255 198 0
-106.562680 -17.303635 3.541093 255 110 0
96.374786 89.384654 1.100458 220 255 34
61.108123 3.100715 2.349226 255 197 0
-89.664413 -88.676794 -1.438746 33 255 221
88.608461 -86.632973 1.840785 255 235 0
38.829502 -16.385838 3.887386 255 84 0
25.696978 -46.443807 -3.846585 0 111 255
60.607016 -32.632289 -0.069755 134 255 120
102.761552 13.656305 -4.088806 0 93 255
-47.481041 30.821881 -0.450650 106 255 148
-106.566147 -42.402036 -3.706252 0 122 255
42.650163 14.175526 4.831518 255 15 0
-45.132107 56.516480 5.580984 215 0 0
52.686637 -24.057120 1.370985 240 255 14
44.020739 85.557562 -2.058110 0 243 255
42.090801 -6.357174 5.444194 225 0 0
75.073950 -83.082111 0.980755 211 255 43
-82.163704 25.275210 0.431051 171 255 83
-76.623439 -79.089630 -1.172134 53 255 201
4.842321 -40.517809 0.079919 145 255 109
-79.872649 9.245560 2.206208 255 208 0
0.918466 -18.830210 -0.193926 125 255 129
-55.737056 -11.640300 -2.875056 0 183 255
116.574756 51.585081 4.074992 255 71 0
81.049513 7.826646 -2.273388 0 227 255
69.319071 71.660236 -0.525468 100 255 154
88.303615 -7.129602 -5.000576 0 26 255
-61.257230 -28.632097 -0.028366 137 255 117
7.411914 -52.232203 -1.516815 27 255 227
27.721951 -13.660928 4.860813 255 13 0
-108.023384 -28.973323 0.444614 172 255 82
-60.242076 -17.354872 -1.858168 2 255 252
77.792682 -54.998757 1.819000 255 236 0
-58.270436 47.657294 2.691942 255 172 0
97.375992 -7.163499 -5.566777 0 0 240
-7.048670 -40.461854 0.831978 200 255 54
0.028665 -39.729175 0.166286 151 255 103
-90.452193 53.219271 -4.412004 0 70 255
84.644354 -74.547652 3.375150 255 122 0
-21.910380 -21.141471 -2.095781 0 240 255
-66.757018 -7.742568 -1.453787 32 255 222
-79.392355 37.519734 -0.139267 129 255 125
-80.388607 71.389036 -2.480049 0 212 255
66.248970 -70.683883 -0.786814 81 255 173
-32.029202 10.750131 -4.619449 0 54 255
22.176425 79.910910 -3.393339 0 145 255
-36.726216 -89.127360 1.930304 255 228 0
102.260582 -80.619763 4.197820 255 62 0
3.554815 -41.937845 -0.672442 89 255 165
-8.540944 36.678304 1.047841 216 255 38
106.530174 84.605662 3.241672 255 132 0
75.475333 12.927112 -1.323432 42 255 212
115.345084 18.663079 -2.947399 0 177 255
64.048756 24.537702 0.735002 193 255 61
-65.039683 14.864764 -1.674472 16 255 238
-9.177784 -87.401779 0.475715 174 255 80
69.663705 79.367295 -0.015704 138 255 116
-64.601917 -69.199386 1.038735 215 255 39
-12.740406 -77.183430 2.727818 255 170 0
-89.190167 40.978151 -2.502500 0 210 255
-13.676726 26.789510 -0.860932 76 255 178
13.395386 24.567764 0.846863 201 255 53
-77.973314 -41.747848 -0.819791 79 255 175
23.500165 26.284909 1.573621 255 254 0
-84.503816 -70.590695 -3.461199 0 140 255
-1.236723 -18.002593 -0.061282 134 255 120
46.253883 38.823515 -1.422990 34 255 220
55.208241 -87.991424 -1.160848 54 255 200
-16.092706 -31.467580 0.302145 161 255 93
-78.671732 -30.519093 0.518012 177 255 77
114.398226 -26.754196 -1.579782 23 255 231
10.457007 83.086358 -1.829528 4 255 250
-3.110198 -88.134023 -0.262814 120 255 134
-110.796179 -40.124312 -2.298496 0 225 255
62.028146 88.871007 -0.547339 99 255 155
68.849945 -34.390228 0.578284 181 255 73
52.695106 4.092830 3.968137 255 79 0
-10.295391 38.520545 1.188687 226 255 28
-8.703404 66.338720 2.289133 255 202 0
77.469687 51.450502 1.367261 239 255 15
103.815593 -22.642679 -2.645433 0 199 255
22.467206 36.826683 -0.834736 78 255 176
33.513423 -32.143940 -0.911782 72 255 182
81.282848 38.440963 1.480652 248 255 6
-38.683226 71.008294 5.318845 234 0 0
-77.773512 50.115575 -1.694458 14 255 240
60.451190 40.998916 -1.334680 41 255 213
27.833638 38.244337 -1.750345 10 255 244
-38.218596 48.171651 4.492180 255 40 0
81.955869 73.604421 2.687013 255 173 0
61.027370 -39.013655 -0.954770 69 255 185
-112.087969 -48.462168 -5.356452 0 0 255
1.454430 86.289987 -0.111542 131 255 123
48.873238 -40.697676 -2.172849 0 234 255
97.571007 -27.177843 -1.025603 63 255 191
50.190042 -33.639436 -0.095360 132 255 122
-63.251456 54.877267 1.595718 255 253 0
-83.794922 35.305957 -0.477958 104 255 150
111.320269 -87.722817 2.023376 255 221 0
86.271614 -33.777253 0.790920 197 255 57
-18.283533 -55.706223 4.630890 255 30 0
-21.194927 37.956414 2.023562 255 221 0
63.862046 -26.177335 0.568757 181 255 73
34.584996 54.541707 -5.734593 0 0 227
-56.800192 45.843952 2.790640 255 165 0
-3.419211 61.667825 1.247246 231 255 23
114.754527 -50.609055 4.964268 255 5 0
-12.116875 -46.224567 1.788238 255 239 0
-115.032851 -58.341813 -5.548708 0 0 241
-94.741270 -71.965708 -5.344780 0 1 255
-83.418341 87.552344 -0.948413 69 255 185
36.688381 78.302867 -4.388873 0 71 255
-31.763147 58.506658 6.386322 156 0 0
38.297285 -0.102156 5.746867 203 0 0
-51.342247 6.834576 -3.973294 0 102 255
70.071210 -47.797474 0.360998 165 255 89
-0.696719 -84.374223 0.105410 147 255 107
104.575342 -29.401475 -0.375118 111 255 143
63.628342 2.258284 1.773832 255 240 0
-5.132757 -52.322257 1.194718 227 255 27
113.438632 61.392114 5.757364 202 0 0
-42.501623 -80.779289 3.226735 255 133 0
-7.352407 -54.203681 2.170589 255 211 0
-34.566360 -45.978205 4.195009 255 62 0
-112.273387 72.164132 -4.604181 0 56 255
-45.483854 62.388824 4.765319 255 20 0
-102.933281 -58.374870 -5.751937 0 0 226
-92.399920 -9.407555 4.450326 255 43 0
-91.473375 -40.998496 -2.311489 0 224 255
-30.813931 77.253162 3.906314 255 83 0
13.497319 47.057561 -2.652938 0 199 255
15.934709 -82.469719 -2.254922 0 228 255
32.654298 -25.679595 1.883017 255 232 0
-75.010632 -85.184232 -0.782716 81 255 173
-50.486710 7.612710 -4.706759 0 48 255
-89.627921 -37.886607 -1.535588 26 255 228
97.301024 88.126636 1.530401 251 255 3
-82.304102 47.028301 -2.387356 0 218 255
31.647448 -22.089230 2.725639 255 170 0
-1.169342 49.504217 0.480088 174 255 80
-102.134259 67.573713 -6.084007 0 0 202
79.301944 80.059128 1.814256 255 237 0
1.636214 -27.210610 0.492931 175 255 79
14.492448 -21.256009 1.734774 255 243 0
60.114526 9.917610 2.500105 255 186 0
-46.618689 -30.312434 -0.464010 105 255 149
-26.927862 -65.904350 5.383124 230 0 0
-85.572341 68.251333 -3.808566 0 114 255
90.699657 9.240680 -4.714343 0 47 255
-28.302558 -36.061173 1.120014 221 255 33
83.696351 -86.854887 0.942455 208 255 46
84.510914 80.897497 2.197488 255 209 0
-22.601365 -59.911369 5.070831 252 0 0
23.184556 -12.512606 4.564781 255 35 0
-63.075302 85.142429 0.699396 190 255 64
-4.539683 -64.762922 1.100909 220 255 34
-44.351256 -16.878719 -3.308950 0 151 255
103.162103 -29.912725 -0.169345 126 255 128
40.720205 -55.640602 -5.656870 0 0 233
95.497351 8.606461 -5.257731 0 7 255
-60.274619 71.852987 2.082869 255 217 0
-70.358304 -62.258783 -0.079726 133 255 121
-119.529843 -33.030865 -0.285435 118 255 136
20.819957 70.957032 -5.068004 0 21 255
-49.454145 -9.713912 -4.211365 0 84 255
-54.083568 -83.094397 1.938823 255 228 0
-11.719133 -28.397510 -0.144026 128 255 126
16.319428 75.901448 -3.376056 0 146 255
60.286684 13.148002 1.473870 247 255 7
92.557139 84.460220 2.668811 255 174 0
-73.372081 -78.623383 -0.182901 125 255 129
-1.601326 -66.987478 1.053664 216 255 38
100.648881 65.612857 5.726429 204 0 0
-43.658667 -51.504923 4.718599 255 23 0
13.050854 -47.962183 -2.529259 0 208 255
-13.061471 -9.970996 -3.354624 0 147 255
59.715654 33.051467 0.106321 147 255 107
54.801576 -85.973805 -0.646987 91 255 163
-24.265893 -21.762071 -2.160608 0 235 255
-56.276768 -34.345138 0.246692 157 255 97
31.218505 2.969299 6.107143 176 0 0
104.235838 63.454234 6.053814 180 0 0
-23.614978 -45.929317 3.815992 255 90 0
-0.087179 -85.680111 -0.235187 122 255 132
-60.733723 -56.991926 1.917813 255 229 0
92.921946 64.467279 4.849360 255 14 0
-106.980390 -9.713294 5.449197 225 0 0
-28.530396 -50.027486 3.913823 255 83 0
-98.400748 -84.450196 -3.454873 0 140 255
-14.074313 44.170640 1.916120 255 229 0
23.972027 -13.311576 4.230527 255 59 0
-93.669390 45.087278 -3.158483 0 162 255
39.969619 -43.905760 -3.550751 0 133 255
-56.185611 18.643025 -2.368056 0 220 255
-69.406836 47.380631 0.346309 164 255 90
-38.895907 47.406715 4.228101 255 59 0
102.985332 88.729040 1.065435 217 255 37
91.701539 -88.708412 1.371085 240 255 14
-47.595955 24.535803 -1.993360 0 247 255
-112.505450 -36.122849 -1.770978 9 255 245
-96.461230 74.624851 -4.624374 0 54 255
-11.333526 -73.969173 2.761954 255 167 0
-113.875407 -35.504562 -1.719860 12 255 242
45.094052 -70.559185 -5.111246 0 18 255
23.727622 74.981167 -4.231947 0 83 255
-20.904709 61.050361 5.395774 229 0 0
-84.005259 2.446765 3.205662 255 135 0
109.343652 -1.280938 -5.771905 0 0 225
-31.649835 80.158825 3.737212 255 95 0
-60.819490 20.741113 -0.645122 91 255 163
116.411580 -48.887828 4.344587 255 51 0
60.153862 -47.823341 -1.535651 26 255 228
10.095832 -34.483816 -0.577529 96 255 158
-35.842991 -77.071912 5.151066 247 0 0
74.019424 16.033851 -0.693871 88 255 166
48.491948 -47.113974 -3.784772 0 116 255
92.258666 -25.148135 -2.124083 0 238 255
114.546298 -15.387095 -3.853526 0 111 255
19.201149 25.167074 1.221511 229 255 25
78.504327 13.579965 -1.536018 26 255 228
99.200582 -4.203996 -5.445329 0 0 249
-70.744685 40.885852 0.183008 152 255 102
30.688153 20.796476 3.556416 255 109 0
83.673339 -12.043572 -3.141156 0 163 255
71.869257 82.436445 0.137980 149 255 105
57.616040 32.381161 -0.622655 93 255 161
-9.711607 -72.313923 1.899734 255 231 0
87.603712 10.401082 -3.975028 0 102 255
-2.172148 -52.171189 -0.037152 136 255 118
-49.398869 -4.031044 -4.105185 0 92 255
-13.369795 -21.963429 -1.875781 1 255 253
77.886963 -84.741651 1.110842 220 255 34
-101.041086 -32.556935 -0.503586 102 255 152
-117.067439 56.699439 -5.220512 0 10 255
-104.817978 -44.980067 -3.351244 0 148 255
-88.067926 -55.905410 -4.232316 0 83 255
-64.309508 -82.697177 0.911026 206 255 48
-87.098060 -21.973357 2.117440 255 215 0
-115.603689 -76.014889 -4.322905 0 76 255
-55.282675 85.767357 1.828269 255 236 0
24.943459 48.565539 -4.342765 0 75 255
58.414609 -0.263507 3.078620 255 144 0
-6.443099 55.494677 1.419365 243 255 11
102.399868 -78.180475 4.493160 255 40 0
-109.598941 -55.655203 -5.640446 0 0 234
91.174505 49.686792 3.962594 255 79 0
-108.456739 -4.797544 5.675920 208 0 0
23.983109 -84.141758 -2.242130 0 229 255
-70.834017 -36.320318 -0.338156 114 255 140
52.183233 82.804282 -2.135480 0 237 255
59.324805 24.528801 0.680819 189 255 65
75.427855 -10.819015 -1.378274 38 255 216
-49.251035 -46.120817 3.211480 255 134 0
-82.084052 86.272249 -1.523262 27 255 227
62.463429 -10.839229 1.876517 255 232 0
44.886241 -84.533027 -3.098719 0 166 255
-10.910303 49.667862 2.466751 255 189 0
-16.288519 44.944973 2.741108 255 169 0
0.326308 -62.708331 0.846977 201 255 53
109.219799 14.164401 -4.647330 0 52 255
-89.632697 -30.708707 -0.115617 130 255 124
22.920847 -39.961725 -1.998158 0 247 255
85.983091 55.335704 3.740250 255 95 0
-95.567254 -81.259619 -3.257408 0 154 255
58.310909 47.194111 -2.331889 0 223 255
76.537604 -30.366705 0.146285 150 255 104
-60.341476 -40.251642 1.448541 245 255 9
-37.550786 64.624072 6.192899 170 0 0
-17.347613 6.771231 -3.956661 0 103 255
117.439636 -32.030617 0.164394 151 255 103
97.887848 69.491305 5.849280 195 0 0
102.830667 -12.340291 -4.115717 0 91 255
-32.016300 -62.920309 6.407987 154 0 0
92.306761 7.260721 -4.706071 0 48 255
-0.950881 -62.399576 0.551663 179 255 75
23.413115 -51.524820 -4.456235 0 66 255
38.219638 57.057040 -5.148890 0 15 255
56.940943 -30.147944 -0.098222 132 255 122
-39.616693 46.335986 3.506229 255 112 0
-30.667171 -81.425585 4.154085 255 65 0
-90.056826 10.879761 4.031523 255 74 0
88.781147 -79.006551 3.813900 255 90 0
-11.305272 -68.797244 2.856204 255 160 0
110.403880 -37.945361 1.401954 242 255 12
-56.515236 -87.961239 1.241685 230 255 24
30.758316 -4.797110 5.712139 205 0 0
119.271946 -85.892206 2.189777 255 209 0
47.717449 38.389921 -1.832642 4 255 250
94.911271 -89.162591 1.366723 239 255 15
103.875693 -30.409037 -0.359542 112 255 142
8.250218 37.810621 -1.059808 61 255 193
-76.287000 5.915945 2.007434 255 223 0
30.981668 1.669845 5.964451 187 0 0
36.571674 55.209770 -5.100317 0 19 255
-42.832147 59.684924 5.512193 220 0 0
-75.972336 35.661498 -0.005287 138 255 116
-36.425591 -63.480010 6.351452 158 0 0
67.231839 57.728200 -0.870569 75 255 179
-43.628170 -25.441646 -1.688330 15 255 239
70.846324 85.631176 0.606553 183 255 71
-32.979678 -34.430008 0.245458 157 255 97
72.666849 69.999804 0.837311 200 255 54
26.226108 -13.929894 4.093455 255 69 0
105.630211 72.918840 5.062161 253 0 0
-65.703873 52.335294 1.297091 234 255 20
64.915038 55.240349 -0.845480 77 255 177
-12.326682 -84.519445 1.767352 255 240 0
-70.586687 63.246475 0.130819 148 255 106
-80.013492 -26.816148 0.128584 148 255 106
-60.753690 -36.912682 0.781553 196 255 58
43.019058 -33.340722 -0.962668 68 255 186
83.938601 75.934469 3.141166 255 139 0
-47.112053 82.247478 3.155587 255 138 0
-38.495175 -83.786163 3.083235 255 144 0
-90.658272 29.226875 0.834342 200 255 54
7.055641 50.609686 -2.227498 0 230 255
-93.522117 49.290291 -3.867952 0 110 255
-44.652179 -89.670245 1.639613 255 250 0
97.472447 -28.659031 -2.085969 0 241 255
4.337380 17.662322 0.856555 202 255 52
-45.607508 -48.850241 4.351678 255 50 0
60.928062 -80.946826 -1.193638 51 255 203
-119.793764 2.356609 4.438080 255 44 0
57.308633 -82.197803 -2.039884 0 244 255
73.600816 -45.451780 0.781882 196 255 58
-3.169354 -71.830360 0.656251 187 255 67
-68.984527 24.830612 -0.745281 84 255 170
-66.309585 -74.992234 0.737005 193 255 61
96.039810 77.170503 4.415823 255 46 0
51.868008 -33.823260 -0.212636 123 255 131
113.700214 50.968612 4.582401 255 33 0
-74.074368 -50.525187 -0.861462 76 255 178
-19.173848 -86.172001 1.531523 251 255 3
67.686680 37.056209 0.063145 144 255 110
20.670934 6.512448 4.833881 255 15 0
-3.939775 87.428878 0.292035 160 255 94
-88.132796 -49.395735 -3.233514 0 156 255
106.211261 65.156793 5.876306 193 0 0
-69.085165 -46.841452 -0.215430 123 255 131
52.787012 4.828758 4.348317 255 51 0
24.925854 -55.003220 -4.745124 0 45 255
67.753055 81.170631 -0.689195 88 255 166
64.971042 12.994957 1.121418 221 255 33
-9.429459 -11.852712 -2.340328 0 222 255
9.119540 6.365004 2.438048 255 191 0
-101.245269 66.665574 -5.806398 0 0 222
60.278589 35.454584 -1.206376 50 255 204
-52.350428 -3.894542 -4.182576 0 87 255
-91.502105 34.426744 -1.381258 37 255 217
-109.473052 -71.549900 -5.619361 0 0 236
-49.812005 -13.567093 -3.718056 0 121 255
-88.608472 -31.708903 -0.331862 114 255 140
-79.444569 -33.682359 -0.878683 74 255 180
-23.091207 74.262541 3.983662 255 77 0
-36.871463 4.737869 -5.727680 0 0 228
-55.510016 89.435374 1.145572 223 255 31
-76.851148 -39.962123 -1.181699 52 255 202
26.473153 -7.239358 5.301060 236 0 0
9.440612 62.883739 -2.478942 0 212 255
-26.155666 73.746518 4.313119 255 53 0
-73.449321 29.579174 -0.244324 121 255 133
68.300322 -27.141384 -0.379619 111 255 143
-95.595234 37.866364 -1.445976 33 255 221
-28.227818 53.861452 4.170949 255 64 0
-70.406745 19.308226 -0.046549 135 255 119
54.166958 46.675287 -2.840318 0 185 255
8.454745 40.910753 -1.361607 39 255 215
98.438235 -51.352117 4.654343 255 28 0
40.008131 -45.003628 -3.800265 0 115 255
34.700168 -80.495697 -3.518043 0 135 255
-101.016029 83.665749 -2.768000 0 190 255
-117.227902 -78.765263 -3.632248 0 127 255
33.766527 46.329112 -3.792114 0 115 255
68.283290 -0.207016 -0.067658 134 255 120
86.858812 77.073802 3.645233 255 102 0
117.361734 -43.422361 3.002751 255 149 0
90.359239 82.873952 2.293119 255 202 0
12.618340 -65.707160 -3.803025 0 114 255
44.943425 -68.508531 -4.939194 0 31 255
-35.105897 4.772658 -6.009663 0 0 207
114.717709 -54.752556 5.772125 201 0 0
113.888297 -34.368941 1.202963 227 255 27
49.794681 -6.674494 3.980711 255 78 0
-64.384670 18.537805 -0.892985 73 255 181
15.002410 6.438254 3.327688 255 126 0
44.235841 63.339400 -5.311424 0 4 255
75.187690 -89.374466 0.239161 156 255 98
34.654389 60.426075 -6.052411 0 0 204
71.728771 -74.566468 0.468455 173 255 81
66.206191 -58.057693 -0.306494 116 255 138
36.767526 -75.370110 -4.798926 0 41 255
-92.193861 -20.130375 3.176163 255 137 0
56.972216 33.419235 -0.465072 105 255 149
-7.429809 -85.615428 0.896468 205 255 49
71.688534 -40.566394 -0.006013 138 255 116
-93.914148 -54.504792 -4.884744 0 35 255
-2.477500 -71.507093 0.425543 170 255 84
-43.823630 30.139505 -0.316030 116 255 138
-4.127032 18.300602 -1.321984 42 255 212
115.682790 -79.605982 3.578286 255 107 0
64.766230 -31.411032 0.365980 166 255 88
91.369646 -48.881826 3.400759 255 120 0
81.156031 -8.988132 -2.745264 0 192 255
-105.138812 -81.564063 -3.395501 0 144 255
53.093005 81.011486 -2.534722 0 208 255
58.539655 50.841395 -2.169517 0 234 255
61.810595 -19.911853 1.251702 231 255 23
-59.367487 -0.497392 -2.813624 0 187 255
-30.276434 61.269108 5.999017 184 0 0
35.457610 -34.260670 -0.089195 132 255 122
-54.746820 79.774313 2.577191 255 181 0
1.387688 59.483159 -0.101640 131 255 123
-21.122840 5.256856 -4.566848 0 58 255
-101.833155 -86.802850 -2.196743 0 232 255
-102.705438 87.672670 -2.042822 0 244 255
-70.650024 -34.204430 -0.783667 81 255 173
-10.978771 -60.694890 3.284492 255 129 0
99.668816 -30.602579 -0.403365 109 255 145
63.060123 -88.748419 -0.284641 118 255 136
-46.210920 -64.614973 4.838323 255 15 0
68.561968 -2.584884 0.159733 151 255 103
74.042815 -75.592436 1.003769 213 255 41
102.726578 -22.489340 -2.481486 0 212 255
48.447598 42.905082 -2.261230 0 228 255
28.129360 36.495425 -1.934654 0 252 255
40.919535 34.866116 -1.279658 45 255 209
-102.006145 61.411434 -5.669694 0 0 232
22.872149 -20.464068 2.054130 255 219 0
-109.873170 12.181036 5.118332 249 0 0
32.137450 -21.122927 3.105408 255 142 0
39.965951 12.016384 4.635114 255 30 0
-29.366027 0.008238 -6.076381 0 0 202
-78.292153 -70.208521 -2.056693 0 243 255
3.706532 33.839094 -0.386355 110 255 144
-82.415883 -17.179998 2.276494 255 203 0
-28.451757 -85.720790 2.071981 255 218 0
49.416838 69.541161 -4.524573 0 61 255
-112.298883 -39.713200 -2.139834 0 237 255
104.541397 -76.482320 4.699873 255 25 0
92.815111 -22.822234 -1.884943 0 255 254
-32.152728 -34.640393 0.917685 206 255 48
77.470413 6.126279 -1.527804 27 255 227
76.009880 41.675261 0.522318 177 255 77
50.392801 -25.057007 1.696804 255 245 0
-19.406838 25.261108 -1.441970 33 255 221
-33.062876 80.611507 2.994770 255 150 0
-71.203992 83.288726 0.536780 178 255 76
72.597054 -21.554418 -0.756370 83 255 171
41.209260 65.985858 -5.632074 0 0 235
112.254223 37.477767 1.488807 248 255 6
28.472772 -18.065685 3.370188 255 122 0
-119.008514 -38.651475 -2.017837 0 246 255
-71.908160 -31.308130 0.276795 159 255 95
-109.258114 -65.204048 -6.428534 0 0 176
-50.365916 -59.766516 4.190096 255 62 0
17.779353 -83.759157 -2.239627 0 229 255
12.409128 -74.268609 -2.829318 0 186 255
25.370210 10.359712 3.792646 255 91 0
-31.777662 -78.098286 4.128709 255 67 0
99.349372 59.182525 5.640399 211 0 0
-15.087962 54.924876 3.487507 255 114 0
-63.285198 73.593149 0.920589 207 255 47
-20.890182 69.460750 4.644176 255 29 0
-27.548763 22.211182 -2.968357 0 176 255
-76.806090 -66.248763 -1.846347 3 255 251
17.606889 -8.964092 3.835802 255 88 0
6.702400 33.259204 -0.896799 73 255 181
-116.418469 63.586155 -5.603005 0 0 237
